time,open,high,low,close,volume
2014-07-10,0.0,0.0,0.0,0.0,0.0
2014-07-11,0.0,0.0,0.0,0.0,0.0
2014-07-12,0.0,0.0,0.0,0.0,0.0
2014-07-13,0.0,0.0,0.0,0.0,0.0
2014-07-14,0.0,0.0,0.0,0.0,0.0
2014-07-15,0.0,0.0,0.0,0.0,0.0
2014-07-16,0.0,0.0,0.0,0.0,0.0
2014-07-17,0.0,0.0,0.0,0.0,0.0
2014-07-18,0.0,0.0,0.0,0.0,0.0
2014-07-19,0.0,0.0,0.0,0.0,0.0
2014-07-20,0.0,0.0,0.0,0.0,0.0
2014-07-21,0.0,0.0,0.0,0.0,0.0
2014-07-22,0.0,0.0,0.0,0.0,0.0
2014-07-23,0.0,0.0,0.0,0.0,0.0
2014-07-24,0.0,0.0,0.0,0.0,0.0
2014-07-25,0.0,0.0,0.0,0.0,0.0
2014-07-26,0.0,0.0,0.0,0.0,0.0
2014-07-27,0.0,0.0,0.0,0.0,0.0
2014-07-28,0.0,0.0,0.0,0.0,0.0
2014-07-29,0.0,0.0,0.0,0.0,0.0
2014-07-30,0.0,0.0,0.0,0.0,0.0
2014-07-31,0.0,0.0,0.0,0.0,0.0
2014-08-01,0.0,0.0,0.0,0.0,0.0
2014-08-02,0.0,0.0,0.0,0.0,0.0
2014-08-03,0.0,0.0,0.0,0.0,0.0
2014-08-04,0.0,0.0,0.0,0.0,0.0
2014-08-05,0.0,0.0,0.0,0.0,0.0
2014-08-06,0.0,0.0,0.0,0.0,0.0
2014-08-07,0.0,0.0,0.0,0.0,0.0
2014-08-08,0.0,0.0,0.0,0.0,0.0
2014-08-09,0.0,0.0,0.0,0.0,0.0
2014-08-10,0.0,0.0,0.0,0.0,0.0
2014-08-11,0.0,0.0,0.0,0.0,0.0
2014-08-12,0.0,0.0,0.0,0.0,0.0
2014-08-13,0.0,0.0,0.0,0.0,0.0
2014-08-14,0.0,0.0,0.0,0.0,0.0
2014-08-15,0.0,0.0,0.0,0.0,0.0
2014-08-16,0.0,0.0,0.0,0.0,0.0
2014-08-17,0.0,0.0,0.0,0.0,0.0
2014-08-18,0.0,0.0,0.0,0.0,0.0
2014-08-19,0.0,0.0,0.0,0.0,0.0
2014-08-20,0.0,0.0,0.0,0.0,0.0
2014-08-21,0.0,0.0,0.0,0.0,0.0
2014-08-22,0.0,0.0,0.0,0.0,0.0
2014-08-23,0.0,0.0,0.0,0.0,0.0
2014-08-24,0.0,0.0,0.0,0.0,0.0
2014-08-25,0.0,0.0,0.0,0.0,0.0
2014-08-26,0.0,0.0,0.0,0.0,0.0
2014-08-27,0.0,0.0,0.0,0.0,0.0
2014-08-28,0.0,0.0,0.0,0.0,0.0
2014-08-29,0.0,0.0,0.0,0.0,0.0
2014-08-30,0.0,0.0,0.0,0.0,0.0
2014-08-31,0.0,0.0,0.0,0.0,0.0
2014-09-01,0.0,0.0,0.0,0.0,0.0
2014-09-02,0.0,0.0,0.0,0.0,0.0
2014-09-03,0.0,0.0,0.0,0.0,0.0
2014-09-04,0.0,0.0,0.0,0.0,0.0
2014-09-05,0.0,0.0,0.0,0.0,0.0
2014-09-06,0.0,0.0,0.0,0.0,0.0
2014-09-07,0.0,0.0,0.0,0.0,0.0
2014-09-08,0.0,0.0,0.0,0.0,0.0
2014-09-09,0.0,0.0,0.0,0.0,0.0
2014-09-10,0.0,0.0,0.0,0.0,0.0
2014-09-11,0.0,0.0,0.0,0.0,0.0
2014-09-12,0.0,0.0,0.0,0.0,0.0
2014-09-13,0.0,0.0,0.0,0.0,0.0
2014-09-14,0.0,0.0,0.0,0.0,0.0
2014-09-15,0.0,0.0,0.0,0.0,0.0
2014-09-16,0.0,0.0,0.0,0.0,0.0
2014-09-17,0.0,0.0,0.0,0.0,0.0
2014-09-18,0.0,0.0,0.0,0.0,0.0
2014-09-19,0.0,0.0,0.0,0.0,0.0
2014-09-20,0.0,0.0,0.0,0.0,0.0
2014-09-21,0.0,0.0,0.0,0.0,0.0
2014-09-22,0.0,0.0,0.0,0.0,0.0
2014-09-23,0.0,0.0,0.0,0.0,0.0
2014-09-24,0.0,0.0,0.0,0.0,0.0
2014-09-25,0.0,0.0,0.0,0.0,0.0
2014-09-26,0.0,0.0,0.0,0.0,0.0
2014-09-27,0.0,0.0,0.0,0.0,0.0
2014-09-28,0.0,0.0,0.0,0.0,0.0
2014-09-29,0.0,0.0,0.0,0.0,0.0
2014-09-30,0.0,0.0,0.0,0.0,0.0
2014-10-01,0.0,0.0,0.0,0.0,0.0
2014-10-02,0.0,0.0,0.0,0.0,0.0
2014-10-03,0.0,0.0,0.0,0.0,0.0
2014-10-04,0.0,0.0,0.0,0.0,0.0
2014-10-05,0.0,0.0,0.0,0.0,0.0
2014-10-06,0.0,0.0,0.0,0.0,0.0
2014-10-07,0.0,0.0,0.0,0.0,0.0
2014-10-08,0.0,0.0,0.0,0.0,0.0
2014-10-09,0.0,0.0,0.0,0.0,0.0
2014-10-10,0.0,0.0,0.0,0.0,0.0
2014-10-11,0.0,0.0,0.0,0.0,0.0
2014-10-12,0.0,0.0,0.0,0.0,0.0
2014-10-13,0.0,0.0,0.0,0.0,0.0
2014-10-14,0.0,0.0,0.0,0.0,0.0
2014-10-15,0.0,0.0,0.0,0.0,0.0
2014-10-16,0.0,0.0,0.0,0.0,0.0
2014-10-17,0.0,0.0,0.0,0.0,0.0
2014-10-18,0.0,0.0,0.0,0.0,0.0
2014-10-19,0.0,0.0,0.0,0.0,0.0
2014-10-20,0.0,0.0,0.0,0.0,0.0
2014-10-21,0.0,0.0,0.0,0.0,0.0
2014-10-22,0.0,0.0,0.0,0.0,0.0
2014-10-23,0.0,0.0,0.0,0.0,0.0
2014-10-24,0.0,0.0,0.0,0.0,0.0
2014-10-25,0.0,0.0,0.0,0.0,0.0
2014-10-26,0.0,0.0,0.0,0.0,0.0
2014-10-27,0.0,0.0,0.0,0.0,0.0
2014-10-28,0.0,0.0,0.0,0.0,0.0
2014-10-29,0.0,0.0,0.0,0.0,0.0
2014-10-30,0.0,0.0,0.0,0.0,0.0
2014-10-31,0.0,0.0,0.0,0.0,0.0
2014-11-01,0.0,0.0,0.0,0.0,0.0
2014-11-02,0.0,0.0,0.0,0.0,0.0
2014-11-03,0.0,0.0,0.0,0.0,0.0
2014-11-04,0.0,0.0,0.0,0.0,0.0
2014-11-05,0.0,0.0,0.0,0.0,0.0
2014-11-06,0.0,0.0,0.0,0.0,0.0
2014-11-07,0.0,0.0,0.0,0.0,0.0
2014-11-08,0.0,0.0,0.0,0.0,0.0
2014-11-09,0.0,0.0,0.0,0.0,0.0
2014-11-10,0.0,0.0,0.0,0.0,0.0
2014-11-11,0.0,0.0,0.0,0.0,0.0
2014-11-12,0.0,0.0,0.0,0.0,0.0
2014-11-13,0.0,0.0,0.0,0.0,0.0
2014-11-14,0.0,0.0,0.0,0.0,0.0
2014-11-15,0.0,0.0,0.0,0.0,0.0
2014-11-16,0.0,0.0,0.0,0.0,0.0
2014-11-17,0.0,0.0,0.0,0.0,0.0
2014-11-18,0.0,0.0,0.0,0.0,0.0
2014-11-19,0.0,0.0,0.0,0.0,0.0
2014-11-20,0.0,0.0,0.0,0.0,0.0
2014-11-21,0.0,0.0,0.0,0.0,0.0
2014-11-22,0.0,0.0,0.0,0.0,0.0
2014-11-23,0.0,0.0,0.0,0.0,0.0
2014-11-24,0.0,0.0,0.0,0.0,0.0
2014-11-25,0.0,0.0,0.0,0.0,0.0
2014-11-26,0.0,0.0,0.0,0.0,0.0
2014-11-27,0.0,0.0,0.0,0.0,0.0
2014-11-28,0.0,0.0,0.0,0.0,0.0
2014-11-29,0.0,0.0,0.0,0.0,0.0
2014-11-30,0.0,0.0,0.0,0.0,0.0
2014-12-01,0.0,0.0,0.0,0.0,0.0
2014-12-02,0.0,0.0,0.0,0.0,0.0
2014-12-03,0.0,0.0,0.0,0.0,0.0
2014-12-04,0.0,0.0,0.0,0.0,0.0
2014-12-05,0.0,0.0,0.0,0.0,0.0
2014-12-06,0.0,0.0,0.0,0.0,0.0
2014-12-07,0.0,0.0,0.0,0.0,0.0
2014-12-08,0.0,0.0,0.0,0.0,0.0
2014-12-09,0.0,0.0,0.0,0.0,0.0
2014-12-10,0.0,0.0,0.0,0.0,0.0
2014-12-11,0.0,0.0,0.0,0.0,0.0
2014-12-12,0.0,0.0,0.0,0.0,0.0
2014-12-13,0.0,0.0,0.0,0.0,0.0
2014-12-14,0.0,0.0,0.0,0.0,0.0
2014-12-15,0.0,0.0,0.0,0.0,0.0
2014-12-16,0.0,0.0,0.0,0.0,0.0
2014-12-17,0.0,0.0,0.0,0.0,0.0
2014-12-18,0.0,0.0,0.0,0.0,0.0
2014-12-19,0.0,0.0,0.0,0.0,0.0
2014-12-20,0.0,0.0,0.0,0.0,0.0
2014-12-21,0.0,0.0,0.0,0.0,0.0
2014-12-22,0.0,0.0,0.0,0.0,0.0
2014-12-23,0.0,0.0,0.0,0.0,0.0
2014-12-24,0.0,0.0,0.0,0.0,0.0
2014-12-25,0.0,0.0,0.0,0.0,0.0
2014-12-26,0.0,0.0,0.0,0.0,0.0
2014-12-27,0.0,0.0,0.0,0.0,0.0
2014-12-28,0.0,0.0,0.0,0.0,0.0
2014-12-29,0.0,0.0,0.0,0.0,0.0
2014-12-30,0.0,0.0,0.0,0.0,0.0
2014-12-31,0.0,0.0,0.0,0.0,0.0
2015-01-01,0.0,0.0,0.0,0.0,0.0
2015-01-02,0.0,0.0,0.0,0.0,0.0
2015-01-03,0.0,0.0,0.0,0.0,0.0
2015-01-04,0.0,0.0,0.0,0.0,0.0
2015-01-05,0.0,0.0,0.0,0.0,0.0
2015-01-06,0.0,0.0,0.0,0.0,0.0
2015-01-07,0.0,0.0,0.0,0.0,0.0
2015-01-08,0.0,0.0,0.0,0.0,0.0
2015-01-09,0.0,0.0,0.0,0.0,0.0
2015-01-10,0.0,0.0,0.0,0.0,0.0
2015-01-11,0.0,0.0,0.0,0.0,0.0
2015-01-12,0.0,0.0,0.0,0.0,0.0
2015-01-13,0.0,0.0,0.0,0.0,0.0
2015-01-14,0.0,0.0,0.0,0.0,0.0
2015-01-15,0.0,0.0,0.0,0.0,0.0
2015-01-16,0.0,0.0,0.0,0.0,0.0
2015-01-17,0.0,0.0,0.0,0.0,0.0
2015-01-18,0.0,0.0,0.0,0.0,0.0
2015-01-19,0.0,0.0,0.0,0.0,0.0
2015-01-20,0.0,0.0,0.0,0.0,0.0
2015-01-21,0.0,0.0,0.0,0.0,0.0
2015-01-22,0.0,0.0,0.0,0.0,0.0
2015-01-23,0.0,0.0,0.0,0.0,0.0
2015-01-24,0.0,0.0,0.0,0.0,0.0
2015-01-25,0.0,0.0,0.0,0.0,0.0
2015-01-26,0.0,0.0,0.0,0.0,0.0
2015-01-27,0.0,0.0,0.0,0.0,0.0
2015-01-28,0.0,0.0,0.0,0.0,0.0
2015-01-29,0.0,0.0,0.0,0.0,0.0
2015-01-30,0.0,0.0,0.0,0.0,0.0
2015-01-31,0.0,0.0,0.0,0.0,0.0
2015-02-01,0.0,0.0,0.0,0.0,0.0
2015-02-02,0.0,0.0,0.0,0.0,0.0
2015-02-03,0.0,0.0,0.0,0.0,0.0
2015-02-04,0.0,0.0,0.0,0.0,0.0
2015-02-05,0.0,0.0,0.0,0.0,0.0
2015-02-06,0.0,0.0,0.0,0.0,0.0
2015-02-07,0.0,0.0,0.0,0.0,0.0
2015-02-08,0.0,0.0,0.0,0.0,0.0
2015-02-09,0.0,0.0,0.0,0.0,0.0
2015-02-10,0.0,0.0,0.0,0.0,0.0
2015-02-11,0.0,0.0,0.0,0.0,0.0
2015-02-12,0.0,0.0,0.0,0.0,0.0
2015-02-13,0.0,0.0,0.0,0.0,0.0
2015-02-14,0.0,0.0,0.0,0.0,0.0
2015-02-15,0.0,0.0,0.0,0.0,0.0
2015-02-16,0.0,0.0,0.0,0.0,0.0
2015-02-17,0.0,0.0,0.0,0.0,0.0
2015-02-18,0.0,0.0,0.0,0.0,0.0
2015-02-19,0.0,0.0,0.0,0.0,0.0
2015-02-20,0.0,0.0,0.0,0.0,0.0
2015-02-21,0.0,0.0,0.0,0.0,0.0
2015-02-22,0.0,0.0,0.0,0.0,0.0
2015-02-23,0.0,0.0,0.0,0.0,0.0
2015-02-24,0.0,0.0,0.0,0.0,0.0
2015-02-25,0.0,0.0,0.0,0.0,0.0
2015-02-26,0.0,0.0,0.0,0.0,0.0
2015-02-27,0.0,0.0,0.0,0.0,0.0
2015-02-28,0.0,0.0,0.0,0.0,0.0
2015-03-01,0.0,0.0,0.0,0.0,0.0
2015-03-02,0.0,0.0,0.0,0.0,0.0
2015-03-03,0.0,0.0,0.0,0.0,0.0
2015-03-04,0.0,0.0,0.0,0.0,0.0
2015-03-05,0.0,0.0,0.0,0.0,0.0
2015-03-06,0.0,0.0,0.0,0.0,0.0
2015-03-07,0.0,0.0,0.0,0.0,0.0
2015-03-08,0.0,0.0,0.0,0.0,0.0
2015-03-09,0.0,0.0,0.0,0.0,0.0
2015-03-10,0.0,0.0,0.0,0.0,0.0
2015-03-11,0.0,0.0,0.0,0.0,0.0
2015-03-12,0.0,0.0,0.0,0.0,0.0
2015-03-13,0.0,0.0,0.0,0.0,0.0
2015-03-14,0.0,0.0,0.0,0.0,0.0
2015-03-15,0.0,0.0,0.0,0.0,0.0
2015-03-16,0.0,0.0,0.0,0.0,0.0
2015-03-17,0.0,0.0,0.0,0.0,0.0
2015-03-18,0.0,0.0,0.0,0.0,0.0
2015-03-19,0.0,0.0,0.0,0.0,0.0
2015-03-20,0.0,0.0,0.0,0.0,0.0
2015-03-21,0.0,0.0,0.0,0.0,0.0
2015-03-22,0.0,0.0,0.0,0.0,0.0
2015-03-23,0.0,0.0,0.0,0.0,0.0
2015-03-24,0.0,0.0,0.0,0.0,0.0
2015-03-25,0.0,0.0,0.0,0.0,0.0
2015-03-26,0.0,0.0,0.0,0.0,0.0
2015-03-27,0.0,0.0,0.0,0.0,0.0
2015-03-28,0.0,0.0,0.0,0.0,0.0
2015-03-29,0.0,0.0,0.0,0.0,0.0
2015-03-30,0.0,0.0,0.0,0.0,0.0
2015-03-31,0.0,0.0,0.0,0.0,0.0
2015-04-01,0.0,0.0,0.0,0.0,0.0
2015-04-02,0.0,0.0,0.0,0.0,0.0
2015-04-03,0.0,0.0,0.0,0.0,0.0
2015-04-04,0.0,0.0,0.0,0.0,0.0
2015-04-05,0.0,0.0,0.0,0.0,0.0
2015-04-06,0.0,0.0,0.0,0.0,0.0
2015-04-07,0.0,0.0,0.0,0.0,0.0
2015-04-08,0.0,0.0,0.0,0.0,0.0
2015-04-09,0.0,0.0,0.0,0.0,0.0
2015-04-10,0.0,0.0,0.0,0.0,0.0
2015-04-11,0.0,0.0,0.0,0.0,0.0
2015-04-12,0.0,0.0,0.0,0.0,0.0
2015-04-13,0.0,0.0,0.0,0.0,0.0
2015-04-14,0.0,0.0,0.0,0.0,0.0
2015-04-15,0.0,0.0,0.0,0.0,0.0
2015-04-16,0.0,0.0,0.0,0.0,0.0
2015-04-17,0.0,0.0,0.0,0.0,0.0
2015-04-18,0.0,0.0,0.0,0.0,0.0
2015-04-19,0.0,0.0,0.0,0.0,0.0
2015-04-20,0.0,0.0,0.0,0.0,0.0
2015-04-21,0.0,0.0,0.0,0.0,0.0
2015-04-22,0.0,0.0,0.0,0.0,0.0
2015-04-23,0.0,0.0,0.0,0.0,0.0
2015-04-24,0.0,0.0,0.0,0.0,0.0
2015-04-25,0.0,0.0,0.0,0.0,0.0
2015-04-26,0.0,0.0,0.0,0.0,0.0
2015-04-27,0.0,0.0,0.0,0.0,0.0
2015-04-28,0.0,0.0,0.0,0.0,0.0
2015-04-29,0.0,0.0,0.0,0.0,0.0
2015-04-30,0.0,0.0,0.0,0.0,0.0
2015-05-01,0.0,0.0,0.0,0.0,0.0
2015-05-02,0.0,0.0,0.0,0.0,0.0
2015-05-03,0.0,0.0,0.0,0.0,0.0
2015-05-04,0.0,0.0,0.0,0.0,0.0
2015-05-05,0.0,0.0,0.0,0.0,0.0
2015-05-06,0.0,0.0,0.0,0.0,0.0
2015-05-07,0.0,0.0,0.0,0.0,0.0
2015-05-08,0.0,0.0,0.0,0.0,0.0
2015-05-09,0.0,0.0,0.0,0.0,0.0
2015-05-10,0.0,0.0,0.0,0.0,0.0
2015-05-11,0.0,0.0,0.0,0.0,0.0
2015-05-12,0.0,0.0,0.0,0.0,0.0
2015-05-13,0.0,0.0,0.0,0.0,0.0
2015-05-14,0.0,0.0,0.0,0.0,0.0
2015-05-15,0.0,0.0,0.0,0.0,0.0
2015-05-16,0.0,0.0,0.0,0.0,0.0
2015-05-17,0.0,0.0,0.0,0.0,0.0
2015-05-18,0.0,0.0,0.0,0.0,0.0
2015-05-19,0.0,0.0,0.0,0.0,0.0
2015-05-20,0.0,0.0,0.0,0.0,0.0
2015-05-21,0.0,0.0,0.0,0.0,0.0
2015-05-22,0.0,0.0,0.0,0.0,0.0
2015-05-23,0.0,0.0,0.0,0.0,0.0
2015-05-24,0.0,0.0,0.0,0.0,0.0
2015-05-25,0.0,0.0,0.0,0.0,0.0
2015-05-26,0.0,0.0,0.0,0.0,0.0
2015-05-27,0.0,0.0,0.0,0.0,0.0
2015-05-28,0.0,0.0,0.0,0.0,0.0
2015-05-29,0.0,0.0,0.0,0.0,0.0
2015-05-30,0.0,0.0,0.0,0.0,0.0
2015-05-31,0.0,0.0,0.0,0.0,0.0
2015-06-01,0.0,0.0,0.0,0.0,0.0
2015-06-02,0.0,0.0,0.0,0.0,0.0
2015-06-03,0.0,0.0,0.0,0.0,0.0
2015-06-04,0.0,0.0,0.0,0.0,0.0
2015-06-05,0.0,0.0,0.0,0.0,0.0
2015-06-06,0.0,0.0,0.0,0.0,0.0
2015-06-07,0.0,0.0,0.0,0.0,0.0
2015-06-08,0.0,0.0,0.0,0.0,0.0
2015-06-09,0.0,0.0,0.0,0.0,0.0
2015-06-10,0.0,0.0,0.0,0.0,0.0
2015-06-11,0.0,0.0,0.0,0.0,0.0
2015-06-12,0.0,0.0,0.0,0.0,0.0
2015-06-13,0.0,0.0,0.0,0.0,0.0
2015-06-14,0.0,0.0,0.0,0.0,0.0
2015-06-15,0.0,0.0,0.0,0.0,0.0
2015-06-16,0.0,0.0,0.0,0.0,0.0
2015-06-17,0.0,0.0,0.0,0.0,0.0
2015-06-18,0.0,0.0,0.0,0.0,0.0
2015-06-19,0.0,0.0,0.0,0.0,0.0
2015-06-20,0.0,0.0,0.0,0.0,0.0
2015-06-21,0.0,0.0,0.0,0.0,0.0
2015-06-22,0.0,0.0,0.0,0.0,0.0
2015-06-23,0.0,0.0,0.0,0.0,0.0
2015-06-24,0.0,0.0,0.0,0.0,0.0
2015-06-25,0.0,0.0,0.0,0.0,0.0
2015-06-26,0.0,0.0,0.0,0.0,0.0
2015-06-27,0.0,0.0,0.0,0.0,0.0
2015-06-28,0.0,0.0,0.0,0.0,0.0
2015-06-29,0.0,0.0,0.0,0.0,0.0
2015-06-30,0.0,0.0,0.0,0.0,0.0
2015-07-01,0.0,0.0,0.0,0.0,0.0
2015-07-02,0.0,0.0,0.0,0.0,0.0
2015-07-03,0.0,0.0,0.0,0.0,0.0
2015-07-04,0.0,0.0,0.0,0.0,0.0
2015-07-05,0.0,0.0,0.0,0.0,0.0
2015-07-06,0.0,0.0,0.0,0.0,0.0
2015-07-07,0.0,0.0,0.0,0.0,0.0
2015-07-08,0.0,0.0,0.0,0.0,0.0
2015-07-09,0.0,0.0,0.0,0.0,0.0
2015-07-10,0.0,0.0,0.0,0.0,0.0
2015-07-11,0.0,0.0,0.0,0.0,0.0
2015-07-12,0.0,0.0,0.0,0.0,0.0
2015-07-13,0.0,0.0,0.0,0.0,0.0
2015-07-14,0.0,0.0,0.0,0.0,0.0
2015-07-15,0.0,0.0,0.0,0.0,0.0
2015-07-16,0.0,0.0,0.0,0.0,0.0
2015-07-17,0.0,0.0,0.0,0.0,0.0
2015-07-18,0.0,0.0,0.0,0.0,0.0
2015-07-19,0.0,0.0,0.0,0.0,0.0
2015-07-20,0.0,0.0,0.0,0.0,0.0
2015-07-21,0.0,0.0,0.0,0.0,0.0
2015-07-22,0.0,0.0,0.0,0.0,0.0
2015-07-23,0.0,0.0,0.0,0.0,0.0
2015-07-24,0.0,0.0,0.0,0.0,0.0
2015-07-25,0.0,0.0,0.0,0.0,0.0
2015-07-26,0.0,0.0,0.0,0.0,0.0
2015-07-27,0.0,0.0,0.0,0.0,0.0
2015-07-28,0.0,0.0,0.0,0.0,0.0
2015-07-29,0.0,0.0,0.0,0.0,0.0
2015-07-30,0.0,0.0,0.0,0.0,0.0
2015-07-31,0.0,0.0,0.0,0.0,0.0
2015-08-01,0.0,0.0,0.0,0.0,0.0
2015-08-02,0.0,0.0,0.0,0.0,0.0
2015-08-03,0.0,0.0,0.0,0.0,0.0
2015-08-04,0.0,0.0,0.0,0.0,0.0
2015-08-05,0.0,0.0,0.0,0.0,0.0
2015-08-06,0.0,0.0,0.0,0.0,0.0
2015-08-07,0.7812,27.79,0.7809,2.773,148608.32
2015-08-08,2.773,2.581,0.5958,0.8076,583543.48
2015-08-09,0.8076,0.9581,0.6043,0.7428,547528.03
2015-08-10,0.7428,0.7628,0.599,0.6846,401107.09
2015-08-11,0.6846,1.165,0.6548,1.059,1567648.93
2015-08-12,1.059,1.294,0.8118,1.252,2255077.13
2015-08-13,1.252,2.013,1.102,1.781,4144356.12
2015-08-14,1.781,2.319,1.721,1.801,4020953.98
2015-08-15,1.801,1.856,1.499,1.656,2351072.72
2015-08-16,1.656,1.701,1.069,1.437,3453189.72
2015-08-17,1.437,1.594,1.144,1.195,1639187.47
2015-08-18,1.195,1.317,1.054,1.271,1714282.29
2015-08-19,1.271,1.287,1.13,1.263,1478394.44
2015-08-20,1.263,1.537,1.235,1.481,2895320.75
2015-08-21,1.481,1.573,1.334,1.438,1917846.87
2015-08-22,1.438,1.519,1.342,1.387,888366.17
2015-08-23,1.387,1.427,1.257,1.347,1556560.45
2015-08-24,1.347,1.296,1.177,1.244,851816.91
2015-08-25,1.244,1.312,1.106,1.166,1170023.4
2015-08-26,1.166,1.205,1.075,1.158,1051584.59
2015-08-27,1.158,1.166,1.112,1.132,616517.4
2015-08-28,1.132,1.207,1.153,1.186,656425.39
2015-08-29,1.186,1.188,1.145,1.18,361576.11
2015-08-30,1.18,1.375,1.161,1.327,1267478.81
2015-08-31,1.327,1.433,1.203,1.351,1381385.03
2015-09-01,1.351,1.39,1.322,1.35,707880.94
2015-09-02,1.35,1.366,1.257,1.288,831454.09
2015-09-03,1.288,1.305,1.187,1.259,676985.2
2015-09-04,1.259,1.322,1.243,1.273,442125.72
2015-09-05,1.273,1.342,1.283,1.32,389116.74
2015-09-06,1.32,1.371,1.288,1.301,444520.12
2015-09-07,1.301,1.311,1.226,1.242,439336.86
2015-09-08,1.242,1.277,1.224,1.23,360461.25
2015-09-09,1.23,1.256,1.184,1.207,348624.61
2015-09-10,1.207,1.216,1.121,1.162,585350.51
2015-09-11,1.162,1.18,0.9097,0.9754,1798821.7
2015-09-12,0.9754,1.109,0.9516,1.041,734047.02
2015-09-13,1.041,1.029,0.8938,0.9378,606998.31
2015-09-14,0.9378,0.9564,0.8612,0.8743,674159.56
2015-09-15,0.8743,0.9982,0.861,0.9436,673968.85
2015-09-16,0.9436,0.9473,0.8959,0.903,572627.81
2015-09-17,0.903,0.9248,0.821,0.8853,855838.66
2015-09-18,0.8853,0.8924,0.8257,0.8501,450401.13
2015-09-19,0.8501,0.917,0.8295,0.8882,370971.61
2015-09-20,0.8882,0.9454,0.8714,0.9403,471449.89
2015-09-21,0.9403,0.9474,0.8734,0.9019,402175.22
2015-09-22,0.9019,0.9401,0.8398,0.8963,447659.9
2015-09-23,0.8963,0.9065,0.8782,0.895,192752.01
2015-09-24,0.895,0.9245,0.7127,0.8142,769476.86
2015-09-25,0.8142,0.8301,0.6595,0.7408,838281.87
2015-09-26,0.7408,0.7884,0.6975,0.779,365596.54
2015-09-27,0.779,0.7884,0.7131,0.7219,393159.42
2015-09-28,0.7219,0.7479,0.5506,0.5879,1178655.8
2015-09-29,0.6,0.6816,0.5,0.6816,11590.73
2015-09-30,0.6607,0.7557,0.6259,0.7177,597290.48
2015-10-01,0.7177,0.7436,0.6166,0.6818,568748.8
2015-10-02,0.6818,0.6926,0.6472,0.6758,200108.14
2015-10-03,0.6758,0.7134,0.6745,0.6866,156657.69
2015-10-04,0.6866,0.6954,0.6602,0.6661,101882.7
2015-10-05,0.6661,0.6883,0.6189,0.6287,208300.12
2015-10-06,0.6287,0.6587,0.6016,0.6555,252874.0
2015-10-07,0.6555,0.659,0.5955,0.6116,195257.75
2015-10-08,0.6116,0.6419,0.5851,0.6205,293956.64
2015-10-09,0.6205,0.6955,0.6238,0.6489,358918.05
2015-10-10,0.6489,0.6602,0.6254,0.6269,138440.68
2015-10-11,0.6269,0.6483,0.6238,0.6342,84920.09
2015-10-12,0.6342,0.6556,0.6227,0.6274,105117.03
2015-10-13,0.6274,0.6414,0.5961,0.6033,270609.39
2015-10-14,0.6033,0.6228,0.4767,0.5112,868163.67
2015-10-15,0.5112,0.5781,0.5137,0.559,375497.73
2015-10-16,0.559,0.5915,0.5228,0.5318,234234.88
2015-10-17,0.5318,0.5726,0.523,0.5472,279667.3
2015-10-18,0.5472,0.5396,0.5084,0.5173,127754.19
2015-10-19,0.5173,0.5255,0.4796,0.4891,230187.76
2015-10-20,0.4891,0.5152,0.4286,0.4356,328014.51
2015-10-21,0.4356,0.4912,0.4156,0.4405,546179.45
2015-10-22,0.4405,0.6438,0.4254,0.5875,953444.19
2015-10-23,0.5875,0.6377,0.5009,0.5198,804988.1
2015-10-24,0.5198,0.5886,0.5244,0.5739,255956.81
2015-10-25,0.5739,0.6851,0.5622,0.6511,589347.28
2015-10-26,0.6511,0.8115,0.5988,0.7417,1090536.45
2015-10-27,0.7417,0.9149,0.7193,0.8692,1639901.14
2015-10-28,0.8692,1.107,0.8041,1.008,2034359.84
2015-10-29,1.008,1.234,0.9622,1.164,1861274.46
2015-10-30,1.164,1.343,0.9365,1.039,1993468.61
2015-10-31,1.039,1.012,0.8743,0.8929,484263.49
2015-11-01,0.8929,1.072,0.8968,1.05,489947.65
2015-11-02,1.05,1.206,0.9377,0.9639,968453.71
2015-11-03,0.9639,1.159,0.8826,0.9956,1814080.24
2015-11-04,0.9956,1.024,0.5741,0.8679,3081006.72
2015-11-05,0.8679,0.9847,0.7884,0.8898,1151192.74
2015-11-06,0.8898,0.9855,0.8276,0.9168,862513.6
2015-11-07,0.9168,0.962,0.8484,0.9165,846754.5
2015-11-08,0.9165,1.027,0.8784,1.019,955965.71
2015-11-09,1.019,1.154,0.9251,1.001,1879282.68
2015-11-10,1.001,0.9582,0.8629,0.9232,793736.27
2015-11-11,0.9232,0.8584,0.6914,0.7798,1132141.78
2015-11-12,0.7798,0.9274,0.7889,0.8924,772336.1
2015-11-13,0.8924,0.9139,0.8454,0.8922,363230.68
2015-11-14,0.8922,0.9154,0.8679,0.8855,185949.43
2015-11-15,0.8855,0.9136,0.8431,0.9006,221301.5
2015-11-16,0.9006,0.9721,0.8856,0.9375,472133.7
2015-11-17,0.9375,1.035,0.8976,0.9951,1043795.66
2015-11-18,0.9951,1.024,0.951,0.9943,585320.1
2015-11-19,0.9943,0.9847,0.9236,0.9502,293621.58
2015-11-20,0.9502,0.9512,0.8969,0.93,585286.64
2015-11-21,0.93,0.9871,0.9247,0.9712,427252.43
2015-11-22,0.9712,0.9874,0.9512,0.9616,341683.35
2015-11-23,0.9616,0.9728,0.9132,0.9425,407176.18
2015-11-24,0.9425,0.9442,0.8974,0.9098,395106.48
2015-11-25,0.9098,0.941,0.8516,0.863,668857.32
2015-11-26,0.863,0.9487,0.8051,0.8826,897660.25
2015-11-27,0.8826,0.9063,0.8495,0.8679,376499.19
2015-11-28,0.8679,0.9383,0.8579,0.9148,444549.26
2015-11-29,0.9148,0.9564,0.8629,0.8692,419928.08
2015-11-30,0.8692,0.9207,0.8383,0.875,750817.95
2015-12-01,0.875,0.8976,0.7779,0.8719,603969.71
2015-12-02,0.8719,0.8974,0.7837,0.8254,468575.3
2015-12-03,0.8254,0.832,0.7678,0.8226,506297.61
2015-12-04,0.8226,0.8622,0.7968,0.8412,230422.36
2015-12-05,0.8412,0.9079,0.843,0.8519,210667.59
2015-12-06,0.8519,0.8808,0.8202,0.8363,421616.49
2015-12-07,0.8363,0.8623,0.7755,0.7957,478495.03
2015-12-08,0.7957,0.8505,0.8004,0.8283,414207.11
2015-12-09,0.8283,0.8428,0.7555,0.7896,596773.35
2015-12-10,0.7896,0.8688,0.7824,0.8426,346161.78
2015-12-11,0.8426,0.9617,0.8385,0.9069,645314.02
2015-12-12,0.9069,1.039,0.8412,0.9709,1088584.84
2015-12-13,0.9709,0.9985,0.9202,0.9554,232479.01
2015-12-14,0.9554,1.022,0.9605,0.9888,484072.01
2015-12-15,0.9888,1.052,0.9947,1.013,524192.85
2015-12-16,1.013,1.009,0.9729,0.9897,291604.04
2015-12-17,0.9897,1.0,0.9033,0.9361,547675.56
2015-12-18,0.9361,0.9569,0.9027,0.9148,281536.63
2015-12-19,0.9148,0.9159,0.8749,0.9003,310892.24
2015-12-20,0.9003,0.96,0.8615,0.903,442531.53
2015-12-21,0.903,0.9303,0.8686,0.8918,476974.49
2015-12-22,0.8918,0.9103,0.8557,0.8671,377170.41
2015-12-23,0.8671,0.8862,0.8477,0.8508,314718.83
2015-12-24,0.8508,0.8815,0.843,0.8548,309030.2
2015-12-25,0.8548,0.875,0.8559,0.8659,133734.84
2015-12-26,0.8659,0.8706,0.7913,0.8511,321865.78
2015-12-27,0.8511,0.8748,0.8469,0.8511,61927.78
2015-12-28,0.8511,0.8633,0.8283,0.8418,132413.33
2015-12-29,0.8418,0.8733,0.8474,0.8686,192483.64
2015-12-30,0.8686,0.9436,0.8517,0.9038,551776.13
2015-12-31,0.9038,0.994,0.9012,0.9296,629543.8
2016-01-01,0.9296,0.9561,0.9279,0.9339,173269.55
2016-01-02,0.9339,0.965,0.9308,0.9316,241125.32
2016-01-03,0.9316,0.9915,0.9239,0.9695,382621.05
2016-01-04,0.9695,0.9793,0.9152,0.9516,296494.54
2016-01-05,0.9516,0.9668,0.9348,0.9504,196824.83
2016-01-06,0.9504,0.9728,0.934,0.9551,294332.58
2016-01-07,0.9551,1.036,0.9406,0.9493,580132.62
2016-01-08,0.9493,0.9959,0.9243,0.9854,498661.92
2016-01-09,0.9854,0.9984,0.9688,0.9849,202302.4
2016-01-10,0.9849,1.012,0.9749,0.9941,356889.34
2016-01-11,0.9941,1.07,0.9935,1.045,889724.43
2016-01-12,1.045,1.294,1.039,1.151,2737078.69
2016-01-13,1.151,1.166,1.073,1.131,929599.59
2016-01-14,1.131,1.168,1.092,1.163,689331.54
2016-01-15,1.163,1.28,1.004,1.217,3806281.0
2016-01-16,1.217,1.374,1.197,1.217,2224121.0
2016-01-17,1.217,1.31,1.189,1.307,1106906.71
2016-01-18,1.307,1.539,1.293,1.397,3996168.02
2016-01-19,1.397,1.447,1.178,1.365,2377171.01
2016-01-20,1.365,1.641,1.456,1.527,2591060.93
2016-01-21,1.527,1.559,1.403,1.554,1530213.89
2016-01-22,1.554,1.508,1.42,1.488,1425225.7
2016-01-23,1.488,2.052,1.511,2.014,7300350.96
2016-01-24,2.014,2.331,1.956,2.118,8857393.07
2016-01-25,2.118,2.69,2.02,2.47,10244900.14
2016-01-26,2.47,2.849,1.912,2.173,11560558.87
2016-01-27,2.173,2.629,2.066,2.407,6885749.64
2016-01-28,2.407,2.665,2.233,2.518,4869375.72
2016-01-29,2.518,2.692,2.264,2.487,6285218.84
2016-01-30,2.487,2.606,2.388,2.428,3604695.21
2016-01-31,2.428,2.476,2.129,2.345,5571417.72
2016-02-01,2.345,2.37,2.094,2.219,3666933.15
2016-02-02,2.219,2.447,2.14,2.409,3409443.46
2016-02-03,2.409,2.528,2.3,2.509,3819356.01
2016-02-04,2.509,2.698,2.507,2.578,3378608.46
2016-02-05,2.578,2.614,2.417,2.534,2520175.54
2016-02-06,2.534,2.558,2.455,2.53,1873178.49
2016-02-07,2.53,3.096,2.534,2.955,6544614.03
2016-02-08,2.955,3.251,2.833,3.199,8983856.83
2016-02-09,3.199,3.751,3.161,3.719,14792304.3
2016-02-10,3.719,4.942,3.657,4.453,28754750.82
2016-02-11,4.453,6.432,4.292,5.984,26592326.12
2016-02-12,5.984,6.736,5.05,5.503,19320770.58
2016-02-13,5.503,5.906,4.119,5.227,22273411.63
2016-02-14,5.227,5.632,4.46,5.126,10870035.31
2016-02-15,5.126,5.844,4.957,5.27,12842928.88
2016-02-16,5.27,5.552,3.922,4.337,14154031.42
2016-02-17,4.337,4.964,3.438,3.7,13717648.63
2016-02-18,3.7,5.006,3.41,4.328,15945519.65
2016-02-19,4.328,4.796,4.221,4.485,6734155.15
2016-02-20,4.485,5.008,4.135,4.293,8218685.86
2016-02-21,4.293,4.716,4.212,4.69,6070378.98
2016-02-22,4.69,5.674,4.632,5.643,13899655.09
2016-02-23,5.643,5.816,5.266,5.601,12521231.65
2016-02-24,5.601,6.252,5.47,6.142,10654705.79
2016-02-25,6.142,6.674,5.052,5.933,19385744.64
2016-02-26,5.933,6.307,5.705,5.935,8838047.81
2016-02-27,5.935,6.539,5.887,6.349,8279785.83
2016-02-28,6.349,6.729,6.323,6.439,9221924.97
2016-02-29,6.439,6.622,6.024,6.299,6939787.77
2016-03-01,6.299,7.991,6.211,7.626,21498912.47
2016-03-02,7.626,8.728,7.129,8.409,27760331.09
2016-03-03,8.409,10.01,8.202,9.482,37461689.49
2016-03-04,9.482,10.21,8.136,10.05,32813112.23
2016-03-05,10.05,12.35,9.369,11.07,50105075.21
2016-03-06,11.07,12.17,9.321,11.11,38248114.5
2016-03-07,11.11,11.97,9.227,9.438,29008085.54
2016-03-08,9.438,10.2,8.72,9.725,23488411.64
2016-03-09,9.725,12.12,9.588,11.9,25378854.26
2016-03-10,11.9,12.38,10.86,11.18,23850202.83
2016-03-11,11.18,11.57,10.28,11.21,19525768.58
2016-03-12,11.21,13.69,10.76,13.37,45017536.09
2016-03-13,13.37,15.33,13.31,14.96,37201013.82
2016-03-14,14.96,15.4,11.24,12.52,50165963.14
2016-03-15,12.52,13.21,11.75,12.89,28056240.95
2016-03-16,12.89,13.79,12.63,12.84,21009374.94
2016-03-17,12.84,12.94,10.29,10.98,37096164.34
2016-03-18,10.98,10.96,8.339,10.72,49915591.12
2016-03-19,10.72,11.23,9.747,10.44,24605328.38
2016-03-20,10.44,10.93,9.473,10.13,15885037.42
2016-03-21,10.13,12.01,10.07,11.89,26264925.29
2016-03-22,11.89,12.05,11.06,11.25,17112657.51
2016-03-23,11.25,12.4,11.18,12.38,16479410.25
2016-03-24,12.38,12.43,10.72,11.12,20897617.19
2016-03-25,11.12,11.42,10.43,10.63,12186360.96
2016-03-26,10.63,11.22,10.55,11.03,8604719.37
2016-03-27,11.03,11.31,9.986,10.35,15327139.62
2016-03-28,10.35,11.88,10.26,11.66,20721344.1
2016-03-29,11.66,11.96,11.03,11.74,15834772.52
2016-03-30,11.74,12.13,11.35,11.8,15376255.02
2016-03-31,11.8,12.06,11.17,11.34,10997306.52
2016-04-01,11.34,11.85,11.33,11.62,11351944.06
2016-04-02,11.62,11.7,11.31,11.53,8029594.39
2016-04-03,11.53,11.69,11.41,11.53,4877670.35
2016-04-04,11.53,11.59,10.99,11.12,7763634.69
2016-04-05,11.12,11.26,10.05,10.35,16620015.46
2016-04-06,10.35,10.9,10.18,10.72,13147215.3
2016-04-07,10.72,10.8,9.852,10.03,10353788.7
2016-04-08,10.03,10.26,9.436,9.72,12174475.84
2016-04-09,9.72,10.12,8.917,9.164,13916727.44
2016-04-10,9.156,9.199,7.352,8.803,1608160.22
2016-04-11,8.8,8.985,7.957,8.656,13592921.38
2016-04-12,8.656,8.72,7.114,7.509,20388044.33
2016-04-13,7.509,8.715,6.991,8.004,27755069.0
2016-04-14,8.004,8.841,7.972,8.396,11844445.8
2016-04-15,8.396,8.895,8.029,8.235,10913974.35
2016-04-16,8.235,8.666,8.046,8.575,8692831.3
2016-04-17,8.575,9.706,8.436,9.378,21329659.31
2016-04-18,9.378,9.516,8.46,8.913,19313038.76
2016-04-19,8.913,9.46,8.59,8.659,10781081.15
2016-04-20,8.659,8.973,8.228,8.55,13742490.17
2016-04-21,8.55,8.928,7.917,8.061,11334314.38
2016-04-22,8.061,8.322,7.619,7.797,12004680.07
2016-04-23,7.797,8.682,7.75,8.358,13401065.23
2016-04-24,8.358,8.584,7.911,7.952,9385296.45
2016-04-25,7.952,8.186,7.18,7.402,15521071.53
2016-04-26,7.402,7.642,7.046,7.381,16499793.66
2016-04-27,7.381,7.89,7.0,7.738,18059388.05
2016-04-28,7.738,8.14,7.216,7.243,9881631.99
2016-04-29,7.243,7.953,7.211,7.48,7961111.75
2016-04-30,7.515,9.492,7.46,8.832,1391614.2
2016-05-01,8.939,9.095,8.434,8.819,15368912.78
2016-05-02,8.819,10.46,8.635,10.15,37026967.16
2016-05-03,10.15,10.34,9.258,9.271,18097522.45
2016-05-04,9.271,10.02,9.103,9.366,16166238.2
2016-05-05,9.366,10.13,9.248,9.835,16189174.88
2016-05-06,9.835,10.26,8.952,9.237,18519753.36
2016-05-07,9.237,9.545,9.137,9.33,9609532.82
2016-05-08,9.33,9.684,8.864,9.496,13754659.31
2016-05-09,9.496,9.784,9.094,9.333,11045636.62
2016-05-10,9.333,9.464,8.983,9.311,8125138.07
2016-05-11,9.311,10.04,9.367,9.978,13431783.19
2016-05-12,9.978,10.62,9.875,10.13,20477283.62
2016-05-13,10.13,11.14,10.01,10.49,25243905.67
2016-05-14,10.49,10.67,9.718,10.22,16026861.5
2016-05-15,10.22,10.52,9.868,9.973,7934914.77
2016-05-16,9.973,11.66,9.884,11.11,24545516.49
2016-05-17,11.04,12.6,11.03,12.26,2752386.7
2016-05-18,12.26,14.35,12.11,13.29,3335939.49
2016-05-19,13.3,14.75,12.89,14.74,46939775.71
2016-05-20,14.74,15.08,13.28,13.73,41980143.15
2016-05-21,13.73,14.12,13.1,14.01,21125402.49
2016-05-22,14.01,14.42,13.64,14.27,15034035.18
2016-05-23,14.27,14.67,13.38,13.45,16674960.27
2016-05-24,13.45,13.81,11.9,12.62,2893203.8
2016-05-25,12.63,13.03,11.71,12.52,21678190.13
2016-05-26,12.52,13.15,12.02,12.53,16605864.12
2016-05-27,12.53,13.09,10.41,11.18,46612822.28
2016-05-28,11.18,13.14,10.83,11.73,38787362.74
2016-05-29,11.73,12.48,11.31,12.23,22521434.74
2016-05-30,12.23,12.87,12.06,12.66,11714294.13
2016-05-31,12.66,14.62,12.36,13.94,33690246.88
2016-06-01,13.94,14.67,13.4,13.83,16237035.14
2016-06-02,13.83,14.18,13.51,13.74,7737589.34
2016-06-03,13.74,14.69,13.04,13.82,18608033.48
2016-06-04,13.82,14.14,13.04,13.69,12747403.69
2016-06-05,13.69,14.22,13.45,14.0,8941150.79
2016-06-06,14.0,14.29,13.7,13.92,6249411.07
2016-06-07,13.92,14.65,13.45,14.38,16622123.92
2016-06-08,14.38,15.04,14.33,14.45,11533780.0
2016-06-09,14.45,14.68,14.13,14.32,5807494.76
2016-06-10,14.32,14.55,13.81,13.98,7094546.96
2016-06-11,13.98,14.31,13.83,13.92,8332677.16
2016-06-12,13.92,15.99,14.72,15.74,28178889.43
2016-06-13,15.74,17.7,16.09,17.56,22511783.14
2016-06-14,17.56,19.25,17.05,18.84,39781312.3
2016-06-15,18.84,19.36,18.01,18.42,11723743.21
2016-06-16,18.3,21.35,18.21,20.61,10598002.19
2016-06-17,20.61,21.39,13.44,15.49,38835782.61
2016-06-18,15.49,15.53,9.936,11.36,20282268.8
2016-06-19,11.36,13.53,10.55,12.33,7516494.48
2016-06-20,12.35,12.15,10.06,11.73,74163441.52
2016-06-21,11.73,13.05,10.66,12.71,58924282.33
2016-06-22,12.71,15.9,12.64,13.21,20239842.88
2016-06-23,13.14,14.61,13.34,13.58,23868250.38
2016-06-24,13.58,14.44,13.1,14.16,22655601.79
2016-06-25,14.16,14.5,13.7,14.17,10114491.79
2016-06-26,14.17,14.39,13.35,13.72,10022717.2
2016-06-27,13.72,14.36,13.67,13.83,7247252.76
2016-06-28,14.04,14.14,11.36,12.15,7059267.13
2016-06-29,12.19,13.05,11.52,12.73,17889099.41
2016-06-30,12.73,13.44,12.34,12.41,11799415.15
2016-07-01,12.41,12.56,11.62,12.3,13207699.27
2016-07-02,12.3,12.74,11.96,12.11,6833598.65
2016-07-03,12.11,12.01,11.33,11.74,7134398.14
2016-07-04,11.74,12.13,11.28,11.38,8260333.0
2016-07-05,11.34,11.41,8.976,10.45,6584753.12
2016-07-06,10.47,11.11,10.21,10.43,12309767.28
2016-07-07,10.43,10.31,9.529,10.03,10716900.61
2016-07-08,10.03,11.64,10.3,11.27,12116057.51
2016-07-09,11.27,11.34,10.69,10.92,10971784.54
2016-07-10,10.92,11.08,10.7,10.9,3839285.16
2016-07-11,10.9,10.92,10.18,10.46,9499396.48
2016-07-12,10.46,11.1,10.39,10.49,7409277.21
2016-07-13,10.49,10.6,10.27,10.44,5049013.96
2016-07-14,10.44,11.69,10.37,11.55,3803996.96
2016-07-15,11.55,12.64,11.4,11.88,5989467.51
2016-07-16,11.88,12.12,11.5,11.59,1741687.83
2016-07-17,11.59,11.73,10.9,11.19,4958378.98
2016-07-18,11.17,11.48,10.85,10.95,10599233.74
2016-07-19,11.03,12.1,10.95,11.63,4055734.52
2016-07-20,11.63,13.0,11.4,12.54,11258732.89
2016-07-21,12.54,12.92,12.02,12.66,5314646.39
2016-07-22,12.66,15.06,12.57,14.82,14161594.6
2016-07-23,14.82,15.27,13.99,14.4,7061906.87
2016-07-24,14.4,14.68,12.15,12.63,13418374.59
2016-07-25,12.63,13.88,12.59,13.84,5674967.8
2016-07-26,13.84,13.9,11.74,12.08,10981872.48
2016-07-27,12.08,13.52,11.73,13.05,5077547.65
2016-07-28,13.05,13.08,12.48,12.87,3121650.55
2016-07-29,12.83,12.94,12.54,12.84,7208428.36
2016-07-30,12.87,12.88,12.53,12.57,2030259.8
2016-07-31,12.49,12.28,11.22,11.82,15234160.66
2016-08-01,11.82,11.74,11.02,11.05,10728906.44
2016-08-02,11.04,11.2,7.033,8.295,10863339.0
2016-08-03,8.295,10.64,8.093,10.42,4834647.29
2016-08-04,10.42,11.53,10.25,11.21,2985961.17
2016-08-05,11.1,11.19,10.74,10.93,9438586.34
2016-08-06,10.93,11.18,10.5,10.91,10088160.79
2016-08-07,10.91,11.16,10.69,10.94,9812937.61
2016-08-08,10.98,11.49,10.83,11.29,2281375.46
2016-08-09,11.29,12.43,11.17,12.22,4071702.41
2016-08-10,12.22,12.67,11.86,12.22,5255819.87
2016-08-11,12.22,12.35,11.59,11.68,3016560.99
2016-08-12,11.68,12.04,11.58,11.78,2065414.17
2016-08-13,11.77,11.76,11.45,11.52,4861315.77
2016-08-14,11.52,11.44,11.07,11.17,5287993.65
2016-08-15,11.17,11.25,10.99,11.19,4124461.3
2016-08-16,11.19,11.56,11.05,11.16,4425489.66
2016-08-17,11.17,11.23,10.71,10.77,2530514.96
2016-08-18,10.74,11.04,10.69,10.74,3846376.18
2016-08-19,10.74,10.86,10.68,10.75,2964215.87
2016-08-20,10.71,11.35,10.68,11.28,1576304.59
2016-08-21,11.3,11.27,10.91,11.15,2820827.07
2016-08-22,11.15,11.44,11.03,11.11,4170452.13
2016-08-23,11.11,11.22,10.9,11.02,3657912.67
2016-08-24,11.02,11.19,10.94,11.01,2529685.57
2016-08-25,11.01,11.41,10.98,11.37,5322280.86
2016-08-26,11.37,11.52,11.19,11.3,3613095.0
2016-08-27,11.3,11.27,11.05,11.17,1520010.96
2016-08-28,11.19,11.21,10.98,10.99,793760.75
2016-08-29,10.94,11.15,10.69,10.93,5121007.27
2016-08-30,10.93,11.36,10.94,11.26,4492171.15
2016-08-31,11.26,11.63,11.09,11.59,6557474.75
2016-09-01,11.55,12.6,11.55,12.21,3084388.07
2016-09-02,12.15,12.37,11.92,12.08,6174928.67
2016-09-03,12.08,12.9,11.42,11.77,8989274.73
2016-09-04,11.77,12.06,11.52,11.69,4659577.95
2016-09-05,11.69,11.89,11.54,11.74,3864321.52
2016-09-06,11.74,11.84,11.44,11.66,4316362.2
2016-09-07,11.66,11.82,11.45,11.53,3831951.41
2016-09-08,11.53,11.89,11.15,11.35,7682691.27
2016-09-09,11.35,11.75,11.22,11.64,3722712.2
2016-09-10,11.64,12.11,11.52,12.1,3578980.04
2016-09-11,12.1,11.9,11.26,11.63,6481856.39
2016-09-12,11.63,11.98,11.55,11.92,4141919.99
2016-09-13,11.89,12.14,11.82,11.92,3108044.84
2016-09-14,11.91,11.98,11.69,11.92,3162486.4
2016-09-15,11.97,12.14,11.89,11.96,1642142.0
2016-09-16,11.96,12.81,11.89,12.61,2298783.41
2016-09-17,12.62,12.79,12.42,12.75,5007438.13
2016-09-18,12.83,13.0,12.21,12.39,2999604.47
2016-09-19,12.16,13.06,12.09,12.93,8394225.44
2016-09-20,12.93,14.75,12.92,14.72,4649566.46
2016-09-21,14.72,14.84,13.18,13.72,3597165.78
2016-09-22,13.72,13.84,12.37,13.11,3037294.65
2016-09-23,13.06,13.57,13.18,13.31,6197787.58
2016-09-24,13.36,13.4,12.63,12.91,1202185.53
2016-09-25,12.88,13.12,12.75,13.04,3712127.69
2016-09-26,13.04,13.37,12.76,12.8,4689861.89
2016-09-27,12.8,13.25,12.73,13.09,3845526.09
2016-09-28,13.09,13.54,13.02,13.25,4940334.85
2016-09-29,13.25,13.38,12.98,13.09,2748012.94
2016-09-30,13.09,13.43,13.04,13.22,3402883.93
2016-10-01,13.22,13.41,12.95,13.15,3828544.61
2016-10-02,13.15,13.36,13.03,13.19,2204800.38
2016-10-03,13.19,13.53,13.13,13.46,4647761.52
2016-10-04,13.46,13.51,13.15,13.28,4877385.64
2016-10-05,13.28,13.4,13.0,13.01,4768306.41
2016-10-06,13.01,13.14,12.6,12.82,6867826.65
2016-10-07,12.82,13.1,12.46,12.62,5093228.45
2016-10-08,12.68,12.76,12.04,12.24,1494626.67
2016-10-09,12.24,12.41,11.97,12.06,1339556.95
2016-10-10,12.06,12.15,11.6,11.74,2039638.55
2016-10-11,11.71,12.63,11.6,11.7,7127789.69
2016-10-12,11.7,12.09,11.56,11.72,5424704.5
2016-10-13,11.72,12.22,11.65,12.1,5522264.51
2016-10-14,12.1,12.17,11.76,11.9,2228641.61
2016-10-15,11.9,12.03,11.64,11.91,2419607.02
2016-10-16,11.91,12.09,11.84,11.88,1495257.36
2016-10-17,11.88,12.03,11.73,11.96,3323730.89
2016-10-18,11.98,12.92,11.93,12.5,2086531.11
2016-10-19,12.5,12.5,11.85,11.98,5638209.32
2016-10-20,11.98,12.28,11.91,12.0,3716194.51
2016-10-21,12.0,12.16,11.97,12.09,2037309.77
2016-10-22,12.09,12.6,11.94,12.09,3799996.42
2016-10-23,12.09,12.11,11.83,11.98,2342127.55
2016-10-24,11.98,12.02,11.85,11.85,1786985.32
2016-10-25,11.85,11.91,10.93,11.34,10737064.29
2016-10-26,11.34,12.01,11.22,11.5,4853259.16
2016-10-27,11.5,11.64,11.12,11.39,7212193.79
2016-10-28,11.39,11.62,10.79,11.01,7874955.67
2016-10-29,11.08,11.25,9.425,10.39,3189413.09
2016-10-30,10.32,11.51,10.04,11.21,11200884.57
2016-10-31,11.21,11.53,10.78,10.93,7827464.12
2016-11-01,10.93,11.49,10.15,10.71,14511901.13
2016-11-02,10.71,11.38,10.68,10.8,5893806.72
2016-11-03,10.8,11.17,9.903,10.9,9876268.24
2016-11-04,10.9,11.23,10.78,11.11,4746650.51
2016-11-05,11.11,11.16,10.88,11.04,2634787.19
2016-11-06,11.04,11.21,10.84,10.88,2639157.55
2016-11-07,10.88,11.09,10.73,10.87,2145891.01
2016-11-08,10.87,11.07,10.68,10.84,3010910.65
2016-11-09,10.84,11.03,9.977,10.67,9858444.68
2016-11-10,10.67,10.7,10.42,10.56,2344526.83
2016-11-11,10.56,10.62,10.22,10.29,3578886.39
2016-11-12,10.29,10.3,9.719,9.881,5558964.12
2016-11-13,9.881,10.57,9.61,10.11,6087244.55
2016-11-14,10.11,10.22,9.927,9.977,1891776.38
2016-11-15,9.977,10.33,9.835,10.19,3714713.69
2016-11-16,10.19,10.78,9.816,10.02,6360368.25
2016-11-17,10.02,10.11,9.699,9.935,3902175.04
2016-11-18,9.935,10.16,9.225,9.434,7011196.31
2016-11-19,9.434,9.797,9.393,9.618,2884629.24
2016-11-20,9.618,9.755,9.208,9.536,3355410.75
2016-11-21,9.536,9.732,9.438,9.57,1749724.14
2016-11-22,9.57,10.38,9.539,9.839,7314353.06
2016-11-23,9.839,9.982,9.634,9.738,2548772.18
2016-11-24,9.781,9.82,8.693,9.22,1867383.41
2016-11-25,9.184,9.832,9.196,9.373,4858862.81
2016-11-26,9.373,9.492,9.206,9.272,1676228.13
2016-11-27,9.336,9.335,8.644,8.909,1353644.97
2016-11-28,8.965,9.056,8.653,8.734,3241707.67
2016-11-29,8.665,8.711,7.8,8.178,2178363.36
2016-11-30,8.175,8.836,8.19,8.598,7197161.9
2016-12-01,8.598,8.738,8.264,8.437,3667780.29
2016-12-02,8.438,8.436,7.298,7.651,3086902.62
2016-12-03,7.651,8.13,7.437,7.901,1424715.57
2016-12-04,7.901,7.924,7.422,7.544,728686.35
2016-12-05,7.544,7.601,6.534,6.694,2211620.44
2016-12-06,6.694,7.8,5.971,7.612,4244346.39
2016-12-07,7.612,8.552,7.385,8.354,1716783.84
2016-12-08,8.354,8.899,8.195,8.298,1798741.61
2016-12-09,8.298,8.643,7.982,8.518,1200256.63
2016-12-10,8.518,8.576,8.013,8.087,862005.19
2016-12-11,8.104,8.293,8.009,8.217,3689169.28
2016-12-12,8.203,8.596,8.146,8.453,1036639.9
2016-12-13,8.493,8.527,8.286,8.356,2278931.04
2016-12-14,8.356,8.541,8.153,8.215,3336988.82
2016-12-15,8.225,8.282,7.669,7.755,1657356.88
2016-12-16,7.76,7.969,7.725,7.794,2324118.41
2016-12-17,7.853,7.866,7.471,7.66,931231.74
2016-12-18,7.66,7.943,7.661,7.887,596318.5
2016-12-19,7.867,7.881,7.539,7.591,2765107.49
2016-12-20,7.591,7.888,7.54,7.591,2789442.68
2016-12-21,7.591,8.049,7.795,7.873,5635752.23
2016-12-22,7.873,8.189,7.35,7.641,11215791.72
2016-12-23,7.641,8.143,7.085,7.14,13210441.42
2016-12-24,7.14,7.399,6.852,7.236,4771782.23
2016-12-25,7.236,7.499,7.113,7.164,5683707.18
2016-12-26,7.164,7.38,6.99,7.212,3481937.15
2016-12-27,7.212,7.552,6.959,7.142,5773603.49
2016-12-28,7.142,7.866,7.077,7.465,12314579.33
2016-12-29,7.574,8.509,7.494,8.214,3493858.63
2016-12-30,8.189,8.609,8.042,8.148,6626074.05
2016-12-31,8.162,8.227,7.923,8.054,1105687.52
2017-01-01,8.018,8.891,7.97,8.154,6963216.69
2017-01-02,8.154,8.568,7.964,8.317,7152179.49
2017-01-03,8.335,9.94,8.185,9.595,5292231.64
2017-01-04,9.639,11.5,10.24,11.0,22695239.44
2017-01-05,11.0,10.37,9.151,10.12,21602177.79
2017-01-06,10.12,10.32,8.924,10.1,19266514.89
2017-01-07,10.1,10.54,9.146,9.733,12766607.02
2017-01-08,9.733,10.35,9.486,10.17,7818502.79
2017-01-09,10.17,11.0,9.952,10.27,15160989.33
2017-01-10,10.27,10.76,10.15,10.5,6487770.94
2017-01-11,10.5,9.857,8.985,9.629,12566132.89
2017-01-12,9.629,10.24,9.64,9.713,7378708.8
2017-01-13,9.713,10.08,9.461,9.651,6166842.23
2017-01-14,9.651,9.827,9.385,9.721,3348997.07
2017-01-15,9.721,9.928,9.657,9.797,2265510.88
2017-01-16,9.797,9.878,9.432,9.556,3865513.42
2017-01-17,9.556,10.69,9.923,10.09,9301317.03
2017-01-18,10.09,10.27,9.784,10.1,4689414.15
2017-01-19,10.1,10.42,10.12,10.37,3628242.28
2017-01-20,10.37,10.81,10.3,10.57,5031740.22
2017-01-21,10.57,11.05,10.42,10.9,5540913.09
2017-01-22,10.91,11.01,10.6,10.71,1443235.01
2017-01-23,10.69,10.85,10.61,10.74,2842126.28
2017-01-24,10.74,10.64,10.37,10.54,2779240.09
2017-01-25,10.54,10.69,10.42,10.46,2679509.98
2017-01-26,10.46,10.76,10.44,10.63,4186947.91
2017-01-27,10.63,10.67,10.38,10.47,2975545.26
2017-01-28,10.47,10.63,10.36,10.55,2192074.04
2017-01-29,10.55,10.53,10.34,10.44,1177831.59
2017-01-30,10.47,10.77,10.42,10.62,1369992.2
2017-01-31,10.56,11.12,10.62,10.66,5283736.29
2017-02-01,10.66,11.0,10.49,10.65,6130828.84
2017-02-02,10.71,10.92,10.57,10.78,2738130.48
2017-02-03,10.78,10.95,10.55,10.95,2590189.72
2017-02-04,10.95,11.4,10.88,11.32,2507121.92
2017-02-05,11.32,11.32,11.07,11.25,1834203.1
2017-02-06,11.25,11.38,11.13,11.29,2001659.84
2017-02-07,11.32,11.55,11.26,11.45,1481700.25
2017-02-08,11.45,11.6,11.11,11.39,1842031.94
2017-02-09,11.36,11.08,10.38,10.89,8490915.75
2017-02-10,10.89,11.55,11.02,11.3,4990866.39
2017-02-11,11.3,11.57,11.23,11.38,2792195.37
2017-02-12,11.38,11.36,11.17,11.34,1997351.12
2017-02-13,11.34,11.42,11.15,11.3,2472783.05
2017-02-14,11.39,14.05,11.32,13.0,8633943.17
2017-02-15,13.0,13.68,12.63,12.97,3998609.0
2017-02-16,12.97,13.06,12.64,12.95,26181931.8
2017-02-17,12.78,13.03,12.48,12.66,4642891.0
2017-02-18,12.66,12.8,12.5,12.77,3486554.87
2017-02-19,12.77,12.86,12.62,12.74,2657002.69
2017-02-20,12.74,13.35,12.09,12.23,5873097.63
2017-02-21,12.23,13.12,12.52,12.67,6706706.28
2017-02-22,12.67,12.96,12.39,12.57,4184953.04
2017-02-23,12.69,13.3,12.64,13.13,2869257.92
2017-02-24,13.13,13.29,12.72,13.11,3472766.16
2017-02-25,13.01,13.77,12.59,13.51,7982720.03
2017-02-26,13.57,14.65,13.37,14.59,4621619.85
2017-02-27,14.59,16.09,14.3,15.55,8252909.85
2017-02-28,15.55,16.75,15.19,16.07,19857331.85
2017-03-01,16.07,17.65,15.68,17.55,13731714.76
2017-03-02,17.55,19.64,16.58,19.08,19994584.45
2017-03-03,19.08,21.06,17.81,19.48,24152328.49
2017-03-04,19.48,20.19,18.56,18.61,7413157.39
2017-03-05,18.61,19.4,18.1,19.22,5782306.44
2017-03-06,19.22,20.3,19.0,19.75,10247940.36
2017-03-07,19.75,19.81,18.52,18.91,11143090.95
2017-03-08,18.91,18.93,16.51,16.54,13176714.44
2017-03-09,16.54,18.13,15.94,17.71,9124768.56
2017-03-10,17.71,19.68,16.57,19.13,25211751.17
2017-03-11,19.13,21.64,18.72,21.45,16305702.25
2017-03-12,21.45,23.81,21.2,23.31,18139890.29
2017-03-13,23.31,31.04,23.3,28.45,62404918.78
2017-03-14,28.45,29.88,26.91,28.58,20686242.44
2017-03-15,28.58,35.32,28.31,35.18,41558801.55
2017-03-16,35.18,46.55,34.76,45.51,110340100.2
2017-03-17,45.51,54.88,34.55,44.48,126403905.93
2017-03-18,44.48,45.24,30.63,34.0,78375178.99
2017-03-19,34.0,45.55,33.4,43.12,66179861.75
2017-03-20,43.12,45.51,40.93,42.51,36051939.83
2017-03-21,42.51,43.8,41.68,42.67,20719388.86
2017-03-22,42.67,42.94,38.56,41.65,24709533.87
2017-03-23,41.65,44.26,40.59,43.2,23891682.97
2017-03-24,43.2,53.74,42.77,53.19,73808171.33
2017-03-25,53.12,55.7,48.48,50.74,114640132.41
2017-03-26,50.74,52.66,46.76,50.59,67641635.45
2017-03-27,50.59,55.76,47.66,49.04,58754289.17
2017-03-28,49.04,52.58,47.71,50.36,47182716.06
2017-03-29,50.25,53.97,50.08,53.07,38472526.6
2017-03-30,53.07,53.63,51.36,51.91,21489377.75
2017-03-31,51.91,52.22,46.83,49.91,37271970.09
2017-04-01,49.57,52.7,47.7,50.27,45810015.46
2017-04-02,50.27,51.93,40.09,47.92,67229687.11
2017-04-03,47.92,50.44,42.39,43.89,87492551.67
2017-04-04,43.89,46.33,40.52,44.31,78366125.15
2017-04-05,44.31,48.45,43.57,44.83,61191790.8
2017-04-06,44.83,47.86,40.04,43.03,84042206.05
2017-04-07,43.03,45.04,41.13,42.04,45399652.93
2017-04-08,42.04,48.97,41.66,44.24,39305044.42
2017-04-09,44.24,45.44,42.72,43.49,30702525.23
2017-04-10,43.72,44.57,42.49,43.74,9252478.8
2017-04-11,43.61,45.35,43.15,43.57,17374253.45
2017-04-12,43.74,47.89,43.26,46.38,22030599.81
2017-04-13,46.2,51.73,44.63,50.02,71633260.67
2017-04-14,50.02,50.22,45.89,47.23,38795618.02
2017-04-15,47.23,68.88,46.26,48.88,32778167.66
2017-04-16,48.88,48.99,47.32,48.21,13931966.59
2017-04-17,48.21,49.24,46.35,47.84,19928566.19
2017-04-18,47.94,50.25,47.75,49.88,22065841.78
2017-04-19,49.88,50.5,46.86,47.88,19057555.2
2017-04-20,47.78,50.22,47.58,49.35,33531702.45
2017-04-21,49.35,49.94,47.79,48.35,19079219.05
2017-04-22,48.35,49.54,47.7,48.32,15464979.3
2017-04-23,48.41,48.92,47.91,48.75,8709584.13
2017-04-24,48.75,50.41,48.72,49.94,12211894.49
2017-04-25,49.94,50.61,49.79,50.09,8566119.69
2017-04-26,50.09,54.61,50.01,53.28,28727738.92
2017-04-27,52.8,63.43,53.98,62.93,110297393.29
2017-04-28,62.93,73.09,62.04,71.05,156246632.59
2017-04-29,72.42,74.03,67.62,69.83,38785700.28
2017-04-30,68.75,79.82,69.45,78.72,100852217.79
2017-05-01,79.83,83.87,71.46,77.53,99260395.94
2017-05-02,75.18,79.8,71.24,75.97,86436090.05
2017-05-03,77.25,80.96,75.4,80.37,38833085.88
2017-05-04,80.37,95.31,79.34,94.55,84572615.78
2017-05-05,93.36,94.9,85.4,89.38,137972213.63
2017-05-06,90.79,95.6,90.56,94.82,30584898.98
2017-05-07,94.82,96.37,62.74,90.46,45495746.59
2017-05-08,90.67,97.47,86.57,86.82,108458294.34
2017-05-09,86.82,91.12,67.66,85.74,179878007.48
2017-05-10,85.74,92.7,83.92,86.21,68356784.68
2017-05-11,87.83,90.55,85.77,88.2,32402025.29
2017-05-12,88.2,90.57,83.15,85.15,37700850.86
2017-05-13,85.15,88.59,81.81,87.96,18579547.98
2017-05-14,87.96,89.7,86.33,88.72,14701160.35
2017-05-15,88.72,94.3,86.75,90.32,50259306.03
2017-05-16,90.32,92.18,85.68,87.8,38782037.85
2017-05-17,87.8,89.4,81.99,86.98,39565758.47
2017-05-18,86.98,96.1,86.69,95.88,46394766.22
2017-05-19,95.88,129.47,95.73,124.38,130687977.2
2017-05-20,124.1,133.73,119.8,121.94,131462348.21
2017-05-21,123.06,148.6,121.72,148.0,110402028.57
2017-05-22,148.0,181.46,133.38,160.39,274191653.75
2017-05-23,160.39,176.04,155.06,169.5,114242328.23
2017-05-24,169.5,201.15,167.81,193.03,175438578.03
2017-05-25,193.03,216.1,160.86,177.33,238787495.75
2017-05-26,177.33,197.67,141.56,162.83,180297613.5
2017-05-27,162.83,169.62,114.17,156.63,220037050.67
2017-05-28,156.51,182.36,156.51,172.86,127225150.79
2017-05-29,172.86,197.74,165.36,194.17,117364507.62
2017-05-30,194.17,232.08,185.83,228.58,259513540.14
2017-05-31,228.58,233.92,214.05,228.64,225740686.88
2017-06-01,228.64,235.52,208.0,220.7,188744370.55
2017-06-02,220.7,227.71,216.94,222.04,89635792.58
2017-06-03,222.86,232.91,217.1,223.74,138723103.95
2017-06-04,224.3,249.34,223.88,244.96,123696111.28
2017-06-05,244.96,248.62,241.5,247.75,83061054.37
2017-06-06,247.75,268.12,246.5,264.26,189040588.11
2017-06-07,264.26,264.8,246.17,255.77,115588722.19
2017-06-08,255.77,260.77,250.89,259.41,90124852.82
2017-06-09,259.41,279.14,259.36,279.11,121471877.23
2017-06-10,279.11,351.82,278.79,335.95,286877358.36
2017-06-11,335.95,351.21,314.39,339.68,215135870.25
2017-06-12,339.68,417.21,311.99,394.66,549683393.83
2017-06-13,394.66,399.5,359.7,388.09,260123720.89
2017-06-14,388.09,393.62,317.23,343.84,348212541.18
2017-06-15,343.84,351.94,260.78,344.68,602112721.79
2017-06-16,344.68,360.84,316.83,353.61,223997348.97
2017-06-17,353.61,368.33,342.85,368.1,134453789.41
2017-06-18,368.1,379.17,341.29,351.53,162855868.32
2017-06-19,351.53,361.5,348.66,358.2,106180717.99
2017-06-20,358.2,365.22,323.69,350.53,201343473.08
2017-06-21,350.53,352.83,138.5,325.3,305462617.14
2017-06-22,325.3,333.4,308.21,320.97,155828144.6
2017-06-23,320.97,331.53,319.62,326.85,78597250.89
2017-06-24,326.85,330.28,298.73,304.54,114491120.56
2017-06-25,304.54,309.98,253.3,279.36,222961091.7
2017-06-26,279.36,293.55,209.55,253.68,444174618.98
2017-06-27,253.68,286.64,211.47,286.14,346738914.6
2017-06-28,286.14,323.87,260.89,315.86,366875067.35
2017-06-29,315.86,322.28,285.89,292.9,249819374.85
2017-06-30,292.9,305.3,270.43,280.68,205409173.28
2017-07-01,280.68,281.81,253.18,261.0,214127111.59
2017-07-02,261.0,293.3,254.19,283.99,189730463.06
2017-07-03,283.99,284.31,272.64,276.41,139887958.58
2017-07-04,276.41,282.32,265.21,269.05,141480666.78
2017-07-05,269.05,274.03,253.7,266.0,162838117.13
2017-07-06,266.0,274.55,261.57,265.88,106470793.34
2017-07-07,265.88,266.25,236.16,240.94,171183446.25
2017-07-08,240.94,248.35,230.96,245.67,139823006.33
2017-07-09,245.67,251.79,236.59,237.72,76538488.68
2017-07-10,237.72,240.09,188.21,205.76,274808713.13
2017-07-11,205.76,216.16,175.21,190.55,368656185.14
2017-07-12,190.55,227.06,181.62,224.15,289483936.34
2017-07-13,224.15,226.66,193.2,205.41,196303864.51
2017-07-14,205.41,207.07,182.62,197.14,181470096.09
2017-07-15,197.14,198.71,168.95,169.1,176484014.55
2017-07-16,169.1,171.91,132.64,155.42,374176884.45
2017-07-17,155.42,190.26,154.25,189.97,352420261.18
2017-07-18,189.97,256.89,177.42,227.09,642203465.55
2017-07-19,227.09,244.02,187.21,194.41,576048989.06
2017-07-20,194.41,235.86,194.41,226.33,504434488.1
2017-07-21,226.33,236.62,209.46,216.33,233383296.53
2017-07-22,216.33,236.55,215.3,230.47,151128752.55
2017-07-23,230.47,234.17,220.3,228.32,128301932.65
2017-07-24,228.32,229.56,224.04,225.48,90165893.98
2017-07-25,225.48,225.98,192.64,203.59,285374761.65
2017-07-26,203.59,209.29,193.1,202.88,161659275.04
2017-07-27,202.88,205.68,198.93,202.93,102009361.91
2017-07-28,202.93,203.93,189.77,191.21,123425467.06
2017-07-29,191.21,209.57,177.69,206.14,192325102.02
2017-07-30,206.14,209.88,194.12,196.78,110586575.75
2017-07-31,196.78,201.78,190.53,201.33,103641349.39
2017-08-01,201.33,232.55,201.27,225.9,314260050.78
2017-08-02,225.9,228.98,215.71,218.12,122967812.49
2017-08-03,218.12,228.08,217.84,224.39,93201219.53
2017-08-04,224.39,227.45,219.73,220.6,87804496.93
2017-08-05,220.6,258.47,219.72,253.09,251531536.79
2017-08-06,253.09,272.22,251.79,264.56,219315844.17
2017-08-07,264.56,274.39,257.41,269.94,158590573.11
2017-08-08,269.94,299.55,266.94,296.51,229459233.36
2017-08-09,296.51,314.75,279.1,295.28,439031586.16
2017-08-10,295.24,310.18,289.22,298.28,173781086.18
2017-08-11,298.28,310.36,295.94,309.32,146799311.1
2017-08-12,309.32,319.14,303.71,308.02,198463746.02
2017-08-13,308.02,308.87,288.04,296.62,209757139.86
2017-08-14,296.62,306.3,294.74,299.16,138516552.98
2017-08-15,299.16,299.71,271.38,286.52,209502360.98
2017-08-16,286.52,303.29,280.66,301.38,143590085.64
2017-08-17,301.38,310.43,298.19,300.3,141776697.36
2017-08-18,300.3,306.52,287.17,292.62,155333057.71
2017-08-19,292.62,298.79,283.65,293.02,133331931.88
2017-08-20,293.02,298.78,288.48,298.2,86214711.32
2017-08-21,298.2,345.44,294.93,321.85,371320147.37
2017-08-22,321.85,329.39,293.09,313.37,255666010.62
2017-08-23,313.37,325.1,313.16,317.4,136793702.05
2017-08-24,317.4,328.65,315.94,325.28,113467892.46
2017-08-25,325.28,337.24,324.69,330.06,142040413.42
2017-08-26,330.06,334.7,325.9,332.86,70828266.3
2017-08-27,332.86,347.92,332.8,347.88,113661914.42
2017-08-28,347.88,350.5,335.41,347.66,155518324.93
2017-08-29,347.66,375.18,347.24,372.35,245077133.04
2017-08-30,372.35,390.64,367.41,383.86,247280361.72
2017-08-31,383.86,389.64,380.89,388.33,129260777.23
2017-09-01,388.33,395.3,386.71,391.42,192664622.13
2017-09-02,391.42,392.04,328.87,351.03,392672123.64
2017-09-03,351.03,370.5,336.37,352.45,220213614.9
2017-09-04,352.45,352.45,279.95,303.7,518097340.34
2017-09-05,303.7,324.37,275.97,317.94,285969365.42
2017-09-06,317.94,341.77,317.82,338.92,207751167.29
2017-09-07,338.92,338.92,323.36,335.37,145609934.39
2017-09-08,335.37,335.39,293.12,306.72,307973324.88
2017-09-09,306.72,309.07,293.71,303.79,127930167.28
2017-09-10,303.79,305.76,280.7,299.21,179819553.2
2017-09-11,299.21,308.3,288.6,297.95,149130023.67
2017-09-12,297.95,316.38,285.75,294.1,212949898.74
2017-09-13,294.1,294.39,257.16,275.84,328829086.33
2017-09-14,275.84,280.65,222.06,223.14,448360655.12
2017-09-15,223.14,267.7,200.75,259.57,601118554.63
2017-09-16,259.57,272.43,245.74,254.49,213735353.14
2017-09-17,254.49,265.78,239.98,258.4,129073620.3
2017-09-18,258.4,300.69,258.36,297.53,316944028.29
2017-09-19,297.53,299.91,275.94,283.0,211173075.81
2017-09-20,283.0,293.74,277.72,283.56,119360306.75
2017-09-21,283.56,287.13,252.22,257.77,213821119.8
2017-09-22,257.77,270.74,254.28,262.94,128332019.33
2017-09-23,262.94,286.72,259.58,286.14,111790766.56
2017-09-24,286.14,294.54,276.25,282.6,129812958.5
2017-09-25,282.6,297.01,282.48,294.89,125825077.84
2017-09-26,294.89,295.89,287.01,288.64,77729398.68
2017-09-27,288.64,312.64,287.83,309.97,155862803.45
2017-09-28,309.97,310.24,298.18,302.77,116142194.54
2017-09-29,302.77,303.54,279.79,292.58,189289895.65
2017-09-30,292.58,305.91,292.32,302.77,82819424.09
2017-10-01,302.77,304.79,295.44,303.95,66161942.23
2017-10-02,303.95,304.13,293.34,296.81,87144370.37
2017-10-03,296.81,299.92,286.86,291.81,88276884.19
2017-10-04,291.81,295.57,288.56,291.68,67580849.1
2017-10-05,291.68,297.47,286.73,294.99,59328523.56
2017-10-06,294.99,309.0,293.75,308.33,80140194.73
2017-10-07,308.33,314.12,304.63,311.26,83321062.1
2017-10-08,311.26,313.52,308.13,309.49,67801593.66
2017-10-09,309.49,310.14,286.52,296.95,140753204.93
2017-10-10,296.95,305.95,292.28,298.46,80475858.44
2017-10-11,298.46,305.12,297.18,302.86,67246675.44
2017-10-12,302.86,308.77,301.65,302.89,130357482.76
2017-10-13,302.89,347.7,298.29,336.83,325130767.69
2017-10-14,336.83,347.14,333.83,338.81,118217861.14
2017-10-15,338.81,341.93,318.35,336.58,154046243.07
2017-10-16,336.58,352.39,332.9,334.23,170532984.7
2017-10-17,334.23,334.42,310.57,316.14,133468389.3
2017-10-18,316.14,316.34,287.95,313.54,164595270.46
2017-10-19,313.54,316.38,304.63,307.41,92233614.25
2017-10-20,307.41,312.11,301.86,303.08,91295399.0
2017-10-21,303.08,303.09,290.92,299.55,91321527.88
2017-10-22,299.55,305.89,290.69,294.03,67955886.57
2017-10-23,294.03,294.25,274.96,285.27,121924456.19
2017-10-24,285.27,311.23,280.01,296.5,165128705.67
2017-10-25,296.5,300.36,289.46,296.35,72454123.85
2017-10-26,296.35,299.37,292.7,295.54,47625722.81
2017-10-27,295.54,298.9,292.24,296.36,45180916.86
2017-10-28,296.37,297.05,291.11,293.35,41932396.96
2017-10-29,293.33,311.3,292.06,304.04,107293933.23
2017-10-30,304.04,311.94,303.58,306.8,57189166.5
2017-10-31,306.8,310.86,303.4,303.64,65784953.81
2017-11-01,303.63,304.77,288.5,289.42,121046164.14
2017-11-02,289.42,293.03,276.89,284.92,200255173.09
2017-11-03,284.92,307.14,284.85,304.51,144510264.39
2017-11-04,304.51,304.65,294.05,300.04,82749431.95
2017-11-05,299.26,302.16,287.68,295.8,132557109.84
2017-11-06,296.22,306.8,292.26,296.82,112601694.96
2017-11-07,296.82,303.76,287.45,291.84,155572238.28
2017-11-08,291.84,319.2,290.55,307.35,245218193.52
2017-11-09,307.35,329.21,305.84,319.66,207473774.31
2017-11-10,319.67,324.22,288.96,296.86,242321395.52
2017-11-11,296.86,320.05,296.26,314.23,163117794.2
2017-11-12,314.23,317.22,297.48,306.02,269198764.73
2017-11-13,306.02,318.58,305.35,314.6,174789178.94
2017-11-14,314.6,337.15,314.45,334.72,256426287.76
2017-11-15,334.72,345.18,324.88,331.2,171713343.53
2017-11-16,331.2,334.85,321.9,330.32,157426941.16
2017-11-17,330.32,334.55,325.83,331.72,124992568.47
2017-11-18,331.72,349.46,326.83,346.65,141724984.0
2017-11-19,346.65,371.32,343.89,354.6,225946121.64
2017-11-20,354.67,372.82,354.28,367.71,167626773.14
2017-11-21,367.71,372.87,351.41,360.52,251898109.93
2017-11-22,360.52,381.61,359.97,380.84,164317320.01
2017-11-23,380.83,424.92,375.44,406.57,414164352.05
2017-11-24,406.51,478.38,400.18,470.43,394452948.4
2017-11-25,470.4,483.38,457.41,464.61,301212841.34
2017-11-26,464.55,471.5,451.12,470.54,172973289.85
2017-11-27,470.45,489.43,462.47,475.24,319587125.58
2017-11-28,475.2,478.46,459.91,466.27,258005286.21
2017-11-29,466.24,515.44,409.35,427.42,619578824.65
2017-11-30,427.3,460.81,396.14,434.85,438013592.75
2017-12-01,435.31,467.22,416.77,461.58,259931075.6
2017-12-02,461.58,471.39,449.69,457.96,214732551.78
2017-12-03,457.96,481.56,445.57,462.81,237918665.66
2017-12-04,462.92,472.16,446.64,466.93,189877684.96
2017-12-05,466.93,467.84,451.47,453.96,227246572.43
2017-12-06,453.96,456.87,413.13,422.48,470223347.34
2017-12-07,422.39,434.85,404.16,421.15,416652301.63
2017-12-08,420.76,461.1,410.33,451.74,479837604.63
2017-12-09,451.78,507.36,448.09,472.86,522718280.71
2017-12-10,472.31,472.78,428.3,436.49,307733091.95
2017-12-11,436.54,519.35,436.01,513.29,359245523.6
2017-12-12,513.36,678.25,499.57,656.52,997267993.61
2017-12-13,656.52,755.07,593.89,699.09,1324617349.11
2017-12-14,699.09,751.68,662.29,693.58,806129945.07
2017-12-15,693.58,696.89,614.33,684.27,633348317.08
2017-12-16,684.09,718.37,678.52,692.83,378863163.02
2017-12-17,692.32,732.45,691.95,717.71,381124251.98
2017-12-18,717.73,799.37,679.8,785.99,752383737.04
2017-12-19,786.17,868.89,767.59,812.5,1094688835.82
2017-12-20,812.5,830.2,713.75,799.17,889990388.6
2017-12-21,799.17,840.55,759.65,789.39,725479885.52
2017-12-22,789.39,794.16,490.28,657.83,1535685091.41
2017-12-23,657.81,747.53,651.1,700.44,468771914.78
2017-12-24,700.44,701.07,597.12,675.91,477777689.82
2017-12-25,676.08,747.36,671.71,723.14,382873119.5
2017-12-26,721.24,840.14,731.1,753.48,721022543.95
2017-12-27,753.44,766.53,706.67,739.94,352542483.1
2017-12-28,739.93,741.46,671.23,716.69,437323299.68
2017-12-29,716.69,755.2,710.2,739.6,392497843.64
2017-12-30,739.6,741.67,663.88,692.99,455555629.24
2017-12-31,690.91,767.31,726.31,741.27,668939244.64
2018-01-01,741.69,766.49,718.9,757.22,689729274.59
2018-01-02,756.17,882.61,756.17,861.97,949013949.18
2018-01-03,861.97,951.7,847.9,941.1,778108786.12
2018-01-04,941.0,997.44,901.03,944.83,780050914.4
2018-01-05,944.5,1165.81,926.75,963.88,1621948065.55
2018-01-06,963.88,1056.96,958.73,1008.36,983833688.41
2018-01-07,1006.41,1117.84,1003.21,1117.75,602250144.77
2018-01-08,1117.75,1228.25,967.84,1136.11,1292737991.11
2018-01-09,1136.11,1300.3,1133.7,1289.24,986697724.1
2018-01-10,1289.24,1385.22,1210.85,1248.99,1445484601.88
2018-01-11,1248.96,1333.92,1100.85,1139.32,1270849838.43
2018-01-12,1139.32,1287.06,1087.61,1261.03,704750432.94
2018-01-13,1261.06,1422.86,1261.01,1385.02,744906594.35
2018-01-14,1385.02,1389.32,1267.48,1359.48,610496132.15
2018-01-15,1359.38,1381.35,1271.07,1278.69,537797572.32
2018-01-16,1278.7,1282.27,864.23,1050.26,1931700742.0
2018-01-17,1050.26,1115.66,764.75,1024.69,2034010888.99
2018-01-18,1024.9,1093.9,949.56,1012.97,1117430433.28
2018-01-19,1012.97,1083.62,982.62,1037.36,517599347.75
2018-01-20,1037.36,1164.62,1036.82,1150.5,545646401.81
2018-01-21,1150.5,1150.57,1008.06,1049.09,543760385.27
2018-01-22,1049.09,1084.28,917.0,999.64,676845706.25
2018-01-23,999.75,1020.66,908.31,984.47,660805261.99
2018-01-24,984.48,1062.6,956.97,1061.78,521553676.55
2018-01-25,1061.61,1102.42,1022.2,1046.37,568607934.27
2018-01-26,1046.37,1075.59,987.13,1048.58,509049582.65
2018-01-27,1048.58,1121.9,1033.86,1109.08,395059716.61
2018-01-28,1109.08,1240.47,1101.62,1231.58,662174309.95
2018-01-29,1231.57,1240.32,1151.53,1169.96,515965244.78
2018-01-30,1169.94,1173.18,1034.72,1063.75,835962532.22
2018-01-31,1063.77,1122.98,1020.77,1111.31,550605628.52
2018-02-01,1111.29,1155.58,954.75,1026.19,1033001644.78
2018-02-02,1026.19,1027.66,746.67,917.47,1606436956.8
2018-02-03,917.47,997.6,845.18,970.87,552868551.93
2018-02-04,970.87,971.05,781.36,827.59,666593264.45
2018-02-05,826.34,857.82,629.08,695.08,1272929187.15
2018-02-06,695.05,801.73,564.19,785.01,1556542861.3
2018-02-07,785.16,858.28,718.28,751.81,895500139.13
2018-02-08,751.86,844.86,750.02,813.55,510550202.1
2018-02-09,813.55,880.22,781.5,877.88,469210004.25
2018-02-10,877.66,909.32,816.09,850.75,451412405.8
2018-02-11,850.99,853.74,780.13,811.24,308313754.16
2018-02-12,811.17,874.85,811.09,865.27,300521830.64
2018-02-13,865.28,867.6,823.77,840.98,256092877.9
2018-02-14,840.99,922.37,840.87,920.11,470132510.11
2018-02-15,920.11,947.53,905.65,927.95,454133646.5
2018-02-16,927.95,945.36,909.41,938.02,282763877.2
2018-02-17,937.92,974.83,934.95,974.77,276682460.01
2018-02-18,974.78,981.48,905.96,913.9,375068724.24
2018-02-19,913.9,955.62,911.6,939.79,218921662.11
2018-02-20,939.79,958.86,877.28,885.52,344672330.06
2018-02-21,885.52,906.56,818.12,840.1,445950029.99
2018-02-22,840.19,871.32,788.92,804.63,362800754.34
2018-02-23,804.61,882.42,787.97,854.7,340134173.18
2018-02-24,854.7,874.72,810.64,833.49,255866976.42
2018-02-25,833.49,849.52,818.55,840.28,171228507.8
2018-02-26,840.28,880.12,834.06,867.62,247282448.05
2018-02-27,868.77,904.05,865.91,871.1,399626963.81
2018-02-28,871.1,867.06,828.51,853.31,399035131.55
2018-03-01,853.31,905.94,868.12,872.05,368630733.52
2018-03-02,871.73,881.35,853.3,857.06,398617272.5
2018-03-03,857.06,890.74,855.89,855.89,382666170.06
2018-03-04,855.89,891.25,858.34,867.2,333345981.96
2018-03-05,867.17,865.15,838.49,845.58,358832100.49
2018-03-06,845.21,819.97,789.7,815.14,393264235.1
2018-03-07,815.65,825.32,726.38,751.13,354361800.99
2018-03-08,751.13,772.51,688.84,698.83,289838564.8
2018-03-09,698.83,730.46,642.06,726.92,409323870.51
2018-03-10,726.76,747.82,678.65,682.3,203802606.28
2018-03-11,682.3,735.01,663.58,720.36,206098889.64
2018-03-12,720.37,739.87,678.13,697.02,208107856.0
2018-03-13,697.0,714.19,679.19,689.96,194913670.75
2018-03-14,689.96,703.38,586.7,613.15,325415119.18
2018-03-15,613.15,620.43,572.11,610.56,342311699.48
2018-03-16,610.66,626.13,585.16,600.53,221082941.44
2018-03-17,600.53,609.94,543.28,549.79,208843294.98
2018-03-18,549.79,559.93,454.18,537.38,719812876.35
2018-03-19,537.38,559.07,515.84,555.55,418500605.22
2018-03-20,555.55,567.0,516.78,557.57,331343470.55
2018-03-21,557.57,590.2,545.48,559.91,277714049.38
2018-03-22,559.91,578.01,516.22,539.89,233985932.96
2018-03-23,539.89,543.84,506.79,543.83,225200086.3
2018-03-24,543.84,546.01,519.51,520.16,129350391.02
2018-03-25,520.17,535.77,513.63,523.01,111462284.91
2018-03-26,522.97,526.2,467.48,486.25,278656813.48
2018-03-27,486.14,491.92,446.42,448.78,328179170.99
2018-03-28,448.78,465.2,440.35,445.93,187271233.18
2018-03-29,445.93,448.5,380.35,383.9,472575968.96
2018-03-30,383.96,411.17,364.99,393.82,450253373.58
2018-03-31,393.83,421.05,389.99,394.07,243062846.9
2018-04-01,394.07,399.59,359.22,378.85,236013242.51
2018-04-02,378.85,394.12,375.8,384.68,156793473.63
2018-04-03,384.68,426.84,380.71,415.93,223508235.85
2018-04-04,415.93,417.11,370.66,378.65,223170178.92
2018-04-05,378.65,387.56,367.15,381.36,160332018.27
2018-04-06,381.43,385.78,363.51,370.35,133748822.09
2018-04-07,370.35,397.1,369.66,384.98,108165642.16
2018-04-08,384.98,404.22,384.98,400.72,107956653.97
2018-04-09,400.72,431.23,387.98,399.02,271803047.82
2018-04-10,399.02,418.27,391.84,415.65,129335600.11
2018-04-11,415.65,433.44,410.97,430.42,167561896.24
2018-04-12,430.39,498.08,414.03,493.95,450834363.9
2018-04-13,493.95,528.95,482.1,494.96,470945268.74
2018-04-14,494.96,514.66,487.72,502.79,191073028.98
2018-04-15,502.79,534.31,502.79,534.15,243926045.87
2018-04-16,534.16,537.48,499.17,511.67,249996040.92
2018-04-17,511.67,522.07,500.48,503.03,195195626.75
2018-04-18,503.03,526.61,501.7,525.78,178681435.05
2018-04-19,525.78,570.18,521.83,567.25,267530654.45
2018-04-20,567.25,622.14,557.98,617.16,410498449.5
2018-04-21,617.17,625.15,576.09,605.17,294264369.95
2018-04-22,605.17,644.29,591.81,621.33,270504773.22
2018-04-23,621.33,648.41,619.57,644.13,238556831.22
2018-04-24,644.13,711.64,644.06,703.35,538337384.08
2018-04-25,703.4,703.9,592.59,617.73,903686072.96
2018-04-26,617.62,665.97,600.35,661.45,387845424.34
2018-04-27,661.41,686.05,640.74,643.33,323944620.57
2018-04-28,643.12,693.47,640.09,683.02,238423753.67
2018-04-29,683.02,698.95,665.28,689.31,216606354.66
2018-04-30,689.31,693.63,663.28,670.04,248315675.69
2018-05-01,670.04,674.62,628.29,670.81,355270695.23
2018-05-02,670.81,690.86,662.13,686.74,255558720.87
2018-05-03,686.74,787.57,685.92,777.62,588164727.16
2018-05-04,777.78,804.63,759.67,784.21,427563922.79
2018-05-05,784.19,827.44,780.08,816.58,315600160.75
2018-05-06,816.59,834.3,753.51,790.39,374541870.07
2018-05-07,790.39,794.86,690.91,752.4,828032480.2
2018-05-08,752.39,775.38,720.36,747.79,380893335.71
2018-05-09,747.79,759.91,709.78,751.27,341691727.41
2018-05-10,751.27,767.22,722.65,723.61,287536989.76
2018-05-11,723.63,735.97,665.49,677.8,518848404.01
2018-05-12,677.8,690.88,638.47,683.64,324590855.24
2018-05-13,683.64,740.02,669.96,729.34,274037817.61
2018-05-14,729.34,741.82,685.75,727.41,453297981.45
2018-05-15,727.41,738.53,695.3,705.64,287313625.77
2018-05-16,705.64,710.26,676.6,706.72,251185347.62
2018-05-17,706.71,718.31,661.81,668.38,244822300.73
2018-05-18,668.41,694.35,657.7,693.57,238310952.16
2018-05-19,693.57,716.86,683.0,696.05,161222563.27
2018-05-20,696.05,722.71,687.86,715.15,165135550.67
2018-05-21,716.45,710.37,694.96,699.84,294835584.77
2018-05-22,696.73,698.46,638.35,640.84,287275714.36
2018-05-23,641.12,649.59,564.32,577.01,549177930.28
2018-05-24,577.01,609.0,544.19,602.59,426679791.16
2018-05-25,602.66,615.92,568.65,584.77,281427114.77
2018-05-26,584.77,607.81,578.43,585.76,146794781.23
2018-05-27,585.76,590.88,555.2,569.64,223422108.46
2018-05-28,569.64,574.52,500.81,512.03,387811928.1
2018-05-29,512.03,572.47,510.91,566.59,348565933.16
2018-05-30,566.7,585.23,542.08,557.12,254739325.61
2018-05-31,557.12,585.92,553.42,577.23,236501539.67
2018-06-01,577.23,589.26,564.46,579.01,202265552.5
2018-06-02,579.01,599.53,574.36,590.53,171480785.55
2018-06-03,590.53,628.06,590.3,619.04,157840093.86
2018-06-04,619.03,625.95,580.07,591.31,201486274.14
2018-06-05,591.31,612.99,576.47,608.23,193989055.5
2018-06-06,608.2,611.67,593.1,606.3,158835369.59
2018-06-07,606.3,616.0,598.6,604.44,170556871.85
2018-06-08,605.56,604.79,596.7,600.67,256868828.86
2018-06-09,600.67,596.51,590.65,594.86,250081141.71
2018-06-10,593.35,593.35,501.68,524.74,345313063.24
2018-06-11,524.73,535.79,509.82,531.15,264673809.14
2018-06-12,531.15,539.34,484.7,494.53,279956302.81
2018-06-13,494.53,501.67,450.05,476.3,357167683.26
2018-06-14,476.3,526.64,460.01,519.83,440112742.52
2018-06-15,519.83,521.18,483.02,487.51,255304825.57
2018-06-16,487.51,503.28,483.99,497.22,119611543.34
2018-06-17,498.14,500.48,493.57,496.93,235070149.99
2018-06-18,496.84,524.65,487.72,517.63,172442291.23
2018-06-19,517.63,547.94,515.02,538.45,197307560.17
2018-06-20,538.45,541.8,517.15,536.16,176897556.23
2018-06-21,536.44,540.34,520.04,525.76,293559267.69
2018-06-22,525.74,525.84,450.04,462.16,364779786.29
2018-06-23,462.16,481.06,456.24,474.18,139553623.02
2018-06-24,474.18,476.19,421.01,455.25,315576348.72
2018-06-25,455.25,473.27,445.53,458.82,212246797.67
2018-06-26,458.81,461.18,429.38,429.58,204035202.41
2018-06-27,429.89,446.12,419.84,441.75,182343321.78
2018-06-28,441.75,443.51,417.62,420.72,149788331.82
2018-06-29,420.7,441.87,405.01,435.25,227564744.34
2018-06-30,435.26,462.56,435.16,453.42,168467579.81
2018-07-01,453.56,453.56,447.66,451.09,208187546.62
2018-07-02,451.96,481.83,444.31,476.58,195332556.42
2018-07-03,476.58,486.76,459.78,461.95,182372293.25
2018-07-04,461.79,481.79,451.46,467.19,163295006.64
2018-07-05,467.19,478.44,458.37,467.55,182403445.13
2018-07-06,467.55,475.67,451.95,469.93,139284675.17
2018-07-07,469.93,489.33,461.85,485.81,119595512.22
2018-07-08,485.82,495.23,482.23,486.19,133102164.85
2018-07-09,486.19,487.91,469.0,471.48,137591337.89
2018-07-10,471.48,473.06,427.82,432.69,250532493.85
2018-07-11,432.69,447.09,425.13,445.59,141230265.35
2018-07-12,445.94,439.25,430.12,431.12,304661945.46
2018-07-13,431.13,438.52,429.42,432.97,441417097.33
2018-07-14,432.96,438.69,433.73,434.42,427808808.57
2018-07-15,434.39,452.24,440.09,450.34,406351224.28
2018-07-16,450.4,484.04,473.12,480.2,501160123.06
2018-07-17,480.2,523.27,498.95,499.83,637218460.6
2018-07-18,499.83,506.8,476.82,479.85,701451796.55
2018-07-19,479.77,487.08,467.94,468.91,503177807.26
2018-07-20,468.89,460.28,443.63,449.13,504014253.33
2018-07-21,449.13,468.17,451.66,461.13,350061167.46
2018-07-22,461.13,464.49,454.79,457.98,366940894.62
2018-07-23,457.9,477.74,447.64,449.73,372528398.55
2018-07-24,449.73,497.45,475.79,478.39,549786533.58
2018-07-25,478.39,475.34,461.21,471.99,461543419.25
2018-07-26,472.0,466.79,457.19,462.98,402683586.82
2018-07-27,463.05,482.79,464.38,469.94,316551280.56
2018-07-28,469.94,473.36,466.85,468.75,307304708.38
2018-07-29,468.66,469.26,464.91,466.3,302088737.1
2018-07-30,466.3,466.28,454.51,456.22,434017720.46
2018-07-31,456.31,434.57,420.88,431.71,351353991.41
2018-08-01,431.97,435.63,407.92,419.87,180870688.86
2018-08-02,420.27,419.05,409.1,411.36,379881312.39
2018-08-03,411.28,418.65,403.52,417.76,353047478.91
2018-08-04,417.76,411.18,386.19,407.32,301931009.33
2018-08-05,407.32,412.33,406.35,409.37,293842254.25
2018-08-06,409.38,407.23,400.63,405.7,285802073.75
2018-08-07,405.7,393.04,372.26,378.32,354474623.82
2018-08-08,377.94,380.36,347.7,355.57,268260157.35
2018-08-09,355.67,373.88,363.22,364.33,351605181.28
2018-08-10,364.33,347.3,330.44,332.28,399736298.56
2018-08-11,332.26,337.66,311.88,318.62,439604301.32
2018-08-12,318.62,326.07,317.92,318.55,351826518.53
2018-08-13,318.21,322.3,281.06,284.03,221289324.59
2018-08-14,284.03,284.03,250.45,278.31,331398930.74
2018-08-15,278.31,304.72,276.86,281.24,278662361.27
2018-08-16,281.24,298.84,278.02,286.8,153825432.04
2018-08-17,286.8,318.31,285.34,317.57,221725330.97
2018-08-18,317.57,321.17,283.02,294.85,161954925.25
2018-08-19,294.73,308.33,296.43,300.53,296397938.73
2018-08-20,300.6,291.74,269.79,271.61,307550133.58
2018-08-21,271.62,285.93,275.87,281.78,290443104.43
2018-08-22,281.13,299.0,259.61,270.37,212669541.08
2018-08-23,270.62,282.02,274.44,276.66,258655205.59
2018-08-24,276.67,284.46,279.9,282.04,332746155.15
2018-08-25,281.98,283.89,277.61,278.22,267771441.99
2018-08-26,278.22,277.22,273.46,274.81,350431503.6
2018-08-27,274.81,288.32,281.75,287.9,351281578.75
2018-08-28,287.91,297.06,289.19,296.21,371030937.14
2018-08-29,296.14,295.48,288.57,289.2,330652824.01
2018-08-30,289.19,288.7,280.02,284.57,343178582.16
2018-08-31,284.57,286.42,274.82,282.06,311291530.07
2018-09-01,282.06,300.24,277.84,295.77,282823839.63
2018-09-02,295.77,301.91,293.07,295.12,285941271.68
2018-09-03,295.12,294.44,287.31,289.42,339899082.77
2018-09-04,289.42,294.5,284.03,285.73,283130619.79
2018-09-05,285.23,287.54,226.12,228.27,279599544.57
2018-09-06,228.27,232.78,211.18,229.52,273642406.8
2018-09-07,229.8,229.8,215.31,215.69,317001424.27
2018-09-08,215.74,213.16,192.45,197.23,342269080.57
2018-09-09,196.77,208.38,185.01,195.99,158079940.67
2018-09-10,195.78,202.45,189.92,197.2,303974212.47
2018-09-11,197.13,199.12,175.96,185.15,175106713.96
2018-09-12,185.15,185.15,167.6,183.03,245547248.93
2018-09-13,183.03,214.92,183.03,211.27,329648784.19
2018-09-14,211.27,223.98,202.8,208.87,312268002.01
2018-09-15,208.87,227.67,208.38,221.63,168167381.91
2018-09-16,221.62,223.42,207.9,220.12,129504097.06
2018-09-17,220.12,225.58,192.51,196.04,334881838.36
2018-09-18,196.04,214.68,194.0,208.39,208223203.44
2018-09-19,208.39,215.34,197.43,209.78,209614073.37
2018-09-20,209.78,228.89,206.97,224.76,179337694.48
2018-09-21,224.76,252.21,221.25,247.69,324152515.33
2018-09-22,247.83,250.66,236.22,240.79,409452093.96
2018-09-23,240.79,246.59,237.68,244.51,397419376.76
2018-09-24,244.52,240.83,226.14,228.05,374933135.5
2018-09-25,227.92,227.92,202.9,219.2,274370639.08
2018-09-26,219.2,222.62,207.31,214.21,167260754.49
2018-09-27,214.21,234.2,210.05,229.09,175768934.72
2018-09-28,229.09,234.06,214.97,221.56,196588546.04
2018-09-29,221.56,237.16,213.33,231.32,169490766.55
2018-09-30,231.59,237.33,229.58,232.82,293929555.6
2018-10-01,232.89,233.0,227.66,230.96,214943264.91
2018-10-02,230.96,228.91,224.93,225.59,253977370.59
2018-10-03,225.59,224.57,218.14,220.02,274098108.31
2018-10-04,220.03,225.42,221.02,222.2,280874068.18
2018-10-05,222.21,230.03,222.53,228.17,292340594.21
2018-10-06,228.17,227.29,223.99,225.05,226441423.93
2018-10-07,225.05,226.29,223.91,226.02,242163119.88
2018-10-08,226.03,230.49,226.24,229.23,275169500.71
2018-10-09,229.23,229.53,226.94,227.67,270655286.62
2018-10-10,227.67,226.52,224.41,225.2,270423278.34
2018-10-11,225.26,225.26,186.88,189.83,280686354.91
2018-10-12,190.32,198.15,191.59,195.71,259967593.22
2018-10-13,195.75,200.55,195.66,199.3,215324446.91
2018-10-14,199.3,200.13,193.92,194.92,209424639.04
2018-10-15,194.99,232.03,192.88,210.8,352120919.31
2018-10-16,209.89,210.59,207.7,209.67,259593356.15
2018-10-17,209.6,210.32,207.16,207.75,255940199.65
2018-10-18,207.81,205.82,201.09,202.25,221799891.23
2018-10-19,202.27,203.46,200.94,203.01,151832262.46
2018-10-20,203.01,206.08,203.28,204.97,149570216.48
2018-10-21,204.97,207.27,204.67,205.0,163617144.5
2018-10-22,205.0,204.74,203.12,203.64,191508315.64
2018-10-23,203.67,205.56,201.22,203.29,177173032.3
2018-10-24,203.31,204.71,202.25,202.58,168240717.09
2018-10-25,202.59,202.28,200.93,201.7,176755399.67
2018-10-26,201.7,204.31,200.95,202.43,169491166.29
2018-10-27,202.43,203.55,202.52,203.29,162718697.85
2018-10-28,203.29,204.67,203.12,204.54,153707591.53
2018-10-29,204.54,200.21,195.23,195.92,215314502.6
2018-10-30,195.94,197.1,195.39,196.65,245233441.42
2018-10-31,196.65,198.33,196.24,198.02,238281673.83
2018-11-01,198.02,199.61,198.52,198.97,233664637.3
2018-11-02,198.97,202.14,197.79,201.11,203212853.44
2018-11-03,201.11,200.79,199.52,199.9,160790602.79
2018-11-04,199.9,216.71,202.29,211.54,240039049.53
2018-11-05,211.54,210.83,207.42,209.55,221169670.15
2018-11-06,209.54,219.6,210.14,219.34,266382838.22
2018-11-07,219.34,222.21,216.85,217.44,295458250.74
2018-11-08,217.48,215.81,211.56,211.69,234738959.81
2018-11-09,211.69,211.11,208.31,209.52,199608128.23
2018-11-10,209.52,213.13,209.93,212.04,196079456.84
2018-11-11,212.04,212.75,210.32,211.66,219760467.39
2018-11-12,211.66,211.08,208.98,210.31,199753463.08
2018-11-13,210.31,209.38,205.2,205.9,193734382.99
2018-11-14,206.43,208.15,171.51,182.72,318920969.0
2018-11-15,182.72,185.67,168.57,181.53,206578170.27
2018-11-16,180.89,179.65,174.63,174.96,333375893.36
2018-11-17,175.04,175.92,173.25,174.47,297438902.54
2018-11-18,174.44,179.01,174.47,177.39,271156395.11
2018-11-19,177.55,177.58,144.85,148.22,300853051.45
2018-11-20,148.22,152.22,124.36,130.74,427274827.74
2018-11-21,130.74,139.42,124.5,136.5,228871551.23
2018-11-22,136.23,129.1,125.04,125.08,287547275.65
2018-11-23,124.83,127.14,118.18,123.37,174492308.72
2018-11-24,122.92,113.12,108.49,112.66,266514785.32
2018-11-25,112.74,120.55,100.96,116.75,253590457.32
2018-11-26,116.68,119.22,104.87,108.87,181319493.57
2018-11-27,108.51,110.87,106.28,109.87,309080721.8
2018-11-28,110.21,126.71,110.2,122.88,181557557.02
2018-11-29,122.83,123.89,117.5,117.76,278297083.78
2018-11-30,117.76,114.2,109.62,112.91,248836912.67
2018-12-01,112.91,120.68,116.82,118.24,252048473.51
2018-12-02,118.25,117.44,115.57,116.24,237903787.16
2018-12-03,116.24,109.95,107.24,108.32,214426131.6
2018-12-04,108.32,110.87,109.49,109.77,224414144.86
2018-12-05,109.77,104.13,101.74,101.85,253680250.52
2018-12-06,101.57,104.06,90.05,90.43,175524704.83
2018-12-07,90.43,97.75,82.08,93.61,235077885.79
2018-12-08,93.55,97.33,88.4,91.68,252498136.59
2018-12-09,91.68,96.97,93.92,94.49,237216006.74
2018-12-10,94.49,91.64,89.66,90.77,204658543.53
2018-12-11,90.77,90.2,87.58,88.32,241312257.83
2018-12-12,88.32,91.57,90.03,90.38,234871157.53
2018-12-13,90.38,87.72,85.47,86.4,223743147.88
2018-12-14,86.4,85.09,83.73,84.12,248636381.72
2018-12-15,84.12,84.53,83.69,84.3,175388688.31
2018-12-16,84.3,86.89,84.9,85.39,183329476.38
2018-12-17,85.39,96.16,92.89,95.06,280751231.88
2018-12-18,95.06,102.19,98.21,101.93,324514621.86
2018-12-19,102.44,109.23,99.85,100.63,172185010.13
2018-12-20,100.63,118.89,99.75,116.43,197572100.76
2018-12-21,116.31,112.21,107.53,109.4,328341422.07
2018-12-22,109.4,118.65,112.58,117.72,301382099.02
2018-12-23,117.72,132.29,116.58,131.45,490520819.94
2018-12-24,131.56,161.25,131.53,140.87,385949928.24
2018-12-25,140.87,141.84,124.03,130.99,225626016.68
2018-12-26,130.53,135.94,128.7,131.71,318122267.38
2018-12-27,132.61,133.94,114.67,116.72,162270992.08
2018-12-28,116.72,141.13,115.35,139.73,198667294.58
2018-12-29,139.36,141.86,130.16,137.04,377506453.13
2018-12-30,137.04,142.13,136.87,141.04,312978555.89
2018-12-31,141.04,135.99,132.58,133.14,248732768.88
2019-01-01,133.14,145.16,137.2,141.9,233479141.71
2019-01-02,141.9,158.28,144.7,156.1,371269897.05
2019-01-03,156.1,152.9,146.61,149.1,277765127.55
2019-01-04,149.44,158.8,147.32,156.04,161910054.26
2019-01-05,155.39,160.54,154.6,156.22,361556453.37
2019-01-06,156.22,166.94,157.63,158.29,337674567.87
2019-01-07,158.29,156.71,151.32,152.25,292618297.25
2019-01-08,152.25,152.42,149.02,150.68,272649472.92
2019-01-09,150.68,153.31,150.52,151.21,250584005.29
2019-01-10,151.17,152.75,124.07,127.96,197435643.47
2019-01-11,127.87,129.45,123.91,126.99,281911403.63
2019-01-12,126.99,128.07,125.36,126.05,237024861.67
2019-01-13,126.05,122.3,115.1,116.66,231684768.11
2019-01-14,116.66,131.08,121.52,129.71,341614141.96
2019-01-15,129.71,128.52,119.43,121.38,315354770.98
2019-01-16,121.38,126.34,121.56,123.31,291968486.6
2019-01-17,123.31,125.01,122.13,124.05,264721632.8
2019-01-18,124.05,122.9,120.35,120.79,226359715.29
2019-01-19,120.79,125.51,123.49,124.8,251849865.06
2019-01-20,124.8,119.48,117.81,118.48,244777590.01
2019-01-21,118.48,118.66,115.73,117.12,215217071.74
2019-01-22,117.12,119.23,116.02,118.83,237669196.71
2019-01-23,118.83,118.31,116.48,117.09,219510643.18
2019-01-24,117.09,118.07,116.3,117.28,247242854.39
2019-01-25,117.28,117.88,115.58,115.73,227206824.52
2019-01-26,115.73,116.99,115.7,116.38,199822606.41
2019-01-27,116.38,115.51,112.59,112.59,246426257.58
2019-01-28,112.59,109.61,103.15,106.02,334702524.63
2019-01-29,106.02,105.9,103.4,104.74,267061143.7
2019-01-30,104.74,109.32,105.72,108.52,255069282.26
2019-01-31,108.52,108.79,105.77,106.46,216167209.46
2019-02-01,106.46,107.62,105.55,106.72,181284401.27
2019-02-02,106.72,110.8,107.93,110.56,178591389.32
2019-02-03,110.56,109.11,106.56,107.04,201513208.57
2019-02-04,107.04,107.54,105.92,106.61,219639134.47
2019-02-05,106.61,107.33,106.29,106.57,193388823.47
2019-02-06,106.57,105.11,101.78,104.26,217093048.52
2019-02-07,104.26,104.57,103.42,103.69,191171285.65
2019-02-08,103.69,120.6,112.03,119.24,324625659.62
2019-02-09,119.24,120.34,118.15,118.84,235649298.47
2019-02-10,118.84,125.85,118.11,125.22,280769964.49
2019-02-11,125.22,122.79,119.14,120.26,356948136.07
2019-02-12,120.26,122.34,119.41,121.87,312802200.01
2019-02-13,121.87,124.04,121.12,121.73,330761711.96
2019-02-14,121.73,123.27,120.4,120.44,250608706.8
2019-02-15,120.44,122.29,120.09,120.71,294935529.25
2019-02-16,120.71,123.42,121.0,122.62,273783279.05
2019-02-17,122.62,135.38,124.3,133.99,408559701.23
2019-02-18,133.99,149.54,141.99,146.29,516892615.35
2019-02-19,146.29,148.89,143.9,144.06,493153101.44
2019-02-20,144.06,149.27,143.3,148.87,443335964.75
2019-02-21,148.87,147.48,143.98,145.55,343085269.95
2019-02-22,145.55,148.9,145.96,148.19,345274199.76
2019-02-23,148.19,161.57,153.52,158.99,456327163.14
2019-02-24,158.99,149.24,133.21,133.21,541052570.23
2019-02-25,133.21,141.28,135.75,138.52,540929236.18
2019-02-26,138.52,137.71,135.08,136.68,403906085.7
2019-02-27,136.68,139.82,132.08,135.45,467431921.29
2019-02-28,135.45,137.3,134.28,135.69,475891088.62
2019-03-01,135.69,137.09,135.21,135.56,330159759.2
2019-03-02,135.56,136.42,132.0,133.23,364630052.18
2019-03-03,133.23,133.89,129.54,130.72,395176432.49
2019-03-04,130.72,128.06,124.7,126.19,510427922.11
2019-03-05,126.19,137.65,130.71,137.26,563233224.87
2019-03-06,137.26,139.42,135.78,137.83,510295746.82
2019-03-07,137.83,139.08,136.71,137.09,492561930.9
2019-03-08,137.09,136.97,132.6,133.72,516297592.21
2019-03-09,133.72,139.2,136.16,137.46,654346420.66
2019-03-10,137.46,137.27,135.23,135.89,618882510.73
2019-03-11,135.89,134.19,132.1,132.75,525057139.92
2019-03-12,132.75,134.97,131.16,133.69,570039062.82
2019-03-13,133.69,133.46,131.83,132.14,479696040.47
2019-03-14,132.14,133.48,131.7,132.28,484598445.78
2019-03-15,132.28,137.45,133.83,136.66,583666428.65
2019-03-16,136.66,143.64,140.1,141.71,588456982.06
2019-03-17,141.71,140.69,138.53,139.21,428711369.9
2019-03-18,139.21,140.33,137.42,137.66,505988400.31
2019-03-19,137.66,140.0,138.51,138.83,410911826.38
2019-03-20,138.83,140.08,135.21,139.51,479746173.14
2019-03-21,139.51,137.65,135.14,135.34,429463619.13
2019-03-22,135.34,137.15,135.19,136.47,490834531.25
2019-03-23,136.47,138.05,136.45,137.25,414921651.66
2019-03-24,137.25,136.96,135.44,136.2,406092493.2
2019-03-25,136.2,134.26,132.26,133.55,490150261.65
2019-03-26,133.55,134.67,133.4,134.0,512803193.25
2019-03-27,134.0,139.91,137.48,139.71,463859901.26
2019-03-28,139.71,139.46,137.64,138.17,360079362.31
2019-03-29,138.17,143.61,140.28,143.49,388164486.74
2019-03-30,143.49,145.62,141.5,142.57,401929227.82
2019-03-31,142.57,142.59,140.82,141.81,348447809.47
2019-04-01,141.81,143.51,140.61,141.52,372212036.51
2019-04-02,141.52,167.67,155.55,165.02,887226842.02
2019-04-03,165.02,173.63,157.01,161.19,1021372943.94
2019-04-04,161.19,160.08,154.62,157.77,931278063.8
2019-04-05,157.77,168.27,161.56,166.31,676449184.13
2019-04-06,166.31,168.81,163.45,165.98,610081433.69
2019-04-07,165.98,176.84,168.99,175.23,723860882.3
2019-04-08,175.23,186.35,178.15,180.74,982257918.76
2019-04-09,180.74,179.08,175.49,176.27,744921064.59
2019-04-10,176.27,184.61,174.66,177.43,779905569.97
2019-04-11,177.43,168.52,162.61,165.14,678135751.74
2019-04-12,165.14,166.77,163.93,164.34,579717122.14
2019-04-13,164.34,165.07,162.68,164.11,419488385.19
2019-04-14,164.11,168.66,165.87,168.19,410659242.92
2019-04-15,168.19,164.47,157.31,160.29,471248886.63
2019-04-16,160.29,168.43,165.51,166.65,431051631.58
2019-04-17,166.65,167.61,165.57,166.83,483563621.54
2019-04-18,166.83,175.99,168.0,174.19,580507688.82
2019-04-19,174.19,175.18,172.05,173.91,594715862.71
2019-04-20,173.91,176.46,172.14,173.95,499377592.66
2019-04-21,173.95,173.55,168.93,170.1,538958886.59
2019-04-22,170.1,174.95,171.66,171.77,533034241.1
2019-04-23,171.77,176.48,170.22,170.6,631247553.1
2019-04-24,170.6,168.11,162.06,166.04,640568932.45
2019-04-25,166.04,157.46,151.47,152.97,566583639.01
2019-04-26,152.97,156.34,153.1,155.61,664745100.27
2019-04-27,155.61,158.82,154.74,157.09,499650658.23
2019-04-28,157.48,158.75,156.75,156.75,512017509.14
2019-04-29,156.75,156.41,153.47,155.1,600216907.48
2019-04-30,155.1,162.98,158.38,162.66,628938767.92
2019-05-01,162.66,165.03,159.69,160.45,592360037.63
2019-05-02,160.45,164.53,160.35,162.05,562923879.73
2019-05-03,162.05,169.78,162.53,167.42,758920968.96
2019-05-04,167.42,170.53,163.52,163.87,608566255.33
2019-05-05,163.87,164.61,161.6,163.45,561246835.97
2019-05-06,163.45,176.64,161.75,173.08,776787094.64
2019-05-07,173.08,182.44,168.13,168.36,831030599.03
2019-05-08,168.36,174.62,170.36,171.26,582840013.13
2019-05-09,171.26,176.21,168.37,170.41,671950641.49
2019-05-10,170.41,178.6,171.61,172.44,830217078.43
2019-05-11,172.44,205.96,183.95,192.73,1490463311.39
2019-05-12,192.73,190.0,182.74,188.19,1063997805.21
2019-05-13,188.19,212.41,192.66,196.02,1058688204.43
2019-05-14,196.02,221.53,198.23,217.3,1323964324.4
2019-05-15,217.3,250.34,222.19,248.62,1634933324.11
2019-05-16,248.62,273.23,238.66,264.57,1951751255.6
2019-05-17,264.57,249.84,232.95,244.75,1295140504.82
2019-05-18,244.75,243.12,232.51,234.04,719515504.6
2019-05-19,234.04,265.38,259.15,260.71,792664187.01
2019-05-20,260.71,257.7,248.83,252.43,738034002.31
2019-05-21,252.43,260.06,250.76,254.73,749567073.96
2019-05-22,254.73,248.64,239.94,243.6,702468322.2
2019-05-23,243.6,252.84,242.36,245.51,707377987.09
2019-05-24,245.51,253.09,248.13,249.65,660051716.43
2019-05-25,249.65,256.84,250.4,251.61,663540965.23
2019-05-26,251.61,273.74,263.44,267.98,769125395.58
2019-05-27,267.98,275.77,267.07,271.9,770352433.68
2019-05-28,271.9,274.56,267.49,271.16,673868828.05
2019-05-29,271.16,271.81,267.39,269.38,569336656.47
2019-05-30,269.38,273.94,247.29,254.66,888919581.13
2019-05-31,254.66,268.06,258.74,267.81,705141146.06
2019-06-01,267.81,274.64,263.95,264.63,587463132.92
2019-06-02,264.63,273.41,268.25,269.3,436393898.24
2019-06-03,269.3,252.36,246.44,249.85,560664230.33
2019-06-04,249.85,242.38,235.54,241.0,480046287.2
2019-06-05,241.0,248.0,240.98,246.2,409428797.44
2019-06-06,246.2,250.46,244.37,249.45,396643045.51
2019-06-07,249.45,256.64,249.2,249.68,436392667.05
2019-06-08,249.68,248.57,244.12,244.52,355518816.28
2019-06-09,244.52,236.56,229.3,231.44,438297331.78
2019-06-10,231.44,249.05,242.39,247.93,441524451.41
2019-06-11,247.93,247.18,243.14,245.28,431595398.61
2019-06-12,245.28,263.13,252.34,262.96,476376751.84
2019-06-13,262.96,265.68,253.9,255.22,480634410.27
2019-06-14,255.22,271.16,262.91,263.77,517973327.36
2019-06-15,263.77,273.22,267.38,269.06,433542241.87
2019-06-16,269.06,273.33,263.81,268.48,538227592.91
2019-06-17,268.48,279.71,271.58,274.01,531768182.12
2019-06-18,274.01,267.55,262.1,264.55,533637693.55
2019-06-19,264.55,273.03,268.3,268.95,478605493.28
2019-06-20,268.95,277.24,267.7,271.9,595580698.66
2019-06-21,271.9,304.73,291.34,295.94,924121483.27
2019-06-22,295.94,317.59,297.6,309.57,1021113047.88
2019-06-23,309.57,319.49,305.49,307.22,627034406.46
2019-06-24,307.22,315.73,309.11,311.1,652783581.27
2019-06-25,311.1,331.19,315.82,316.17,787327800.84
2019-06-26,316.17,356.54,327.09,334.45,1668946361.31
2019-06-27,334.45,304.51,286.44,293.91,1358301432.01
2019-06-28,293.91,334.45,308.51,309.62,1074691127.45
2019-06-29,309.62,321.7,297.1,317.78,971430380.51
2019-06-30,317.78,291.52,280.86,290.55,880899282.02
2019-07-01,290.55,296.25,282.38,294.14,882191267.14
2019-07-02,294.14,306.78,288.02,291.6,816238425.59
2019-07-03,291.6,322.31,301.94,302.18,819487944.53
2019-07-04,302.18,285.27,277.35,282.93,645008552.75
2019-07-05,282.93,290.33,276.81,288.02,683730773.75
2019-07-06,288.02,294.83,285.05,287.97,596794948.95
2019-07-07,287.97,310.49,293.4,306.48,591115586.49
2019-07-08,306.48,331.01,310.6,313.18,693677708.29
2019-07-09,313.18,320.08,306.51,308.14,876714871.61
2019-07-10,308.14,296.79,278.52,288.81,1075676415.5
2019-07-11,288.81,274.84,261.69,268.49,836379516.15
2019-07-12,268.49,283.84,273.82,275.47,708817593.57
2019-07-13,275.47,276.37,264.44,268.99,595140184.21
2019-07-14,268.99,245.62,225.11,226.64,893355743.41
2019-07-15,226.64,241.31,224.82,228.18,923511961.6
2019-07-16,228.18,201.66,190.92,198.65,758710891.32
2019-07-17,198.65,216.42,203.43,211.38,730793851.92
2019-07-18,211.38,237.98,223.72,225.85,940274400.8
2019-07-19,225.85,223.82,219.3,221.3,748628600.16
2019-07-20,221.3,235.2,226.06,228.75,786282585.77
2019-07-21,228.75,226.66,222.53,225.39,717382099.64
2019-07-22,225.39,220.77,215.29,217.15,610780136.13
2019-07-23,217.15,212.95,206.64,211.86,626466682.83
2019-07-24,211.86,219.38,204.82,216.55,630355201.49
2019-07-25,216.55,220.77,216.72,219.09,479242769.15
2019-07-26,219.09,220.29,216.74,219.3,432903949.44
2019-07-27,219.3,211.27,205.21,207.2,450368183.01
2019-07-28,207.2,212.37,206.55,211.13,383709983.77
2019-07-29,211.13,211.62,208.3,210.86,395787604.65
2019-07-30,210.86,213.12,209.18,210.14,474538660.45
2019-07-31,210.14,222.77,216.52,218.63,566129476.53
2019-08-01,218.63,225.58,216.11,217.56,458665072.26
2019-08-02,217.56,222.58,216.69,217.74,467067767.0
2019-08-03,217.74,226.25,220.3,222.14,406320804.41
2019-08-04,222.14,226.06,220.79,222.76,410136962.82
2019-08-05,222.76,240.29,229.19,233.33,589080374.18
2019-08-06,233.33,228.42,218.79,226.02,612417988.29
2019-08-07,226.02,236.49,224.76,226.07,537412641.79
2019-08-08,226.07,228.63,220.48,221.08,510366037.53
2019-08-09,221.08,219.98,208.35,210.37,494698238.3
2019-08-10,210.37,206.45,200.12,206.0,491941017.53
2019-08-11,206.0,219.2,210.65,216.2,455559384.48
2019-08-12,216.2,213.51,210.67,211.35,340886318.9
2019-08-13,211.35,209.5,200.04,208.74,421299621.63
2019-08-14,208.74,198.43,182.18,186.49,527503051.76
2019-08-15,186.49,194.11,185.35,188.13,533152620.53
2019-08-16,188.13,191.56,182.65,185.35,484514497.51
2019-08-17,185.35,186.53,181.83,185.61,367239957.61
2019-08-18,185.61,196.1,186.8,194.75,388939845.06
2019-08-19,194.75,206.65,202.06,202.39,399160484.61
2019-08-20,202.39,205.51,196.14,196.78,379364434.35
2019-08-21,196.78,188.65,183.69,187.23,398264906.15
2019-08-22,187.23,193.59,186.02,190.46,457766243.42
2019-08-23,190.46,197.59,192.91,194.47,441028157.59
2019-08-24,194.47,192.55,187.98,191.02,424955603.88
2019-08-25,191.02,191.27,185.8,186.61,368020206.97
2019-08-26,186.61,192.58,187.29,188.43,459497798.69
2019-08-27,188.43,188.86,184.38,187.13,406355468.77
2019-08-28,187.13,179.19,167.82,172.97,446690201.75
2019-08-29,172.97,170.49,165.93,168.97,485722262.14
2019-08-30,168.97,171.13,167.78,168.54,390733590.91
2019-08-31,168.54,174.11,167.37,172.18,427119799.14
2019-09-01,172.18,175.83,171.14,171.34,336725399.46
2019-09-02,171.34,183.34,178.25,178.77,465121246.9
2019-09-03,178.77,183.71,177.65,179.03,481710411.96
2019-09-04,179.03,179.74,173.91,174.97,392142478.16
2019-09-05,174.97,175.02,171.01,173.65,420446421.8
2019-09-06,173.65,170.22,166.51,169.08,538470021.17
2019-09-07,169.08,180.15,171.02,178.15,569095905.52
2019-09-08,178.15,182.68,176.95,181.74,523928398.41
2019-09-09,181.74,183.09,177.93,180.72,556683991.04
2019-09-10,180.72,180.25,177.02,179.95,455561042.4
2019-09-11,179.95,184.7,177.48,178.29,467382995.55
2019-09-12,178.29,184.18,180.84,181.05,405074680.2
2019-09-13,181.05,183.07,179.44,181.52,378265276.57
2019-09-14,181.52,188.96,180.78,188.65,479618318.72
2019-09-15,188.65,190.07,186.15,189.24,433702078.27
2019-09-16,189.24,200.92,188.49,197.63,682776485.14
2019-09-17,197.63,213.97,195.61,207.85,931019598.74
2019-09-18,207.85,215.97,207.13,210.38,605352362.08
2019-09-19,210.38,228.14,208.6,221.04,674852986.04
2019-09-20,221.04,219.2,214.93,218.18,457532794.9
2019-09-21,218.18,217.55,213.85,215.25,407918908.48
2019-09-22,215.25,216.5,207.16,211.28,435480738.37
2019-09-23,211.28,206.69,199.32,200.97,445112202.26
2019-09-24,200.97,177.43,162.05,166.66,957553586.46
2019-09-25,166.66,172.32,163.96,170.38,609047989.65
2019-09-26,170.38,166.26,159.32,166.1,514201980.38
2019-09-27,166.1,176.74,167.8,174.28,503977886.12
2019-09-28,174.28,176.32,172.53,173.93,439726389.28
2019-09-29,173.93,171.14,167.35,169.69,421890955.75
2019-09-30,169.69,181.34,174.77,181.34,473187331.31
2019-10-01,181.34,183.77,175.19,176.44,384631359.44
2019-10-02,176.44,182.01,177.06,181.09,323753300.19
2019-10-03,181.09,177.96,173.5,175.15,289922110.58
2019-10-04,175.15,177.82,173.41,176.1,302105911.46
2019-10-05,176.1,178.08,174.97,177.1,225332881.49
2019-10-06,177.1,172.71,168.7,170.35,215155383.67
2019-10-07,170.35,181.31,177.53,180.4,412441723.47
2019-10-08,180.4,182.6,178.66,181.04,354886754.1
2019-10-09,181.04,197.56,189.48,193.43,562034874.99
2019-10-10,193.43,194.54,183.62,191.96,427757729.71
2019-10-11,191.96,187.5,178.97,180.88,443112371.1
2019-10-12,180.88,183.72,178.39,180.06,319739035.73
2019-10-13,180.06,182.44,179.12,181.52,307303066.28
2019-10-14,181.52,188.02,182.84,187.1,373652756.7
2019-10-15,187.1,183.74,178.84,180.72,289391210.17
2019-10-16,180.72,177.68,174.23,174.95,267589324.29
2019-10-17,174.95,178.22,175.87,177.41,242094063.34
2019-10-18,177.41,175.72,171.73,173.4,292604701.33
2019-10-19,173.4,174.94,170.8,172.31,222428090.22
2019-10-20,172.31,178.88,175.01,175.83,251374860.0
2019-10-21,175.83,176.55,173.02,174.33,295380745.15
2019-10-22,174.33,179.33,168.16,171.38,323059100.73
2019-10-23,171.38,162.61,155.35,162.53,615086549.87
2019-10-24,162.53,162.51,159.9,161.02,354570058.7
2019-10-25,161.02,190.24,180.45,181.66,592418485.65
2019-10-26,181.66,194.72,175.55,179.9,823988066.26
2019-10-27,179.9,187.1,182.51,184.23,524982268.97
2019-10-28,184.23,182.32,175.13,182.14,495927707.71
2019-10-29,182.14,192.81,184.6,191.02,535243524.58
2019-10-30,191.02,188.26,182.3,183.31,476044544.78
2019-10-31,183.31,184.43,179.67,182.51,400652125.51
2019-11-01,182.51,185.67,181.79,183.45,382994933.81
2019-11-02,183.45,184.94,182.52,183.26,294931428.47
2019-11-03,183.26,183.42,181.02,182.03,299527547.75
2019-11-04,182.03,189.84,185.23,186.26,529141782.76
2019-11-05,186.26,191.32,183.68,188.99,550391641.52
2019-11-06,188.99,193.4,188.91,191.25,381966467.95
2019-11-07,191.25,188.87,185.64,186.47,302159116.09
2019-11-08,186.47,183.96,176.76,183.6,344566742.79
2019-11-09,183.6,185.71,183.33,185.18,331902613.43
2019-11-10,185.18,194.85,188.52,189.33,372531006.18
2019-11-11,189.33,187.18,182.38,184.74,278104215.94
2019-11-12,184.74,188.82,186.18,187.06,271229529.72
2019-11-13,187.06,189.25,185.48,188.02,295049483.62
2019-11-14,188.02,185.86,183.35,184.73,309501736.46
2019-11-15,184.73,181.99,177.67,179.96,307359873.79
2019-11-16,179.96,183.75,180.43,182.64,242378010.81
2019-11-17,182.64,184.95,181.8,184.1,280594098.04
2019-11-18,184.1,178.38,175.68,178.14,324429797.3
2019-11-19,178.14,177.07,173.98,175.93,316618094.51
2019-11-20,175.93,176.6,173.77,174.66,248249504.54
2019-11-21,174.66,165.47,159.14,161.12,383454674.86
2019-11-22,161.12,154.67,148.18,150.0,635753318.04
2019-11-23,150.0,154.49,149.72,152.44,292618829.45
2019-11-24,152.44,145.25,140.13,140.47,246588734.95
2019-11-25,140.47,150.12,143.69,146.33,512193569.93
2019-11-26,146.33,149.28,145.84,147.7,343314660.38
2019-11-27,147.7,156.58,152.59,153.04,406203726.11
2019-11-28,153.04,152.79,149.14,151.23,329295341.5
2019-11-29,151.23,160.13,153.68,155.08,360349682.33
2019-11-30,155.08,153.18,150.0,152.04,289362154.0
2019-12-01,152.04,152.94,148.04,151.23,352262433.35
2019-12-02,151.23,150.59,147.81,149.2,276974913.02
2019-12-03,149.2,150.66,147.22,147.66,235905745.43
2019-12-04,147.66,146.82,141.2,145.67,335275283.08
2019-12-05,145.67,150.73,146.73,148.36,310859865.18
2019-12-06,148.36,153.06,148.75,149.06,301614232.75
2019-12-07,149.06,148.87,146.31,147.52,282782578.16
2019-12-08,147.52,151.55,147.85,150.94,307180236.24
2019-12-09,150.94,148.56,145.47,147.53,362952616.65
2019-12-10,147.53,146.34,143.66,145.76,382196798.55
2019-12-11,145.76,146.33,142.65,143.37,243561335.45
2019-12-12,143.37,145.21,141.32,144.85,198566010.61
2019-12-13,144.85,146.32,143.71,144.87,182667599.49
2019-12-14,144.87,142.6,139.98,142.03,154769596.29
2019-12-15,142.03,143.72,141.79,142.72,153294265.6
2019-12-16,142.72,138.57,130.5,132.91,304103010.61
2019-12-17,132.91,128.2,121.04,122.23,289951572.14
2019-12-18,122.23,137.06,131.67,133.13,403409568.33
2019-12-19,133.13,131.23,125.86,128.22,253852334.83
2019-12-20,128.22,129.45,127.72,128.44,150611732.4
2019-12-21,128.44,128.3,126.94,127.44,136843442.96
2019-12-22,127.44,136.44,132.23,132.31,253363176.6
2019-12-23,132.31,130.19,126.31,128.0,323848609.57
2019-12-24,128.0,128.95,126.05,127.86,245133666.21
2019-12-25,127.86,126.91,123.81,124.97,241861348.44
2019-12-26,124.97,128.43,124.4,125.62,254385658.57
2019-12-27,125.62,127.09,125.13,126.36,267596594.43
2019-12-28,126.36,129.42,126.94,128.18,233763025.26
2019-12-29,128.18,135.93,129.27,134.67,344231138.15
2019-12-30,134.67,133.33,129.57,131.45,353560386.98
2019-12-31,131.45,133.05,128.23,129.02,285823337.69
