Date,Open,High,Low,Close,Adj Close,Volume
7/1/2021,35.505653,35.538193,32.386272,33.404034,33.404034,474665321
7/2/2021,33.306309,34.031788,31.479923,34.020481,34.020481,440298780
7/3/2021,34.015575,35.40477,33.298473,34.478817,34.478817,327019964
7/4/2021,34.495117,35.502373,33.555737,34.3106,34.3106,303420520
7/5/2021,34.282551,34.461823,32.482693,32.984589,32.984589,313839322
7/6/2021,32.930305,34.978317,32.930305,34.269138,34.269138,365336040
7/7/2021,34.232807,38.011703,33.84203,36.59137,36.59137,519252659
7/8/2021,36.719719,36.915283,32.802273,33.203728,33.203728,498201257
7/9/2021,33.134331,34.387947,31.991049,33.264648,33.264648,327170629
7/10/2021,33.318439,34.140488,31.186785,31.788645,31.788645,296566657
7/11/2021,31.693039,32.536335,31.411757,32.177841,32.177841,211679810
7/12/2021,32.173389,32.644054,30.074202,30.848087,30.848087,221058993
7/13/2021,30.786404,31.093704,28.918608,29.121189,29.121189,197825362
7/14/2021,29.142693,31.435339,27.515703,31.281,31.281,331866434
7/15/2021,31.360701,31.483404,28.008404,28.452101,28.452101,329918376
7/16/2021,28.549067,29.442204,26.228809,26.370008,26.370008,374718328
7/17/2021,26.254124,27.696987,26.04067,26.721668,26.721668,289689475
7/18/2021,26.78417,27.733564,26.360977,26.751909,26.751909,230336396
7/19/2021,26.67124,26.721746,24.012245,24.447577,24.447577,361915410
7/20/2021,24.510302,24.975603,22.177542,23.489555,23.489555,413439963
7/21/2021,23.443457,27.416498,22.86537,26.623079,26.623079,555770206
7/22/2021,26.665323,28.13599,25.952209,27.702082,27.702082,364666998
7/23/2021,27.706509,28.690611,26.425711,28.51388,28.51388,407955237
7/24/2021,28.5179,29.507799,28.068638,28.70262,28.70262,353750758
7/25/2021,28.649401,28.872978,26.528553,28.168774,28.168774,309208018
7/26/2021,28.227026,31.054016,27.903797,28.306643,28.306643,743673802
7/27/2021,28.210499,28.952671,27.00543,28.065327,28.065327,375599550
7/28/2021,28.145641,28.746954,27.412333,27.815411,27.815411,315682626
7/29/2021,27.877975,31.886148,27.372438,31.281137,31.281137,448009571
7/30/2021,31.275415,33.055126,30.067673,32.393944,32.393944,617830199
7/31/2021,32.353287,36.868259,31.68322,36.827312,36.827312,587168181
8/1/2021,36.679127,36.719913,33.283005,34.25436,34.25436,490639931
8/2/2021,34.190563,35.912395,33.060654,33.22242,33.22242,407399691
8/3/2021,33.191425,35.833092,32.40266,33.996441,33.996441,474629269
8/4/2021,34.108356,36.652477,33.273182,35.763626,35.763626,413657602
8/5/2021,35.771976,38.208866,35.533855,37.355137,37.355137,595137193
8/6/2021,37.355358,40.388084,35.688293,39.446102,39.446102,589190671
8/7/2021,39.492302,40.505878,37.626602,39.403473,39.403473,534979916
8/8/2021,39.465904,39.533291,36.935577,37.673824,37.673824,358570315
8/9/2021,37.660496,40.004841,36.481171,38.767784,38.767784,377034585
8/10/2021,38.67881,41.660908,38.223171,40.639797,40.639797,452480699
8/11/2021,40.648941,43.73914,40.628239,41.744114,41.744114,507980107
8/12/2021,41.704514,43.401909,39.381557,41.099361,41.099361,527833804
8/13/2021,41.114368,44.900524,40.721619,44.894501,44.894501,541894525
8/14/2021,44.851425,44.871239,42.93766,44.11285,44.11285,363834257
8/15/2021,44.149956,54.629551,43.450008,53.745159,53.745159,1448656564
8/16/2021,53.541149,68.822372,52.465851,62.432465,62.432465,3799339365
8/17/2021,62.11533,74.889259,58.981335,64.210709,64.210709,4043742154
8/18/2021,64.16835,80.119904,60.269714,72.543312,72.543312,4507409622
8/19/2021,72.838562,75.092422,68.610497,72.757607,72.757607,2467398203
8/20/2021,72.748901,79.990005,70.937286,78.724617,78.724617,1844455899
8/21/2021,78.698929,81.813774,72.69693,73.75621,73.75621,1513097171
8/22/2021,73.86834,77.481155,71.553947,72.803917,72.803917,968933849
8/23/2021,72.769409,76.70533,71.680748,75.708038,75.708038,1372134245
8/24/2021,75.780174,79.370949,68.619789,70.670906,70.670906,2153611667
8/25/2021,70.679962,72.702866,66.222763,71.951569,71.951569,1551240766
8/26/2021,71.973434,78.055206,66.264557,75.316208,75.316208,2713050538
8/27/2021,74.811783,88.854279,72.715126,88.086983,88.086983,3263988286
8/28/2021,88.000015,97.842949,85.790642,96.703171,96.703171,2580080503
8/29/2021,96.563972,97.777878,90.993622,94.469673,94.469673,1830344091
8/30/2021,94.344872,116.850227,94.03772,110.544807,110.544807,5274104165
8/31/2021,109.756149,130.014618,103.351303,108.483772,108.483772,7590894022
9/1/2021,107.444481,119.530113,106.270821,111.033005,111.033005,3974443896
9/2/2021,110.731239,131.961884,109.652618,128.102386,128.102386,5074399603
9/3/2021,128.389084,148.834183,128.389084,146.583054,146.583054,7526373837
9/4/2021,146.418411,150.428558,136.449554,139.113068,139.113068,3970422964
9/5/2021,138.990143,144.997864,135.079971,142.070877,142.070877,2996918105
9/6/2021,142.06282,165.878738,138.038208,164.38092,164.38092,5774090688
9/7/2021,164.183685,194.819702,133.10025,173.148926,173.148926,17068643416
9/8/2021,173.278564,197.989014,147.99118,191.041397,191.041397,13187213606
9/9/2021,209.470795,214.957184,181.445877,188.195801,188.195801,12676272744
9/10/2021,187.612808,196.94519,168.690826,179.865234,179.865234,7087524572
9/11/2021,179.366226,193.405609,175.565414,178.867874,178.867874,5367389010
9/12/2021,179.230164,181.568253,170.584595,174.537628,174.537628,3012633094
9/13/2021,174.418457,174.93187,150.974411,169.269547,169.269547,6437530449
9/14/2021,169.774521,171.301163,143.553116,158.094818,158.094818,5799758794
9/15/2021,158.415436,166.175293,154.239548,159.117386,159.117386,3908939772
9/16/2021,158.807281,163.122833,147.653275,152.47406,152.47406,3215168472
9/17/2021,152.35144,153.444931,135.245224,147.593063,147.593063,4675731485
9/18/2021,147.448761,171.142776,144.392258,169.184219,169.184219,5415012910
9/19/2021,169.226334,170.652115,151.250977,152.516693,152.516693,3350530308
9/20/2021,152.794479,153.387665,131.261032,132.13446,132.13446,5623667250
9/21/2021,132.762314,144.468445,116.343201,123.950394,123.950394,5243953819
9/22/2021,124.177452,150.941513,122.349159,147.924255,147.924255,4952222859
9/23/2021,148.055161,152.36499,143.201263,149.753571,149.753571,3389212044
9/24/2021,149.935471,151.201904,128.801315,139.395645,139.395645,3852350632
9/25/2021,139.296555,144.072556,134.107758,136.178925,136.178925,2037106949
9/26/2021,136.216156,140.781784,125.115425,135.699371,135.699371,2674182809
9/27/2021,135.931366,148.497833,133.984283,136.728424,136.728424,2867246888
9/28/2021,136.508911,139.294357,128.244827,131.537216,131.537216,2422542861
9/29/2021,132.338531,140.038177,131.233688,135.351456,135.351456,2428105040
9/30/2021,135.412903,142.853165,134.313263,141.069046,141.069046,2244376110
10/1/2021,141.382919,164.737549,138.436935,161.682373,161.682373,4387488320
10/2/2021,161.594391,174.900696,156.322342,169.093018,169.093018,3471658582
10/3/2021,169.113708,176.970337,166.070007,172.589157,172.589157,3149579954
10/4/2021,172.961624,172.961624,162.773331,166.731918,166.731918,3109040100
10/5/2021,166.994965,169.97937,160.593155,164.115829,164.115829,2541087419
10/6/2021,164.605194,165.361984,150.768372,154.107742,154.107742,3259712887
10/7/2021,153.961151,161.362991,150.542038,154.281189,154.281189,2579187256
10/8/2021,154.256546,168.846375,152.755768,158.949203,158.949203,2781848650
10/9/2021,158.704697,161.407318,154.869797,156.825836,156.825836,1522023824
10/10/2021,156.751923,158.361572,146.898239,148.048706,148.048706,1556965341
10/11/2021,147.800446,153.921143,140.363968,144.858139,144.858139,1851795187
10/12/2021,145.00766,153.263977,137.811569,152.737122,152.737122,2853992440
10/13/2021,152.523926,155.347992,144.407867,148.176041,148.176041,2105226551
10/14/2021,148.017273,155.329742,147.330933,149.756805,149.756805,1948101208
10/15/2021,150.0466,165.122208,146.984833,162.596207,162.596207,3970589003
10/16/2021,163.007034,164.713715,156.737564,157.538818,157.538818,1531502795
10/17/2021,157.463562,167.425995,154.090347,159.743805,159.743805,2168838138
10/18/2021,159.997482,162.856277,155.030228,157.231277,157.231277,1698878759
10/19/2021,157.210205,159.405869,153.221008,156.017029,156.017029,1400902548
10/20/2021,155.883392,176.440674,155.199844,175.946869,175.946869,3315306825
10/21/2021,176.765549,193.599152,176.765549,190.318436,190.318436,6865815461
10/22/2021,190.454895,214.044449,188.273621,196.431534,196.431534,7486821306
10/23/2021,196.300476,205.669876,192.562759,197.703857,197.703857,3253670286
10/24/2021,197.973114,204.719101,185.572433,202.361984,202.361984,3413057378
10/25/2021,202.316483,218.731888,198.202438,210.104294,210.104294,4837376169
10/26/2021,209.531647,213.982864,197.486649,199.807251,199.807251,3194205752
10/27/2021,199.874481,205.404739,178.730865,183.774597,183.774597,4552692842
10/28/2021,184.515701,201.045364,182.217529,194.863983,194.863983,3463958628
10/29/2021,194.906433,204.896606,194.906433,200.182755,200.182755,2468703579
10/30/2021,200.225723,200.38623,187.816574,195.416061,195.416061,1732207667
10/31/2021,195.773773,205.163376,186.062988,202.421021,202.421021,2577364486
11/1/2021,202.629211,211.36084,198.238968,203.54509,203.54509,3157612663
11/2/2021,203.517914,222.233032,201.180389,220.239594,220.239594,3020087232
11/3/2021,221.076752,246.321533,216.196198,242.898819,242.898819,6024951132
11/4/2021,243.097809,250.466339,235.150879,247.387772,247.387772,4440296290
11/5/2021,247.270935,248.383911,231.160812,236.474335,236.474335,2752870913
11/6/2021,236.492752,260.062103,235.289963,258.934326,258.934326,3869779683
11/7/2021,258.781555,258.850098,246.122421,249.823486,249.823486,2624869522
11/8/2021,249.979263,253.254181,241.140137,248.467178,248.467178,3344410176
11/9/2021,248.356842,253.179825,237.895294,239.213135,239.213135,2819309492
11/10/2021,239.133743,247.947037,218.38855,233.779526,233.779526,3873202098
11/11/2021,233.913986,246.447189,229.74852,234.240753,234.240753,2693456862
11/12/2021,233.721268,238.695679,221.252945,228.50209,228.50209,3022054714
11/13/2021,228.596252,241.825027,225.075928,241.825027,241.825027,2322796265
11/14/2021,241.862106,242.044891,230.689407,238.425522,238.425522,1705211600
11/15/2021,238.7314,245.976105,235.099106,237.553604,237.553604,2414551003
11/16/2021,238.497147,238.497147,215.442093,219.239029,219.239029,3557977024
11/17/2021,219.295639,222.028839,210.026947,218.71524,218.71524,2982505239
11/18/2021,218.87558,222.876938,187.673126,195.487411,195.487411,3911214658
11/19/2021,195.066284,219.367065,189.750168,215.280014,215.280014,3431624914
11/20/2021,215.406906,221.445343,206.285873,218.015274,218.015274,2003638941
11/21/2021,217.784027,235.230911,210.809738,231.282623,231.282623,2636480460
11/22/2021,230.989639,231.904816,212.03009,215.737274,215.737274,3254258844
11/23/2021,215.842957,226.061737,211.312225,221.836899,221.836899,2328763768
11/24/2021,221.860611,222.459274,200.502609,214.921539,214.921539,2293934142
11/25/2021,205.886169,216.400513,202.32341,206.252991,206.252991,2586718627
11/26/2021,210.048279,210.504578,184.328278,191.511749,191.511749,3380122748
11/27/2021,192.283569,199.36499,191.040543,193.102158,193.102158,1443178833
11/28/2021,193.275604,201.628708,182.372452,200.676651,200.676651,2033215941
11/29/2021,200.821274,212.445801,199.9543,204.319366,204.319366,2110532147
11/30/2021,204.232941,218.339386,200.084335,208.67099,208.67099,2888387657
12/1/2021,208.393158,232.386215,208.152267,229.79924,229.79924,3532771294
12/2/2021,229.854706,243.111664,220.387177,233.993042,233.993042,4074103518
12/3/2021,233.601898,239.122101,207.329773,211.224396,211.224396,4061060881
12/4/2021,212.112381,212.807541,171.553574,201.124832,201.124832,5949505665
12/5/2021,200.780609,204.617477,182.016815,196.168259,196.168259,3402591975
12/6/2021,196.547485,197.663025,176.888062,194.199219,194.199219,3693853028
12/7/2021,194.276596,204.1185,188.280807,190.596909,190.596909,2556849839
12/8/2021,190.505005,196.374115,184.132706,194.621704,194.621704,2277446203
12/9/2021,194.483292,196.689743,178.792145,181.178085,181.178085,1968182104
12/10/2021,181.46756,184.689423,167.954834,167.954834,167.954834,2118266396
12/11/2021,167.916626,173.898483,161.860001,171.949493,171.949493,1877844189
12/12/2021,171.948318,176.649414,167.861252,173.431671,173.431671,1196808540
12/13/2021,173.09993,173.09993,148.571823,155.213058,155.213058,2547597256
12/14/2021,155.141663,161.618271,150.117981,153.341446,153.341446,2604045117
12/15/2021,161.358902,182.513168,157.653214,178.34079,178.34079,3783787658
12/16/2021,178.591537,188.878708,174.450974,176.954666,176.954666,2766320569
12/17/2021,176.894974,182.393631,168.518738,175.503296,175.503296,2711688386
12/18/2021,175.656357,184.375183,171.196564,182.835129,182.835129,1690397976
12/19/2021,182.850906,189.262543,178.75502,180.098053,180.098053,1678714066
12/20/2021,179.977737,181.153259,168.683517,173.671783,173.671783,1982986558
12/21/2021,173.694397,182.417511,170.490631,180.092545,180.092545,1821107818
12/22/2021,179.858337,187.473434,177.427338,178.597122,178.597122,1889229699
12/23/2021,178.502762,193.276047,176.116455,190.036316,190.036316,2191634326
12/24/2021,190.102859,197.157715,185.019379,190.273193,190.273193,2286837232
12/25/2021,190.531601,195.149231,189.032227,193.120926,193.120926,1443209769
12/26/2021,192.920517,200.644196,190.823685,198.000732,198.000732,1971114647
12/27/2021,197.883408,204.578568,195.160797,195.429504,195.429504,1800094698
12/28/2021,195.621658,195.621658,177.040359,177.425629,177.425629,2826063568
12/29/2021,177.389038,180.590775,170.44342,170.657562,170.657562,2175731146
12/30/2021,170.764786,175.691162,168.398483,172.75119,172.75119,1540637869
12/31/2021,172.703842,177.35704,168.312073,170.299072,170.299072,1567918820
1/1/2022,170.310837,178.96225,170.195541,178.517944,178.517944,1084780603
1/2/2022,178.53241,179.432358,175.012314,176.382843,176.382843,995389409
1/3/2022,176.386307,176.386307,167.533981,170.297745,170.297745,1345778058
1/4/2022,170.286118,173.735107,166.740128,167.938904,167.938904,1499265336
1/5/2022,167.940338,171.110458,148.21611,155.099731,155.099731,2123759721
1/6/2022,155.105927,155.105927,146.667664,150.431351,150.431351,2097172620
1/7/2022,150.413406,150.52095,135.149994,136.402817,136.402817,2926269672
1/8/2022,136.400162,147.837311,134.021011,142.513458,142.513458,2730000333
1/9/2022,142.543121,145.440414,138.394104,140.839005,140.839005,1599123912
1/10/2022,140.833633,143.56337,130.796997,135.954941,135.954941,2040883379
1/11/2022,135.940903,143.299042,134.133972,140.183853,140.183853,1554197314
1/12/2022,140.203751,152.936478,138.546265,151.70311,151.70311,2242337550
1/13/2022,151.690598,157.543732,146.01004,146.01004,146.01004,2177023564
1/14/2022,146.025909,150.469482,142.390686,146.159027,146.159027,1822320951
1/15/2022,146.180023,149.350189,144.419144,147.801178,147.801178,1123271784
1/16/2022,147.786606,151.772339,146.401779,147.856522,147.856522,1172854751
1/17/2022,147.876785,148.205872,137.500031,139.92601,139.92601,1487772250
1/18/2022,139.93277,142.466492,134.895798,141.587189,141.587189,1449435942
1/19/2022,141.546997,142.294083,133.355179,135.792389,135.792389,1444663456
1/20/2022,135.791336,143.617401,127.174042,127.205284,127.205284,984099352
1/21/2022,127.333336,128.432861,107.908997,111.966057,111.966057,3771688473
1/22/2022,111.97654,113.587677,89.287155,94.178368,94.178368,4039466376
1/23/2022,94.307602,104.519203,93.593483,99.578224,99.578224,2548191912
1/24/2022,99.617516,99.770515,81.226051,91.650162,91.650162,4664539688
1/25/2022,91.660156,99.701233,87.757126,94.720352,94.720352,2842652332
1/26/2022,94.718834,103.721558,89.807556,92.238045,92.238045,3177186515
1/27/2022,92.218056,94.059998,86.186035,89.632492,89.632492,2513945822
1/28/2022,89.529091,93.36467,87.574242,91.312897,91.312897,2156098049
1/29/2022,91.354698,98.611046,90.963799,96.223488,96.223488,1727329992
1/30/2022,96.249001,97.298325,91.707024,93.297676,93.297676,1110338981
1/31/2022,93.30117,100.725075,89.585991,99.738838,99.738838,1888454241
2/1/2022,99.725945,112.980125,99.477859,109.978981,109.978981,3568466349
2/2/2022,110.019455,111.957367,97.735596,101.837601,101.837601,3297984784
2/3/2022,101.828102,102.668465,94.635315,101.459038,101.459038,2618951519
2/4/2022,101.340935,112.410332,100.677376,112.174248,112.174248,3121470028
2/5/2022,112.205482,118.21312,110.534065,113.894302,113.894302,2337469324
2/6/2022,113.902824,115.866486,112.186356,115.299759,115.299759,1488437091
2/7/2022,115.276192,121.554031,113.140465,117.355148,117.355148,2501444983
2/8/2022,117.408913,119.969551,110.241943,113.595482,113.595482,2670414753
2/9/2022,113.534035,116.827324,109.978653,114.019379,114.019379,1844036035
2/10/2022,114.021645,114.788422,106.202805,106.202805,106.202805,2534257400
2/11/2022,106.229767,107.84539,95.604286,96.381882,96.381882,2244853464
2/12/2022,96.401489,99.553658,93.498642,95.918205,95.918205,1722515979
2/13/2022,95.892586,97.206215,91.815704,93.244102,93.244102,1150014559
2/14/2022,93.193687,97.74173,91.207695,96.433273,96.433273,1787236369
2/15/2022,96.437408,105.291977,96.433296,104.873306,104.873306,2134576044
2/16/2022,104.925041,105.346344,98.580376,101.932899,101.932899,1908954820
2/17/2022,101.898232,102.632935,92.676247,93.410423,93.410423,1872498133
2/18/2022,93.462982,96.20182,89.706108,90.06546,90.06546,1669246812
2/19/2022,90.05188,92.540962,88.953117,91.496651,91.496651,1084605729
2/20/2022,91.444321,93.320282,86.017441,90.901413,90.901413,1912980153
2/21/2022,90.883026,95.904091,83.118446,83.123161,83.123161,2892900595
2/22/2022,83.1064,87.163979,81.204857,86.465385,86.465385,2046554018
2/23/2022,86.470795,92.738441,84.902786,84.902786,84.902786,2293962445
2/24/2022,84.863579,92.279396,76.859573,89.194748,89.194748,5253578948
2/25/2022,89.228134,94.777809,87.276161,92.598824,92.598824,3069242551
2/26/2022,92.608864,94.604332,89.757675,90.141563,90.141563,1721041901
2/27/2022,90.124634,91.989433,84.492928,85.519051,85.519051,2012522473
2/28/2022,85.501106,101.041794,84.575844,99.520348,99.520348,3457872746
3/1/2022,99.540466,101.559158,94.893425,98.653557,98.653557,3225742519
3/2/2022,98.649071,105.984772,97.105797,100.649635,100.649635,3800592927
3/3/2022,100.65377,101.427269,94.37796,95.5392,95.5392,2309311748
3/4/2022,95.567039,95.70813,87.554443,88.245979,88.245979,2592829728
3/5/2022,88.290535,91.036179,86.288841,89.647842,89.647842,1437161887
3/6/2022,89.64859,89.865379,84.329643,84.542183,84.542183,1467561782
3/7/2022,84.552872,86.483086,80.316849,82.130066,82.130066,2375648176
3/8/2022,82.112602,84.7799,81.540115,82.254761,82.254761,2112765959
3/9/2022,82.279922,89.482048,82.206238,88.202065,88.202065,2624860794
3/10/2022,88.190399,88.453949,81.019341,82.939087,82.939087,2196400279
3/11/2022,82.940742,84.050667,80.281235,80.744995,80.744995,1852734626
3/12/2022,80.74752,82.663757,80.722099,81.553818,81.553818,1036290480
3/13/2022,81.531219,82.883034,78.004387,78.936073,78.936073,1316842580
3/14/2022,78.925575,82.099304,78.274353,81.17334,81.17334,1676601058
3/15/2022,81.170059,85.51931,79.071777,82.955086,82.955086,1627848455
3/16/2022,82.951675,87.903625,81.653244,87.903625,87.903625,2370877301
3/17/2022,87.862457,90.757286,86.751228,87.876846,87.876846,2440062581
3/18/2022,87.866264,91.848618,84.636978,89.822037,89.822037,2745357460
3/19/2022,89.820457,94.360893,89.392616,92.418152,92.418152,1951674158
3/20/2022,92.413666,92.435921,88.150459,88.614861,88.614861,1286133603
3/21/2022,88.605003,91.011986,87.207642,88.757202,88.757202,1598537312
3/22/2022,88.741905,93.766808,88.182777,90.51297,90.51297,1879747152
3/23/2022,90.513931,96.051842,89.811462,95.102684,95.102684,2099467745
3/24/2022,95.020905,103.455795,94.065506,102.223694,102.223694,3601646600
3/25/2022,102.238358,104.582962,97.318245,98.658104,98.658104,2175497007
3/26/2022,98.666748,103.193573,97.829681,101.764183,101.764183,1282869612
3/27/2022,101.773697,107.298714,99.269096,107.084221,107.084221,1572329892
3/28/2022,107.077965,113.175949,105.477875,106.465256,106.465256,2877146388
3/29/2022,106.327988,115.275719,105.999191,111.710312,111.710312,3052274877
3/30/2022,111.690254,124.605003,107.767258,120.699486,120.699486,3908170428
3/31/2022,120.681557,128.930115,120.19783,122.661461,122.661461,4115229587
4/1/2022,122.736107,137.558411,118.78791,134.430939,134.430939,4434807484
4/2/2022,134.453583,143.02002,132.139191,132.198868,132.198868,3394186456
4/3/2022,132.241074,140.263702,131.226151,136.77533,136.77533,2585967812
4/4/2022,136.760788,137.633514,126.865326,132.412628,132.412628,2828117206
4/5/2022,132.387863,136.182846,126.563972,126.862236,126.862236,2239922210
4/6/2022,126.857956,127.281158,112.773682,112.883385,112.883385,3281009143
4/7/2022,112.935799,119.760712,111.957466,118.796516,118.796516,2431083313
4/8/2022,118.816216,122.25412,108.541161,109.80088,109.80088,2376864565
4/9/2022,109.798759,113.114891,108.634338,112.972794,112.972794,1202250516
4/10/2022,112.97271,115.808327,110.077835,111.742439,111.742439,1280232450
4/11/2022,111.69899,111.831139,98.670853,99.339104,99.339104,2272498194
4/12/2022,99.384674,109.117561,98.935303,103.306389,103.306389,2317008207
4/13/2022,103.281013,105.676849,100.488457,105.001945,105.001945,1675840412
4/14/2022,104.940605,107.329636,99.256844,100.707802,100.707802,1686576071
4/15/2022,100.706528,102.672646,100.100899,101.309776,101.309776,1050639351
4/16/2022,101.298691,103.271721,100.964722,102.257317,102.257317,774939305
4/17/2022,102.248436,105.294556,99.958176,100.409698,100.409698,1057908299
4/18/2022,100.407951,102.517029,95.242775,102.158531,102.158531,1846133932
4/19/2022,102.202385,108.582031,101.301727,108.582031,108.582031,1711909607
4/20/2022,108.602196,110.722977,104.772659,105.497002,105.497002,1761531528
4/21/2022,105.497673,109.765327,100.767151,101.776138,101.776138,1838571747
4/22/2022,101.757423,103.498146,99.57943,100.612053,100.612053,1274793594
4/23/2022,100.619781,102.771233,98.78157,100.744438,100.744438,823252482
4/24/2022,100.727188,102.216682,99.008514,99.235794,99.235794,818266008
4/25/2022,99.241409,101.44059,94.755753,101.247635,101.247635,1538486689
4/26/2022,101.224876,101.742485,95.177895,95.78215,95.78215,1301074534
4/27/2022,95.785522,100.54493,95.283501,98.378868,98.378868,1253566599
4/28/2022,98.382149,100.40123,96.694527,98.18573,98.18573,1307131609
4/29/2022,98.182961,98.568565,92.88427,94.011345,94.011345,1234575023
4/30/2022,94.013557,94.928848,82.909538,85.095932,85.095932,1293033765
5/1/2022,85.094688,92.43013,84.944153,89.671509,89.671509,1426749080
5/2/2022,89.672058,90.693367,85.407219,87.581017,87.581017,1265220129
5/3/2022,87.562744,88.687859,84.922104,85.842377,85.842377,1011988792
5/4/2022,85.841728,92.937195,85.728065,92.770851,92.770851,1428455342
5/5/2022,92.769791,95.032822,81.834869,84.596024,84.596024,1805979399
5/6/2022,84.588493,84.646935,80.468613,81.764107,81.764107,1585081920
5/7/2022,81.76667,82.180786,77.883232,78.983421,78.983421,1139093165
5/8/2022,78.987633,79.283791,74.527184,75.220184,75.220184,1439700868
5/9/2022,75.234459,76.983093,63.269653,63.269653,63.269653,2773999164
5/10/2022,63.369312,73.759888,61.026585,66.766151,66.766151,3677013066
5/11/2022,66.734749,68.117226,44.003826,50.21085,50.21085,4432811558
5/12/2022,50.239231,53.659389,38.050091,44.68359,44.68359,4471167155
5/13/2022,44.633572,55.902115,44.076366,48.593552,48.593552,2854210432
5/14/2022,48.676643,53.061165,46.220566,52.417225,52.417225,2042138537
5/15/2022,52.431343,58.878067,49.834801,58.81126,58.81126,1843835578
5/16/2022,58.803913,58.803913,52.267929,53.646461,53.646461,2067312217
5/17/2022,53.656006,58.038071,53.505302,57.125626,57.125626,1823895389
5/18/2022,57.116318,57.69772,49.731094,49.75621,49.75621,1745565671
5/19/2022,49.794865,53.617489,48.635551,52.213978,52.213978,1958004386
5/20/2022,52.211971,53.438042,48.050583,49.538509,49.538509,1830699507
5/21/2022,49.53545,51.05505,48.767487,50.317982,50.317982,979492374
5/22/2022,50.32066,53.02166,49.862785,52.75518,52.75518,1105760506
5/23/2022,52.736088,54.474648,48.927246,49.05685,49.05685,1661669360
5/24/2022,49.064232,50.577522,47.500824,49.653336,49.653336,1508166642
5/25/2022,49.648418,50.442371,47.673145,47.982426,47.982426,1304580067
5/26/2022,47.983974,48.551022,42.321381,43.491211,43.491211,2208994514
5/27/2022,43.47438,43.813648,40.268963,40.981346,40.981346,2256358026
5/28/2022,41.493732,44.658012,40.548679,44.343163,44.343163,1254325884
5/29/2022,44.338791,45.386253,41.998047,44.909615,44.909615,1317843243
5/30/2022,44.908669,47.936829,44.357407,47.179443,47.179443,1708817065
5/31/2022,47.181328,48.03899,44.840015,45.767841,45.767841,1509191627
6/1/2022,45.765129,45.946659,40.05035,40.269669,40.269669,1422647092
6/2/2022,40.25528,41.327866,38.360672,40.891346,40.891346,1554022054
6/3/2022,40.895752,41.433346,37.802719,38.25922,38.25922,1348656102
6/4/2022,38.274551,39.040428,36.040726,38.931446,38.931446,1130762770
6/5/2022,38.934101,39.995296,38.035351,38.480534,38.480534,998532387
6/6/2022,38.501598,44.450619,38.438789,42.433132,42.433132,1955057411
6/7/2022,42.429775,42.44931,37.776325,39.437572,39.437572,1974825213
6/8/2022,39.434052,40.526806,38.401608,38.843369,38.843369,1211034282
6/9/2022,38.845585,41.723763,38.555695,39.972607,39.972607,1265873005
6/10/2022,39.967625,40.769779,37.001259,37.089767,37.089767,1177042406
6/11/2022,37.092381,37.843258,33.435917,33.821117,33.821117,1086904917
6/12/2022,33.83749,34.228504,30.743271,30.743271,30.743271,1430666510
6/13/2022,30.730293,30.917982,26.13961,28.192362,28.192362,2577135234
6/14/2022,28.182896,31.610319,26.06032,29.714619,29.714619,2317785256
6/15/2022,29.695768,34.565529,26.868401,34.487942,34.487942,2574959860
6/16/2022,34.506123,35.71172,29.731699,29.989742,29.989742,1908909523
6/17/2022,30.002502,32.008869,29.478064,30.74292,30.74292,1283536081
6/18/2022,30.740925,31.838633,27.463039,31.807936,31.807936,1804420726
6/19/2022,31.809134,35.160576,28.910509,34.243748,34.243748,2005402608
6/20/2022,34.238365,36.764236,31.892912,35.417114,35.417114,1958378683
6/21/2022,35.397156,38.804771,34.400112,36.121159,36.121159,1790090431
6/22/2022,36.182724,36.704681,33.802742,34.121635,34.121635,1533123071
6/23/2022,34.120804,38.347355,34.083588,38.175232,38.175232,1666479184
6/24/2022,38.201443,42.729317,37.852936,42.212048,42.212048,1765927064
6/25/2022,42.202999,42.490692,39.875328,42.332813,42.332813,1271293523
6/26/2022,42.302418,42.341324,39.384304,39.408089,39.408089,1138724690
6/27/2022,39.409088,41.082157,38.170925,38.451252,38.451252,1253389517
6/28/2022,38.445427,39.705933,35.229137,35.326439,35.326439,1361946847
6/29/2022,35.327236,35.969231,33.251137,33.873901,33.873901,1366803516
6/30/2022,33.908783,34.045753,31.057346,33.588417,33.588417,1321861663
7/1/2022,33.645653,35.230743,31.934067,32.80307,32.80307,1427407655
7/2/2022,32.811005,33.934597,31.957586,33.359409,33.359409,765552187
7/3/2022,33.356258,33.577499,32.219078,33.385933,33.385933,605659825
7/4/2022,33.385269,36.806507,32.520714,36.78503,36.78503,1091202628
7/5/2022,36.761269,36.87249,33.266792,35.395554,35.395554,1569156882
7/6/2022,35.40472,37.476231,34.889488,37.073563,37.073563,1410588451
7/7/2022,37.075268,39.11948,36.497711,38.518307,38.518307,1189167903
7/8/2022,38.517429,39.35284,36.55621,38.28672,38.28672,1485794730
7/9/2022,38.292435,38.792534,37.870064,38.07196,38.07196,789899204
7/10/2022,38.071083,38.071083,36.386768,36.697609,36.697609,714119421
7/11/2022,36.693195,36.693195,33.337299,33.4636,33.4636,930216020
7/12/2022,33.465031,34.501244,32.757595,32.757595,32.757595,916386230
7/13/2022,32.748028,34.939667,31.959471,34.910938,34.910938,1313110217
7/14/2022,34.912262,37.221024,33.690948,37.107822,37.107822,1320137563
7/15/2022,37.11224,38.851181,36.646233,37.415928,37.415928,1266226950
7/16/2022,37.412758,40.084702,36.401539,39.574123,39.574123,1149921714
7/17/2022,39.579891,40.968723,38.546474,38.644722,38.644722,1119935904
7/18/2022,38.646957,43.746159,38.608562,43.746159,43.746159,1793335611
7/19/2022,43.668545,47.09938,42.716999,44.899876,44.899876,2530289999
7/20/2022,44.896854,46.09573,41.642551,42.09367,42.09367,2020822242
7/21/2022,42.088425,43.919407,39.818287,43.190594,43.190594,1926399176
7/22/2022,43.189011,44.223217,40.138878,40.618504,40.618504,1523873136
7/23/2022,40.591167,41.826378,38.714317,40.040977,40.040977,1151436691
7/24/2022,40.038811,42.021122,39.605618,41.006584,41.006584,1115260733
7/25/2022,41.00948,41.048183,36.711998,36.711998,36.711998,1465847128
7/26/2022,36.715424,36.715424,34.819839,36.190853,36.190853,1362323126
7/27/2022,36.203747,40.39473,35.755058,40.30785,40.30785,1829226049
7/28/2022,40.302082,44.073296,39.1329,42.845268,42.845268,2454901807
7/29/2022,42.876968,44.228748,41.277008,41.926998,41.926998,2066610408
7/30/2022,41.923416,46.476025,41.619186,43.75589,43.75589,1980341418
7/31/2022,43.760658,45.051529,42.352737,42.400204,42.400204,1356657075
8/1/2022,42.401554,43.116291,40.736763,41.786484,41.786484,1082119921
8/2/2022,41.774147,42.332111,39.74712,39.754505,39.754505,1205226999
8/3/2022,39.754864,40.730652,37.893131,38.544418,38.544418,2312325350
8/4/2022,38.54464,39.679878,38.044727,38.830673,38.830673,1235137178
8/5/2022,38.823994,41.174652,38.795719,40.561031,40.561031,1198859111
8/6/2022,40.561169,40.845413,39.953098,40.057007,40.057007,650997770
8/7/2022,40.060047,41.494068,39.336483,40.605591,40.605591,614104051
8/8/2022,40.609642,43.539856,40.603798,42.170551,42.170551,1117550363
8/9/2022,42.175392,42.702393,39.943928,40.372623,40.372623,895263875
8/10/2022,40.370525,42.611816,39.257374,42.365868,42.365868,1389333742
8/11/2022,42.37365,45.124771,42.37365,42.821789,42.821789,1735349568
8/12/2022,42.82053,45.375183,42.23114,45.334759,45.334759,1128246063
8/13/2022,45.340744,48.184284,45.340744,46.485348,46.485348,1416039040
8/14/2022,46.505985,47.960876,44.694038,44.916569,44.916569,1061034922
8/15/2022,44.92244,47.127541,42.909031,43.823223,43.823223,1364253429
8/16/2022,43.806095,44.187122,42.782154,43.158806,43.158806,1131452045
8/17/2022,43.153057,44.633087,40.28677,40.403053,40.403053,1336772691
8/18/2022,40.42651,41.607304,39.525936,39.545231,39.545231,885648540
8/19/2022,39.541328,39.541328,35.755028,35.890259,35.890259,1821467945
8/20/2022,35.876614,37.223209,34.358337,35.269733,35.269733,1203622743
8/21/2022,35.264179,36.982368,34.782307,36.533199,36.533199,982071275
8/22/2022,36.525806,36.525806,33.90044,35.47438,35.47438,1139846770
8/23/2022,35.475307,36.050423,34.312916,35.646252,35.646252,854779221
8/24/2022,35.645657,36.286068,34.433517,34.957916,34.957916,946325778
8/25/2022,34.959103,36.422668,34.933643,35.316463,35.316463,828503624
8/26/2022,35.313255,35.580132,31.499327,31.726362,31.726362,1315871629
8/27/2022,31.713827,32.205086,30.953018,31.542433,31.542433,764882265
8/28/2022,31.538864,32.129612,30.388781,30.392286,30.392286,562501615
8/29/2022,30.39386,32.520748,30.119162,32.465298,32.465298,891913484
8/30/2022,32.460041,33.072636,30.796524,31.412056,31.412056,861409804
8/31/2022,31.416515,32.876423,31.237885,31.472956,31.472956,769308937
9/1/2022,31.475082,31.709314,30.511267,31.585678,31.585678,666487074
9/2/2022,31.584988,32.358829,30.843948,31.22793,31.22793,659575995
9/3/2022,31.228193,31.232313,30.858368,31.109484,31.109484,314531753
9/4/2022,31.10894,32.139351,31.081865,32.106956,32.106956,392954663
9/5/2022,32.108028,32.370533,31.211069,32.194649,32.194649,512588616
9/6/2022,32.199669,33.785297,30.640547,30.891743,30.891743,1196204019
9/7/2022,30.8839,32.896896,30.488951,32.710918,32.710918,779212909
9/8/2022,32.708031,33.796051,32.102501,33.608646,33.608646,978070646
9/9/2022,33.606644,35.799934,33.6064,34.739765,34.739765,1186140934
9/10/2022,34.732857,35.362141,34.369415,35.126728,35.126728,731145106
9/11/2022,35.122841,35.899521,34.124435,34.965961,34.965961,757216096
9/12/2022,34.967442,38.169079,34.507923,37.424183,37.424183,1701399970
9/13/2022,37.421608,38.870384,32.870453,33.430817,33.430817,1785181627
9/14/2022,33.018276,34.283195,32.870453,34.091572,34.091572,1003604224
9/15/2022,34.094292,34.715267,32.721893,33.047684,33.047684,1139377803
9/16/2022,33.044594,33.203125,31.641165,32.208858,32.208858,765952525
9/17/2022,32.212246,33.848179,32.212246,33.750778,33.750778,501302380
9/18/2022,33.748276,33.954716,30.979143,31.059855,31.059855,694870049
9/19/2022,31.053614,32.989857,30.693249,32.685303,32.685303,971182780
9/20/2022,32.687065,32.790112,31.389032,31.433041,31.433041,819978937
9/21/2022,31.43379,33.133961,30.195068,30.826378,30.826378,1193686258
9/22/2022,30.815771,32.807045,30.638882,32.408905,32.408905,833702543
9/23/2022,32.406239,33.909164,31.363554,33.676636,33.676636,982495447
9/24/2022,33.675129,34.699177,33.274097,33.46265,33.46265,872691785
9/25/2022,33.461063,33.985237,32.014919,32.335361,32.335361,610529879
9/26/2022,32.336349,33.881508,31.96015,33.880554,33.880554,936313674
9/27/2022,33.878628,35.237244,32.271835,32.75013,32.75013,1223724195
9/28/2022,32.738255,33.741096,31.727701,33.235439,33.235439,998520503
9/29/2022,33.235283,34.338314,32.793049,33.95245,33.95245,951223921
9/30/2022,33.951778,35.133347,32.735813,33.212444,33.212444,1210784941
10/1/2022,33.215691,33.225082,32.466942,32.469395,32.469395,572976679
10/2/2022,32.470421,32.998119,31.997139,32.055698,32.055698,532211084
10/3/2022,32.05711,33.204929,31.954931,32.967621,32.967621,633204077
10/4/2022,32.956772,34.341999,32.881382,34.122471,34.122471,717157069
10/5/2022,34.117191,34.311543,33.279221,34.073883,34.073883,655950188
10/6/2022,34.073753,34.457283,33.333324,33.342819,33.342819,712289836
10/7/2022,33.344467,33.728569,32.551998,33.001465,33.001465,649212486
10/8/2022,33.000069,33.042526,32.445843,32.577934,32.577934,367021196
10/9/2022,32.578014,33.103115,32.478024,32.913883,32.913883,405849928
10/10/2022,32.912937,33.339455,31.970835,31.970835,31.970835,640691958
10/11/2022,31.966032,31.966032,30.579493,30.776869,30.776869,733071932
10/12/2022,30.779692,31.46023,30.72917,31.165485,31.165485,490127096
10/13/2022,31.164413,31.181086,28.197371,30.544519,30.544519,1302451856
10/14/2022,30.542488,31.909657,29.759932,30.007418,30.007418,836283411
10/15/2022,30.006132,30.151255,29.534006,29.575348,29.575348,547825492
10/16/2022,29.578842,30.444729,29.578842,30.16884,30.16884,608389719
10/17/2022,30.168091,31.263992,29.88316,31.224876,31.224876,658840500
10/18/2022,31.224253,31.411192,29.833694,30.164331,30.164331,715092973
10/19/2022,30.164618,30.212551,28.830276,28.900799,28.900799,697269954
10/20/2022,28.894571,29.432121,28.073795,28.085096,28.085096,803871622
10/21/2022,28.080429,28.243172,26.986404,28.108677,28.108677,967208274
10/22/2022,28.108328,28.14439,27.557684,28.013863,28.013863,474234383
10/23/2022,28.013676,29.331539,27.85796,29.270071,29.270071,633157057
10/24/2022,29.27252,29.413946,28.215033,28.310064,28.310064,667625312
10/25/2022,28.30999,32.191311,28.119305,30.939976,30.939976,1336242036
10/26/2022,30.928865,31.837549,30.765102,31.284721,31.284721,1250974763
10/27/2022,31.287027,32.203964,30.585346,30.630625,30.630625,1275994871
10/28/2022,30.630795,32.448708,30.189333,32.111263,32.111263,1063403956
10/29/2022,32.109062,33.73914,31.916813,32.857128,32.857128,1165931963
10/30/2022,32.857777,33.479279,32.061623,32.965931,32.965931,731319297
10/31/2022,32.961021,34.307743,32.286266,32.611038,32.611038,1174404933
11/1/2022,32.607609,33.325981,32.201412,32.248425,32.248425,729292793
11/2/2022,32.245979,32.834824,30.294113,30.788076,30.788076,1166999748
11/3/2022,30.792919,32.143494,30.677149,30.84388,30.84388,832207929
11/4/2022,30.841738,34.104263,30.73159,33.780853,33.780853,1364403572
11/5/2022,33.777416,38.549622,33.735134,36.765762,36.765762,2470595904
11/6/2022,36.772167,36.902027,32.546303,32.683582,32.683582,1650006613
11/7/2022,32.678947,33.067505,28.926735,29.601345,29.601345,2545092967
11/8/2022,29.597441,31.060968,21.783983,24.152937,24.152937,6120104231
11/9/2022,24.159435,24.159435,12.505624,13.940857,13.940857,4647808136
11/10/2022,13.985069,18.675638,13.411027,17.681408,17.681408,4084381465
11/11/2022,17.66345,18.136482,15.507472,16.326746,16.326746,2191908978
11/12/2022,16.340282,16.408434,14.538013,14.539001,14.539001,866923655
11/13/2022,14.537562,14.660888,13.122664,13.164529,13.164529,880792311
11/14/2022,13.165713,14.889988,12.254618,14.001356,14.001356,1365413449
11/15/2022,13.999627,14.969863,13.932036,14.301294,14.301294,833458645
11/16/2022,14.299587,14.562107,13.711964,14.285508,14.285508,487495993
11/17/2022,14.286023,14.46369,13.078255,13.638735,13.638735,673219780
11/18/2022,13.638845,13.790632,13.039168,13.247497,13.247497,357193046
11/19/2022,13.24739,13.255353,12.644581,12.851014,12.851014,314294255
11/20/2022,12.852312,13.416734,12.203308,12.252833,12.252833,508411732
11/21/2022,12.254122,12.257598,11.341638,11.846209,11.846209,504498729
11/22/2022,11.842515,12.465628,11.010652,12.435625,12.435625,529418278
11/23/2022,12.43792,14.402455,12.427633,14.351512,14.351512,859905329
11/24/2022,14.353003,14.85401,13.916857,14.582351,14.582351,620159372
11/25/2022,14.580628,14.581173,13.961507,14.063138,14.063138,323667943
11/26/2022,14.0628,14.887809,14.031248,14.159194,14.159194,333271818
11/27/2022,14.159537,14.409466,14.082966,14.115767,14.115767,225035409
11/28/2022,14.113132,14.145077,12.824841,13.404518,13.404518,447463511
11/29/2022,13.403423,13.897473,13.280128,13.369734,13.369734,265372933
11/30/2022,13.371024,14.21945,13.308285,14.115445,14.115445,331594403
12/1/2022,14.133452,14.154324,13.441185,13.480968,13.480968,232200065
12/2/2022,13.482586,13.773052,13.377079,13.71564,13.71564,245049936
12/3/2022,13.716783,13.730709,13.278402,13.302458,13.302458,161314094
12/4/2022,13.301778,13.724018,13.299368,13.718219,13.718219,141802483
12/5/2022,13.716101,14.13532,13.630226,13.831113,13.831113,335440747
12/6/2022,13.830925,14.322913,13.828653,14.288855,14.288855,279979830
12/7/2022,14.292367,14.31063,13.497425,13.519653,13.519653,223134812
12/8/2022,13.519829,13.753017,13.310491,13.689222,13.689222,195918913
12/9/2022,13.689074,13.979892,13.536896,13.580188,13.580188,211833041
12/10/2022,13.581316,13.695787,13.568408,13.576996,13.576996,109293691
12/11/2022,13.576214,13.778305,13.41336,13.42781,13.42781,117436002
12/12/2022,13.426751,13.458085,12.951157,13.318544,13.318544,205298705
12/13/2022,13.318247,14.05765,12.828972,13.833986,13.833986,315949878
12/14/2022,13.836178,14.887667,13.831062,14.140526,14.140526,441479811
12/15/2022,14.140318,14.467164,13.909064,14.021511,14.021511,272679087
12/16/2022,14.021939,14.145012,12.14768,12.266606,12.266606,358747840
12/17/2022,12.265799,12.511941,11.987808,12.504404,12.504404,222801055
12/18/2022,12.504684,12.568932,12.312158,12.41312,12.41312,110722042
12/19/2022,12.41585,12.566923,11.73771,11.932655,11.932655,206060595
12/20/2022,11.934521,12.43645,11.875389,12.280515,12.280515,177388342
12/21/2022,12.279061,12.279061,11.929597,12.128985,12.128985,167974882
12/22/2022,12.129865,12.168594,11.720109,11.794829,11.794829,181200151
12/23/2022,11.794523,12.084676,11.755585,11.786166,11.786166,157181374
12/24/2022,11.786255,11.786255,11.239624,11.444276,11.444276,202780776
12/25/2022,11.444534,11.534026,11.27483,11.387903,11.387903,105389060
12/26/2022,11.38769,11.45341,11.138464,11.306611,11.306611,132410401
12/27/2022,11.309179,11.390708,10.76621,11.08543,11.08543,223332961
12/28/2022,11.084863,11.098109,9.522949,9.755906,9.755906,468728777
12/29/2022,9.755775,9.827129,8.141268,9.651783,9.651783,772500177
12/30/2022,9.651915,10.021772,9.062715,9.880177,9.880177,837030648
12/31/2022,9.881005,10.151167,9.692624,9.961039,9.961039,285758573
1/1/2023,9.961036,10.052801,9.721011,9.982173,9.982173,194221164
1/2/2023,9.983222,11.372013,9.845211,11.272967,11.272967,558570124
1/3/2023,11.274727,13.500268,11.053267,13.344046,13.344046,1149255381
1/4/2023,13.351509,14.09534,12.922946,13.435113,13.435113,1142852070
1/5/2023,13.434939,13.7692,12.990192,13.41933,13.41933,564255825
1/6/2023,13.420552,13.541294,12.771324,13.525842,13.525842,517147909
1/7/2023,13.526757,13.526757,13.055073,13.092268,13.092268,210349250
1/8/2023,13.091505,14.333257,12.924286,14.319933,14.319933,535020165
1/9/2023,14.325533,17.361557,14.325533,16.302464,16.302464,2029272608
1/10/2023,16.296198,16.640087,15.711213,16.196724,16.196724,833408341
1/11/2023,16.196577,16.446589,15.368487,16.359415,16.359415,630606082
1/12/2023,16.789261,16.808434,15.744722,16.619043,16.619043,884719784
1/13/2023,16.618727,18.514465,16.381359,18.288445,18.288445,1037251176
1/14/2023,18.287506,24.565018,18.266825,24.249458,24.249458,3399684035
1/15/2023,24.259123,24.651987,22.116848,22.873306,22.873306,1661787281
1/16/2023,22.875086,24.752789,22.585596,23.577564,23.577564,1596086615
1/17/2023,23.580601,23.802801,22.882893,22.884064,22.884064,926501252
1/18/2023,22.886484,23.482634,20.693499,20.850634,20.850634,1427677518
1/19/2023,20.850828,21.765444,20.52895,21.426765,21.426765,799641392
1/20/2023,21.426407,25.678333,21.004543,25.548271,25.548271,1419157455
1/21/2023,25.551525,26.4105,24.614994,24.627838,24.627838,1948796870
1/22/2023,24.624043,25.38925,23.756323,24.23279,24.23279,1029738787
1/23/2023,24.231546,24.885983,23.973736,24.357807,24.357807,874649827
1/24/2023,24.352102,25.167665,22.647783,22.795673,22.795673,837211317
1/25/2023,22.796204,25.216593,22.397007,24.571445,24.571445,1166026842
1/26/2023,24.561398,25.120348,23.953539,24.350697,24.350697,809826004
1/27/2023,24.350981,24.861765,23.498766,24.407858,24.407858,682926581
1/28/2023,24.410603,25.017385,23.841827,23.981802,23.981802,489857934
1/29/2023,23.980787,26.652805,23.827845,26.132387,26.132387,1131621628
1/30/2023,26.135302,26.249315,23.489176,23.946321,23.946321,1084170329
1/31/2023,23.949322,24.341288,23.592249,23.952547,23.952547,617019880
2/1/2023,23.948515,25.126236,22.643122,24.993359,24.993359,984317489
2/2/2023,24.988787,26.037151,24.254307,24.265059,24.265059,1017290364
2/3/2023,24.260811,25.003572,24.118975,24.680897,24.680897,643813200
2/4/2023,24.679983,24.892578,24.317745,24.317745,24.317745,321758043
2/5/2023,24.319521,24.425667,23.116827,23.493439,23.493439,578466008
2/6/2023,23.493685,23.687357,22.603905,22.706388,22.706388,449884793
2/7/2023,22.697823,23.899799,22.607054,23.861357,23.861357,625438600
2/8/2023,23.860729,24.148073,22.881855,23.192671,23.192671,534148944
2/9/2023,23.198092,23.279087,20.203577,20.452127,20.452127,797436250
2/10/2023,20.45359,21.117727,19.843344,20.13011,20.13011,654189930
2/11/2023,20.128391,20.86068,20.119469,20.830095,20.830095,267159267
2/12/2023,20.828875,22.260618,20.646626,21.489979,21.489979,532943787
2/13/2023,21.486788,21.529655,19.870745,20.7901,20.7901,693292656
2/14/2023,20.781595,22.245665,20.711224,21.824953,21.824953,865868623
2/15/2023,21.824722,23.901154,21.502102,23.883902,23.883902,747616299
2/16/2023,23.88419,24.030554,22.264261,22.285952,22.285952,885086333
2/17/2023,22.282129,23.493309,22.153913,23.166758,23.166758,580803415
2/18/2023,23.167397,23.757635,22.967705,23.478592,23.478592,370892073
2/19/2023,23.476208,25.520731,23.268293,24.840752,24.840752,993875671
2/20/2023,24.846375,26.925581,24.342072,26.181387,26.181387,1459545676
2/21/2023,26.182732,26.424297,24.673828,24.948559,24.948559,925847245
2/22/2023,24.949751,25.135201,23.377934,24.181349,24.181349,892548647
2/23/2023,24.182421,24.635834,23.683668,23.900801,23.900801,579213279
2/24/2023,23.899637,24.05633,22.636557,23.053036,23.053036,612377428
2/25/2023,23.058849,23.273439,21.641863,22.523399,22.523399,547286025
2/26/2023,22.523857,23.484447,22.32424,23.256088,23.256088,370371591
2/27/2023,23.255739,23.367462,22.400766,22.692589,22.692589,475987023
2/28/2023,22.690985,22.725033,21.825813,21.916388,21.916388,351065863
3/1/2023,21.912136,22.795338,21.738678,22.506432,22.506432,346532018
3/2/2023,22.505314,22.575216,21.73251,21.984879,21.984879,322545445
3/3/2023,21.986517,22.001711,20.541079,21.399353,21.399353,489228523
3/4/2023,21.400026,21.536839,20.374146,20.966839,20.966839,249364880
3/5/2023,20.966393,21.616997,20.895563,20.978584,20.978584,278729462
3/6/2023,20.978413,21.098866,20.522215,20.635012,20.635012,318022843
3/7/2023,20.634691,20.886848,19.820597,20.244732,20.244732,394901279
3/8/2023,20.243931,20.332367,18.286304,18.421194,18.421194,620543521
3/9/2023,18.424707,18.689047,16.943132,17.308147,17.308147,754162560
3/10/2023,17.31225,18.323397,16.117346,18.243643,18.243643,944032048
3/11/2023,18.243105,18.848188,17.171354,18.225843,18.225843,696894876
3/12/2023,18.224798,20.392891,17.942476,20.310532,20.310532,666940879
3/13/2023,20.310793,21.340412,18.964472,20.433712,20.433712,1161164364
3/14/2023,20.434708,22.106672,19.914528,20.928034,20.928034,1130224251
3/15/2023,20.935295,21.488909,18.830359,19.290981,19.290981,816614774
3/16/2023,19.299496,19.883511,19.03631,19.730543,19.730543,438673097
3/17/2023,19.730066,21.676241,19.499819,21.629103,21.629103,623518286
3/18/2023,21.632441,22.861988,21.14187,21.195902,21.195902,789771840
3/19/2023,21.19829,22.453812,21.19829,21.903402,21.903402,475166077
3/20/2023,21.904612,23.831194,21.58556,22.176464,22.176464,1147250538
3/21/2023,22.177589,23.223715,21.639103,22.618267,22.618267,745081556
3/22/2023,22.614277,23.067322,21.149651,21.480486,21.480486,851680842
3/23/2023,21.475513,22.700598,21.216276,22.216778,22.216778,555730954
3/24/2023,22.214151,22.258434,20.355827,20.678856,20.678856,547225198
3/25/2023,20.677746,20.952482,20.184853,20.446646,20.446646,272949711
3/26/2023,20.444178,21.129982,20.34569,20.975519,20.975519,226663968
3/27/2023,20.976086,20.979824,19.508055,19.921675,19.921675,359607077
3/28/2023,19.922195,20.764208,19.665567,20.470697,20.470697,347656506
3/29/2023,20.465441,21.505144,20.458122,21.111467,21.111467,378726667
3/30/2023,21.11384,21.590513,20.232969,20.551046,20.551046,472449267
3/31/2023,20.552515,21.441999,20.155243,21.170496,21.170496,352864960
4/1/2023,21.171352,21.313889,20.858906,20.975641,20.975641,209186327
4/2/2023,21.087992,21.286085,20.315701,20.536976,20.536976,229561591
4/3/2023,20.536037,20.934097,20.024902,20.44305,20.44305,437266506
4/4/2023,20.44265,21.236378,20.35272,20.92462,20.92462,305630170
4/5/2023,20.924538,21.319178,20.670977,20.966007,20.966007,324885702
4/6/2023,20.969713,20.970621,20.506414,20.610128,20.610128,222557225
4/7/2023,20.611345,20.771725,20.267675,20.46994,20.46994,171660856
4/8/2023,20.466675,20.713236,19.947697,20.036449,20.036449,194413927
4/9/2023,20.03837,20.420706,19.964378,20.299465,20.299465,152580905
4/10/2023,20.300236,20.936527,20.115707,20.882357,20.882357,224169192
4/11/2023,20.883928,23.635956,20.860193,23.018827,23.018827,1083533914
4/12/2023,23.018801,24.344652,22.423229,23.985306,23.985306,1204250258
4/13/2023,23.810883,25.242456,23.704796,24.432308,24.432308,792335438
4/14/2023,24.435778,25.461393,23.817448,24.772722,24.772722,859037933
4/15/2023,24.774611,24.774611,23.872028,24.079378,24.079378,379745930
4/16/2023,24.079786,25.454144,23.947815,25.361927,25.361927,466841333
4/17/2023,25.36248,25.938335,24.406898,24.558846,24.558846,789077237
4/18/2023,24.564686,25.423292,24.102089,24.85269,24.85269,487693856
4/19/2023,24.85041,24.939508,22.266665,22.712835,22.712835,836873906
4/20/2023,22.70462,23.120537,21.664963,22.18144,22.18144,658826580
4/21/2023,22.183802,22.37649,21.133299,21.278135,21.278135,489546774
4/22/2023,21.277473,21.948162,21.108492,21.816288,21.816288,246809009
4/23/2023,21.816427,22.217382,21.067719,21.480139,21.480139,314447869
4/24/2023,21.47946,21.950172,21.078793,21.391069,21.391069,358681450
4/25/2023,21.389921,21.937141,20.783756,21.927254,21.927254,367752382
4/26/2023,21.927477,22.921377,20.574015,21.283012,21.283012,690088236
4/27/2023,21.284691,22.483582,21.226152,22.340115,22.340115,509745191
4/28/2023,22.339731,23.460052,22.210754,23.366287,23.366287,511781472
4/29/2023,23.366915,23.750763,22.987078,23.182997,23.182997,369964075
4/30/2023,23.183659,23.929724,22.832014,22.832014,22.832014,368042267
5/1/2023,22.828505,22.878492,21.640711,21.986633,21.986633,438350469
5/2/2023,21.986553,22.373878,21.772896,22.264978,22.264978,296722866
5/3/2023,22.265135,22.267185,21.2827,22.218002,22.218002,445797367
5/4/2023,22.218752,22.441139,21.651815,21.730349,21.730349,291826693
5/5/2023,21.730816,23.029722,21.706457,22.826111,22.826111,423211212
5/6/2023,22.828093,23.222301,21.729971,21.974262,21.974262,351934449
5/7/2023,21.971926,22.738605,21.808727,21.844229,21.844229,303626005
5/8/2023,21.807779,21.807779,20.26063,20.657463,20.657463,553548056
5/9/2023,20.658003,20.964788,20.459637,20.683645,20.683645,272780907
5/10/2023,20.682779,21.29501,20.165688,20.953711,20.953711,490700208
5/11/2023,20.9555,20.9555,19.855696,20.23488,20.23488,376535594
5/12/2023,20.232479,20.929598,19.864313,20.911795,20.911795,362726295
5/13/2023,20.915911,21.247978,20.821968,20.868761,20.868761,224618367
5/14/2023,20.868267,21.243988,20.666637,20.953398,20.953398,184522451
5/15/2023,20.953228,21.48564,20.64781,21.007189,21.007189,307353987
5/16/2023,21.008013,21.120253,20.47538,20.67942,20.67942,279283146
5/17/2023,20.679012,21.170769,20.500479,21.068399,21.068399,279742763
5/18/2023,21.068193,21.068193,20.168507,20.348696,20.348696,293327002
5/19/2023,20.348099,20.5581,20.312674,20.349871,20.349871,149073606
5/20/2023,20.350309,20.361488,20.146999,20.285446,20.285446,121021517
5/21/2023,20.285702,20.383839,19.508217,19.609438,19.609438,210641913
5/22/2023,19.612019,19.981628,19.383373,19.542046,19.542046,216922971
5/23/2023,19.542263,20.152935,19.45126,20.043182,20.043182,258761187
5/24/2023,20.04435,20.062014,18.914326,19.223663,19.223663,297840141
5/25/2023,19.222572,19.525496,18.892263,19.260662,19.260662,194537149
5/26/2023,19.260941,19.541164,19.120453,19.366957,19.366957,140228468
5/27/2023,19.366158,20.499245,19.35017,20.425234,20.425234,179682882
5/28/2023,20.426081,21.15099,20.336889,20.798578,20.798578,291460886
5/29/2023,20.800047,20.970686,20.297682,20.58651,20.58651,228295637
5/30/2023,20.587137,21.381718,20.519501,21.254084,21.254084,367512387
5/31/2023,21.255285,21.318878,20.468752,20.824503,20.824503,246152341
6/1/2023,20.824892,20.972609,20.46447,20.502218,20.502218,209047110
6/2/2023,20.502729,21.35614,20.383593,21.257595,21.257595,237609887
6/3/2023,21.258623,21.335468,21.017078,21.155565,21.155565,144933830
6/4/2023,21.15741,22.284592,21.061323,21.818975,21.818975,317802167
6/5/2023,21.821796,22.042025,19.423832,20.07506,20.07506,594214946
6/6/2023,20.062506,20.683781,19.320532,20.398483,20.398483,441408235
6/7/2023,20.399315,20.486584,18.549921,18.634283,18.634283,390444801
6/8/2023,18.635647,19.077765,18.294737,18.909475,18.909475,258460307
6/9/2023,18.908403,19.299477,17.161293,17.3797,17.3797,463344687
6/10/2023,17.381353,17.392958,13.379449,15.656101,15.656101,1230339924
6/11/2023,15.65445,16.115692,15.198493,15.558776,15.558776,446176848
6/12/2023,15.557232,15.606237,14.81719,15.196708,15.196708,384209938
6/13/2023,15.196287,15.873086,14.816585,15.018193,15.018193,363876713
6/14/2023,15.01819,15.30515,14.195953,14.486572,14.486572,296502336
6/15/2023,14.486286,15.010393,14.214148,14.759473,14.759473,329864409
6/16/2023,14.760416,15.399172,14.469567,15.308254,15.308254,232544705
6/17/2023,15.308581,16.065783,15.185427,15.650521,15.650521,206436912
6/18/2023,15.649475,15.812691,15.361244,15.438235,15.438235,141612316
6/19/2023,15.438766,16.075371,15.414377,16.073042,16.073042,163949883
6/20/2023,16.078037,16.665106,15.759371,16.635231,16.635231,265787114
6/21/2023,16.635487,17.379574,16.583469,17.257046,17.257046,357788986
6/22/2023,17.257149,17.698505,16.610346,16.64262,16.64262,299233520
6/23/2023,16.642969,17.510693,16.236748,17.149534,17.149534,386994632
6/24/2023,17.149275,17.517597,16.463318,16.652863,16.652863,260480952
6/25/2023,16.651472,17.340685,16.607138,16.97138,16.97138,252839095
6/26/2023,16.969646,17.101677,16.020975,16.270027,16.270027,275948459
6/27/2023,16.269871,16.909897,16.178589,16.61965,16.61965,259041273
6/28/2023,16.621904,16.627329,15.747582,15.986843,15.986843,327399744
6/29/2023,15.985511,18.199755,15.906377,17.970457,17.970457,737633196
6/30/2023,17.971071,19.855125,17.314871,18.897322,18.897322,1120379648
7/1/2023,18.896065,18.971428,17.945799,18.683903,18.683903,349552752
7/2/2023,18.689669,19.704559,18.582005,19.453594,19.453594,497231250
7/3/2023,19.452414,19.613159,18.943146,19.240538,19.240538,324227812
7/4/2023,19.242031,19.876696,19.096739,19.143229,19.143229,345225951
7/5/2023,19.145613,19.355267,18.498629,18.992865,18.992865,260416081
7/6/2023,18.991993,20.922775,18.886261,19.729385,19.729385,903770571
7/7/2023,19.72611,21.601711,19.318932,21.484665,21.484665,988591308
7/8/2023,21.485252,22.403002,21.356882,21.859268,21.859268,693929963
7/9/2023,21.854956,22.322025,21.087578,21.349005,21.349005,405174806
7/10/2023,21.347788,21.777145,20.572586,21.313776,21.313776,543191863
7/11/2023,21.314722,22.2852,21.242493,22.092934,22.092934,453810523
7/12/2023,22.092424,22.712725,21.828255,21.977602,21.977602,541605988
7/13/2023,21.97846,26.624346,21.494825,26.025696,26.025696,1527996472
7/14/2023,26.02076,30.057695,25.434978,26.735718,26.735718,2184090884
7/15/2023,26.729034,29.057396,26.688868,27.391356,27.391356,1323279744
7/16/2023,27.395527,28.551088,26.897699,27.384083,27.384083,753056132
7/17/2023,27.385769,28.380919,25.895729,26.872766,26.872766,970813262
7/18/2023,26.869007,27.045597,24.824854,25.544504,25.544504,696782373
7/19/2023,25.550882,26.922089,25.418062,26.372353,26.372353,603189951
7/20/2023,26.368727,26.896439,25.169426,25.375168,25.375168,606255421
7/21/2023,25.375525,25.947922,25.142338,25.544268,25.544268,410907584
7/22/2023,25.543179,25.950357,24.306475,24.535053,24.535053,335432006
7/23/2023,24.532663,25.213612,24.250967,24.766815,24.766815,330741258
7/24/2023,24.76552,24.810638,23.069426,23.381491,23.381491,492344649
7/25/2023,23.383249,23.525883,22.864363,23.279322,23.279322,346742173
7/26/2023,23.279358,25.518347,23.207731,25.177053,25.177053,688135176
7/27/2023,25.17808,25.586376,24.720161,25.099337,25.099337,514211484
7/28/2023,25.098728,25.473248,24.577673,24.846857,24.846857,374045446
7/29/2023,24.843933,25.367044,24.780375,25.168974,25.168974,265061245
7/30/2023,25.169373,25.193293,23.845407,24.261019,24.261019,365262222
7/31/2023,24.261839,24.750183,23.658819,23.720957,23.720957,376948332
8/1/2023,23.724892,23.998753,23.087238,23.998753,23.998753,428254164
8/2/2023,23.993515,24.219627,22.984316,23.145721,23.145721,393185796
8/3/2023,23.144894,23.353016,22.5401,22.636049,22.636049,365983702
8/4/2023,22.632715,23.521782,22.522667,22.793619,22.793619,382245804
8/5/2023,22.793602,22.895529,22.327997,22.632204,22.632204,250613466
8/6/2023,22.632547,23.4161,22.596603,23.185696,23.185696,320595154
8/7/2023,23.185406,23.503939,22.487352,23.068756,23.068756,353804981
8/8/2023,23.069252,24.727625,23.021738,24.211763,24.211763,495649796
8/9/2023,24.211031,24.951586,24.194208,24.378527,24.378527,447009018
8/10/2023,24.378302,24.8095,24.150667,24.613052,24.613052,339616018
8/11/2023,24.610626,24.865314,24.359615,24.582861,24.582861,314045619
8/12/2023,24.585543,25.111952,24.405806,24.906731,24.906731,253389584
8/13/2023,24.905216,24.91316,24.236483,24.242886,24.242886,263449955
8/14/2023,24.242403,25.227118,24.095398,25.142822,25.142822,359715099
8/15/2023,25.147171,25.241121,23.761662,23.896585,23.896585,424193111
8/16/2023,23.900015,23.99312,22.487528,22.811975,22.811975,441171937
8/17/2023,22.811419,23.380619,20.304153,21.709974,21.709974,620931325
8/18/2023,21.712427,22.170013,21.089134,21.335493,21.335493,411279768
8/19/2023,21.335711,22.147785,21.315994,21.879038,21.879038,244048976
8/20/2023,21.879751,22.004704,21.630095,21.773275,21.773275,198853112
8/21/2023,21.773264,21.777426,20.683577,21.20826,21.20826,339125910
8/22/2023,21.207066,21.250513,19.735468,20.546541,20.546541,381594696
8/23/2023,20.54735,21.746029,20.451468,21.703625,21.703625,404686524
8/24/2023,21.707987,21.988443,20.751087,21.033031,21.033031,328472951
8/25/2023,21.03511,21.049627,20.153101,20.392719,20.392719,278312420
8/26/2023,20.392975,20.403776,20.217575,20.280424,20.280424,144065112
8/27/2023,20.280701,20.870127,20.262112,20.786839,20.786839,177496132
8/28/2023,20.786964,20.786964,20.16869,20.5571,20.5571,200600033
8/29/2023,20.556866,21.983257,20.128344,21.780764,21.780764,469679540
8/30/2023,21.782026,21.932714,20.641665,20.834904,20.834904,292322455
8/31/2023,20.833838,21.007214,19.549763,19.735092,19.735092,343649256
9/1/2023,19.734756,19.907936,19.09251,19.327845,19.327845,286842939
9/2/2023,19.328524,19.666084,19.188915,19.493744,19.493744,200858690
9/3/2023,19.494253,19.657276,19.280931,19.578747,19.578747,164570332
9/4/2023,19.57785,19.949865,19.242256,19.499409,19.499409,220024399
9/5/2023,19.500677,20.547443,19.094311,20.272385,20.272385,387328289
9/6/2023,20.272238,20.348989,19.215927,19.620029,19.620029,313630984
9/7/2023,19.62108,19.972979,19.367788,19.890499,19.890499,242438252
9/8/2023,19.893768,20.214828,19.421865,19.599045,19.599045,219114497
9/9/2023,19.600006,19.602888,19.404615,19.446072,19.446072,101925453
9/10/2023,19.446188,19.446188,17.87034,18.248831,18.248831,520683204
9/11/2023,18.246708,18.413116,17.461477,17.739166,17.739166,380225621
9/12/2023,17.738865,18.655071,17.606657,17.929827,17.929827,361388393
9/13/2023,17.930872,18.508787,17.739513,18.403,18.403,356729875
9/14/2023,18.403322,19.267307,18.403322,18.838306,18.838306,349380172
9/15/2023,18.83918,19.406582,18.59033,19.168844,19.168844,205202282
9/16/2023,19.169498,19.416815,18.917416,19.140369,19.140369,146477836
9/17/2023,19.139828,19.139828,18.71294,18.831629,18.831629,112594680
9/18/2023,18.83238,20.100101,18.651571,19.657246,19.657246,316245106
9/19/2023,19.657076,20.358543,19.614437,20.036188,20.036188,253895801
9/20/2023,20.036289,20.48304,19.853781,20.304937,20.304937,233206126
9/21/2023,20.304815,20.304815,19.373915,19.479071,19.479071,253809695
9/22/2023,19.478251,19.774113,19.221296,19.438145,19.438145,170874161
9/23/2023,19.438511,19.558161,19.313749,19.473904,19.473904,97379053
9/24/2023,19.473894,19.657696,19.308037,19.37429,19.37429,115380619
9/25/2023,19.374146,19.70344,19.217249,19.40414,19.40414,163848456
9/26/2023,19.402744,19.505365,18.941389,19.023287,19.023287,170201883
9/27/2023,19.022514,19.446526,18.774216,19.130022,19.130022,210385139
9/28/2023,19.129475,19.960865,19.110308,19.957617,19.957617,225954938
9/29/2023,19.959581,20.415977,19.87516,20.300655,20.300655,219571069
9/30/2023,20.299589,21.729971,20.12468,21.395147,21.395147,328987954
10/1/2023,21.392059,24.396019,21.170073,23.836487,23.836487,637123111
10/2/2023,23.837955,24.603424,22.976023,23.3717,23.3717,658084028
10/3/2023,23.369921,24.662073,23.296711,23.552694,23.552694,653491878
10/4/2023,23.556915,23.754377,22.692842,23.144787,23.144787,429268875
10/5/2023,23.146551,23.717648,22.628948,22.694141,22.694141,361288781
10/6/2023,22.692167,23.705091,22.692167,23.424454,23.424454,402665506
10/7/2023,23.42395,24.101723,23.117117,23.287302,23.287302,278403509
10/8/2023,23.289335,23.613707,23.144279,23.246426,23.246426,190670414
10/9/2023,23.244909,23.353512,21.814489,22.118397,22.118397,356967743
10/10/2023,22.117517,22.458488,21.738728,22.105116,22.105116,241087146
10/11/2023,22.105202,22.391182,21.679808,22.00742,22.00742,278925381
10/12/2023,22.007484,22.019926,21.068972,21.300268,21.300268,283320977
10/13/2023,21.299955,22.156654,21.132036,21.834917,21.834917,269268807
10/14/2023,21.834354,22.196814,21.821913,22.011719,22.011719,174004594
10/15/2023,22.010534,22.135815,21.711384,21.922028,21.922028,178940996
10/16/2023,21.922586,24.414469,21.922586,23.982958,23.982958,726713710
10/17/2023,23.98159,24.485266,23.64439,23.959318,23.959318,520830665
10/18/2023,23.959225,24.302999,23.424078,23.432138,23.432138,362606644
10/19/2023,23.433477,25.389076,23.256447,24.93792,24.93792,663249208
10/20/2023,24.937544,27.31617,24.774506,27.033674,27.033674,910991447
10/21/2023,27.034481,30.142448,26.712612,29.386229,29.386229,1160814433
10/22/2023,29.384228,29.966192,28.208645,29.036682,29.036682,665340924
10/23/2023,29.26222,32.468773,28.901739,31.850985,31.850985,1581590969
10/24/2023,31.849657,32.360317,29.702093,30.151537,30.151537,1450364573
10/25/2023,30.15122,33.693222,30.059874,32.463066,32.463066,1458706203
10/26/2023,32.461857,33.22134,30.797068,32.775494,32.775494,1015617285
10/27/2023,32.776436,33.302402,31.525139,31.739698,31.739698,870812666
10/28/2023,31.739922,32.477669,31.506313,31.653318,31.653318,380462073
10/29/2023,31.652102,33.131329,31.434202,32.822609,32.822609,507672244
10/30/2023,32.819035,35.172894,32.394566,34.962337,34.962337,1099930941
10/31/2023,34.959831,38.546432,34.908436,38.519516,38.519516,1577034191
11/1/2023,38.513058,46.2509,37.961052,41.461544,41.461544,3630725002
11/2/2023,41.385948,44.489124,38.975346,40.207569,40.207569,2583692673
11/3/2023,40.208927,40.225723,38.218376,39.51976,39.51976,1755955299
11/4/2023,39.52021,42.69524,39.168793,42.346596,42.346596,1454107898
11/5/2023,42.373367,42.803539,40.380127,41.238602,41.238602,884855278
11/6/2023,41.238564,42.155067,39.825077,42.12859,42.12859,1010459088
11/7/2023,42.137772,44.42585,40.319908,43.092545,43.092545,1780187159
11/8/2023,43.085918,43.805058,42.39423,43.189888,43.189888,1009177437
11/9/2023,43.18187,48.703068,42.608185,45.444828,45.444828,2830770419
11/10/2023,45.442371,57.349102,45.216846,56.643852,56.643852,3795204638
11/11/2023,56.640995,63.415447,54.044868,56.102661,56.102661,4182963132
11/12/2023,56.13203,61.714905,54.942104,56.154099,56.154099,2987356952
11/13/2023,56.180626,59.713657,51.907051,51.907051,51.907051,2942685126
11/14/2023,51.902218,57.730106,51.714462,56.838375,56.838375,3195616616
11/15/2023,56.839939,66.867668,56.308987,65.534401,65.534401,3793937162
11/16/2023,65.539444,67.992149,56.810131,57.871403,57.871403,3922608772
11/17/2023,57.92104,60.41629,54.551647,58.415936,58.415936,3185454735
11/18/2023,58.392673,59.283443,55.062313,58.512726,58.512726,1942321169
11/19/2023,58.524284,62.021152,56.882648,61.393559,61.393559,1998656461
11/20/2023,61.370461,61.370461,56.353432,56.533833,56.533833,1937313546
11/21/2023,56.540367,57.365688,51.555916,52.000473,52.000473,2440890238
11/22/2023,52.002129,58.791565,51.737495,57.588558,57.588558,1985653842
11/23/2023,57.578018,59.473923,56.287563,56.599369,56.599369,1379316733
11/24/2023,56.578892,58.686012,56.349091,56.86644,56.86644,1146346831
11/25/2023,56.866287,59.654144,56.325279,58.846489,58.846489,1183793273
11/26/2023,58.845421,58.957962,56.511456,57.6427,57.6427,871154750
11/27/2023,57.628868,58.021225,53.71447,55.064621,55.064621,1237763215
11/28/2023,55.06263,58.606823,54.085323,58.19437,58.19437,1412314015
11/29/2023,58.19305,61.653358,57.855091,59.25013,59.25013,1941361674
11/30/2023,59.253517,61.437874,58.946922,59.241623,59.241623,1263841021
12/1/2023,59.238178,61.758018,58.77821,59.803997,59.803997,1376669760
12/2/2023,59.803745,63.832859,59.773762,63.832859,63.832859,1346327049
12/3/2023,63.820877,65.396255,62.416622,63.039967,63.039967,1368876645
12/4/2023,63.037769,65.13324,60.280521,61.526615,61.526615,2211865569
12/5/2023,61.529175,62.540005,59.250828,60.994831,60.994831,1693517649
12/6/2023,60.979866,66.383621,60.979866,61.902958,61.902958,3030993886
12/7/2023,61.934044,69.300468,61.873009,67.83783,67.83783,3002455075
12/8/2023,67.846718,75.129791,67.841232,75.002434,75.002434,3612712432
12/9/2023,74.989548,77.502022,72.039688,72.257607,72.257607,2893248364
12/10/2023,72.272949,74.724594,70.919228,74.705887,74.705887,1849363354
12/11/2023,74.714226,74.838112,67.215492,70.367172,70.367172,3729540309
12/12/2023,70.344284,72.340927,65.968994,68.54068,68.54068,2366453484
12/13/2023,68.532249,72.354759,64.369774,70.767784,70.767784,2414610075
12/14/2023,70.748672,76.179985,69.857323,75.620331,75.620331,2464938440
12/15/2023,75.636688,79.15107,72.366638,72.368988,72.368988,2821390652
12/16/2023,72.433479,77.079201,71.569344,73.473503,73.473503,1781972898
12/17/2023,73.474785,74.720016,70.824455,71.000519,71.000519,1552380672
12/18/2023,70.932632,75.380539,67.334404,74.34716,74.34716,2281865174
12/19/2023,74.34919,76.271408,72.010612,72.989769,72.989769,1900875405
12/20/2023,72.98999,83.957451,72.98999,82.191231,82.191231,3745738278
12/21/2023,82.185646,95.323441,81.237709,93.854813,93.854813,4711493441
12/22/2023,93.858017,99.124428,90.798401,98.003693,98.003693,5284203995
12/23/2023,98.001686,109.508842,93.106766,107.594231,107.594231,3957434568
12/24/2023,107.725136,117.380669,107.725136,112.485214,112.485214,6365529251
12/25/2023,112.564117,125.193893,108.903381,121.146461,121.146461,5951791518
12/26/2023,121.084335,121.143997,104.728218,112.676735,112.676735,6117657160
12/27/2023,112.654831,115.033875,105.425232,107.023796,107.023796,4267938569
12/28/2023,107.022705,109.420654,97.668648,102.104568,102.104568,4492625126
12/29/2023,102.069283,109.67112,100.055511,106.311516,106.311516,4445797973
12/30/2023,106.2985,107.328224,101.068123,101.845085,101.845085,1863177830
12/31/2023,101.844177,105.133545,99.886429,101.505821,101.505821,1748630533
1/1/2024,101.51281,109.508682,101.51281,109.508682,109.508682,2157671990
1/2/2024,109.549065,116.882492,106.388985,106.611221,106.611221,3782057553
1/3/2024,106.616531,109.848091,92.923668,98.594437,98.594437,5472216595
1/4/2024,98.586975,107.982468,97.10833,105.077538,105.077538,3272723247
1/5/2024,105.05201,105.235428,95.942726,99.97879,99.97879,3022127826
1/6/2024,99.987991,100.037407,92.022789,93.857719,93.857719,2235902092
1/7/2024,93.860352,96.692398,88.223457,89.276344,89.276344,2288061692
1/8/2024,89.278175,99.761871,85.646698,97.790443,97.790443,4152448360
1/9/2024,97.816032,103.796165,95.893791,99.409187,99.409187,4070131683
1/10/2024,99.384239,105.082375,92.563263,102.03302,102.03302,4216429514
1/11/2024,102.103653,106.935738,98.412498,99.909439,99.909439,4174026719
1/12/2024,99.911873,100.254494,88.309845,91.720909,91.720909,2868799888
1/13/2024,91.759743,96.917648,89.754494,95.730049,95.730049,1880329065
1/14/2024,95.732651,102.173584,93.890564,94.133141,94.133141,2736734725
1/15/2024,94.036545,96.821236,93.241112,94.490227,94.490227,1755858499
1/16/2024,94.438347,98.595306,94.396683,97.626915,97.626915,1806576879
1/17/2024,97.615807,102.433739,97.055161,102.063599,102.063599,3220344763
1/18/2024,102.029495,102.923141,92.140579,94.250954,94.250954,2684524713
1/19/2024,94.250671,95.164726,87.483658,93.386169,93.386169,2631067383
1/20/2024,93.393799,94.025314,90.493752,92.569839,92.569839,1204443546
1/21/2024,92.589523,93.713783,90.848434,90.848434,90.848434,894963197
1/22/2024,90.903694,91.636162,82.659767,83.62281,83.62281,2662287481
1/23/2024,83.621841,85.840187,79.066696,84.274506,84.274506,2990436327
1/24/2024,84.287262,89.267723,83.418686,88.73201,88.73201,2352477736
1/25/2024,88.737801,89.376823,85.273682,86.889214,86.889214,1674093024
1/26/2024,86.88945,93.528671,86.148392,92.442368,92.442368,2027305107
1/27/2024,92.387627,94.437614,90.844765,94.163216,94.163216,1256585307
1/28/2024,94.1819,99.377373,93.53833,95.937981,95.937981,2425625612
1/29/2024,95.937981,101.771912,95.176132,101.566666,101.566666,2604890575
1/30/2024,101.566666,106.213455,101.10939,101.472977,101.472977,3328090833
1/31/2024,101.449257,102.548065,96.103592,97.028709,97.028709,3814467068
2/1/2024,97.024841,97.944191,93.379189,97.846695,97.846695,2951395444
2/2/2024,97.834694,102.412628,97.574158,100.440521,100.440521,2574044077
2/3/2024,100.451134,101.058983,96.812576,97.879982,97.879982,1349320819
2/4/2024,97.885063,98.457588,95.266373,95.476959,95.476959,1304106726
2/5/2024,95.471466,98.544044,94.292526,95.54866,95.54866,1635327054
2/6/2024,95.549614,97.790787,93.280739,96.861076,96.861076,1699997346
2/7/2024,96.861893,101.236603,94.720222,100.979279,100.979279,1733607189
2/8/2024,100.995499,104.798042,100.553696,102.785637,102.785637,2288429230
2/9/2024,102.790176,108.987724,102.790176,106.933334,106.933334,2852770180
2/10/2024,106.933662,110.74279,106.933662,109.13147,109.13147,1836561570
2/11/2024,109.116676,110.55687,107.357651,107.495285,107.495285,1370383843
2/12/2024,107.49263,112.069664,103.609291,111.992752,111.992752,2650731894
2/13/2024,111.977249,114.810646,108.493782,112.579308,112.579308,2709494768
2/14/2024,112.574966,118.327782,110.878471,116.976326,116.976326,2391239729
2/15/2024,116.98539,118.306496,111.775879,113.699409,113.699409,2471486178
2/16/2024,113.673073,114.25309,108.348724,110.445915,110.445915,1921299579
2/17/2024,110.443306,111.073044,106.125221,108.984016,108.984016,1370606631
2/18/2024,108.987602,114.001381,107.60672,112.174675,112.174675,1516321334
2/19/2024,112.178825,114.717979,111.081413,111.485329,111.485329,1898655220
2/20/2024,111.483444,112.036743,104.890228,108.459641,108.459641,2656976089
2/21/2024,108.452667,108.452667,100.412018,105.125221,105.125221,2246861647
2/22/2024,105.120308,106.995407,101.642403,101.669792,101.669792,1830636004
2/23/2024,101.674622,103.022835,98.958351,99.954697,99.954697,1483285120
2/24/2024,99.954376,104.645393,98.585205,104.133522,104.133522,1083637514
2/25/2024,104.132668,104.329941,102.171028,103.453491,103.453491,909662462
2/26/2024,103.450706,110.580353,100.4552,109.918533,109.918533,2334408023
2/27/2024,109.918785,112.204712,105.896935,108.388084,108.388084,2723995106
2/28/2024,108.399239,118.0522,107.460876,118.0522,118.0522,5029492553
2/29/2024,118.238747,134.465698,117.667519,125.711517,125.711517,6950123902
3/1/2024,125.636703,137.601868,125.636703,129.990402,129.990402,4743077738
3/2/2024,129.982315,131.454865,127.680885,129.70018,129.70018,2741772676
3/3/2024,129.793381,132.062744,125.769325,130.450867,130.450867,2875614168
3/4/2024,130.423233,134.874176,127.798141,133.19458,133.19458,4429758300
3/5/2024,133.159363,142.65094,109.538757,125.706711,125.706711,8980294607
3/6/2024,125.699211,134.810623,120.317337,130.74202,130.74202,5146680159
3/7/2024,130.74202,149.224731,130.701752,143.977859,143.977859,7111178325
3/8/2024,143.97728,152.417923,142.536148,145.240036,145.240036,5474659974
3/9/2024,145.240326,149.351288,144.290375,144.607254,144.607254,2946261381
3/10/2024,144.60733,148.671921,140.839996,144.515182,144.515182,3407621981
3/11/2024,144.514481,150.017975,137.63298,148.750961,148.750961,5383624184
3/12/2024,148.74968,154.942291,142.870148,151.015442,151.015442,6413617983
3/13/2024,151.015442,166.448761,148.945618,163.839813,163.839813,5917471836
3/14/2024,163.839935,177.892624,160.233551,176.679749,176.679749,8399967972
3/15/2024,176.679749,188.501358,165.41272,182.964691,182.964691,14093348410
3/16/2024,182.967514,197.655991,177.461273,181.880341,181.880341,11794134069
3/17/2024,181.880341,204.292542,179.225601,202.123566,202.123566,10876218562
3/18/2024,202.122604,209.69606,194.849411,195.992752,195.992752,11137647410
3/19/2024,195.992752,198.241074,166.176743,170.016281,170.016281,11658593922
3/20/2024,170.016281,192.911819,163.296265,191.549622,191.549622,8673957460
3/21/2024,191.549622,195.306122,176.283325,179.220749,179.220749,5613811275
3/22/2024,179.239807,181.323242,167.877853,174.363708,174.363708,4150938142
3/23/2024,174.363708,178.80011,171.016968,172.902252,172.902252,2711581881
3/24/2024,172.897873,186.629425,171.673721,183.573456,183.573456,2661231893
3/25/2024,183.573456,194.430267,181.25235,189.083542,189.083542,4066489821
3/26/2024,189.083389,196.293045,186.752823,190.69986,190.69986,3520179571
3/27/2024,190.699982,192.496582,180.420441,186.361465,186.361465,3844985014
3/28/2024,186.361465,190.883469,180.99762,189.621628,189.621628,2910414256
3/29/2024,189.621628,192.969818,183.646164,192.227951,192.227951,3031009580
3/30/2024,192.227859,199.730942,191.216782,194.385544,194.385544,2999311846
3/31/2024,194.375793,203.026794,194.035324,202.87413,202.87413,2342185476
4/1/2024,202.874435,204.179764,187.488892,192.567825,192.567825,3872515434
4/2/2024,192.567825,192.569427,176.13208,181.172256,181.172256,4553269015
4/3/2024,181.172729,191.692673,177.395508,185.248611,185.248611,4160370221
4/4/2024,185.248611,190.069687,180.512299,183.958115,183.958115,4101220964
4/5/2024,183.958115,184.977783,168.236069,174.501511,174.501511,7398400404
4/6/2024,174.501511,179.697525,173.874313,178.915344,178.915344,4672922789
4/7/2024,178.915344,182.538208,177.065796,179.649857,179.649857,1854793003
4/8/2024,179.650696,184.302872,175.589981,180.784775,180.784775,2744377905
4/9/2024,180.77951,180.825684,169.367767,172.41362,172.41362,2688188866
4/10/2024,172.414261,175.322617,163.813126,173.437363,173.437363,3344074648
4/11/2024,173.437363,176.235519,170.393433,172.57637,172.57637,2712334365
4/12/2024,172.57637,175.80864,145.516388,153.635468,153.635468,4727185451
4/13/2024,153.634476,154.943954,119.833344,139.34169,139.34169,8976793985
4/14/2024,139.34169,152.501007,131.28717,151.284943,151.284943,7110974218
4/15/2024,151.299438,155.961166,134.572556,138.508621,138.508621,5699439234
4/16/2024,138.507568,140.278305,126.86528,136.279327,136.279327,5156084639
4/17/2024,136.279114,142.604385,127.528954,131.86618,131.86618,4888546522
4/18/2024,131.867172,143.727356,128.076752,142.082397,142.082397,4193561506
4/19/2024,142.082397,147.333786,128.862823,142.680496,142.680496,5857667913
4/20/2024,142.678452,152.099182,140.005707,151.13356,151.13356,2795892211
4/21/2024,151.134079,153.422256,147.169525,148.609314,148.609314,2211663291
4/22/2024,148.609314,158.372711,146.991699,157.031219,157.031219,2959650502
4/23/2024,157.031219,159.944595,153.32312,154.701309,154.701309,2750685937
4/24/2024,154.701309,159.580902,145.770569,147.745148,147.745148,3932336720
4/25/2024,147.749619,149.303757,142.264572,144.89212,144.89212,3674969172
4/26/2024,144.889175,145.854614,138.908386,139.10434,139.10434,2564389027
4/27/2024,139.10434,142.874512,134.028915,141.289169,141.289169,2373155947
4/28/2024,141.289169,144.513885,137.233017,137.856415,137.856415,1959005342
4/29/2024,137.860184,138.738724,133.709167,137.776657,137.776657,2464951751
4/30/2024,137.777298,139.667648,121.637459,126.962708,126.962708,3407320371
5/1/2024,126.962547,135.113861,119.384811,134.627975,134.627975,4136407963
5/2/2024,134.627975,140.281525,128.260284,137.814484,137.814484,3380078368
5/3/2024,137.814484,144.960037,136.123428,143.772552,143.772552,3216962298
5/4/2024,143.772202,148.935745,142.566254,146.135056,146.135056,3050187811
5/5/2024,146.135056,147.916473,143.478455,145.713028,145.713028,2034794725
5/6/2024,145.712051,156.626694,145.58432,152.802399,152.802399,2926902880
5/7/2024,152.806671,159.053452,148.083618,148.134323,148.134323,2687619013
5/8/2024,148.134323,149.810898,140.169098,142.294739,142.294739,2502237557
5/9/2024,142.294739,153.086243,140.789642,152.849945,152.849945,2249863780
5/10/2024,152.852905,155.411591,144.938797,146.216904,146.216904,2471594251
5/11/2024,146.216965,147.426437,143.331406,145.314377,145.314377,1243751505
5/12/2024,145.314377,147.571472,142.881836,143.520813,143.520813,936690341
5/13/2024,143.520813,150.546661,138.032852,147.282333,147.282333,2556255769
5/14/2024,147.279083,148.82869,141.90686,142.030396,142.030396,2586166419
5/15/2024,142.030396,158.640717,141.350327,158.186829,158.186829,3585715674
5/16/2024,158.187759,164.319321,156.772629,159.116455,159.116455,3498272951
5/17/2024,159.116455,171.606079,159.116455,169.530548,169.530548,3371355809
5/18/2024,169.530548,175.779099,168.93306,172.539139,172.539139,2479657643
5/19/2024,172.5392,175.189331,166.73262,170.091354,170.091354,2300080451
5/20/2024,170.091354,187.447128,168.030441,186.520493,186.520493,4636864705
5/21/2024,186.519516,188.493835,174.7117,178.11615,178.11615,4568414163
5/22/2024,178.115677,183.067673,175.447464,176.860779,176.860779,3833758536
5/23/2024,176.863113,180.165283,167.403687,175.985779,175.985779,5117258940
5/24/2024,175.985779,176.031479,162.865891,167.796921,167.796921,4013502065
5/25/2024,167.796921,170.355057,166.113007,168.437637,168.437637,1875205755
5/26/2024,168.437637,168.43927,161.26387,163.350906,163.350906,2543881488
5/27/2024,163.350906,171.988541,163.335449,169.99614,169.99614,2745440475
5/28/2024,169.99614,173.017136,164.973404,168.650848,168.650848,3342283019
5/29/2024,168.650848,173.641953,167.323853,168.072678,168.072678,2852496248
5/30/2024,168.072678,172.417786,163.68396,166.976532,166.976532,2932316784
5/31/2024,166.976532,170.631561,163.93309,165.637711,165.637711,2415920333
6/1/2024,165.637726,167.737091,165.585617,166.03067,166.03067,1058869941
6/2/2024,166.029617,166.915482,161.653244,163.249908,163.249908,1562269041
6/3/2024,163.250153,167.038757,161.853714,164.923462,164.923462,2182487608
6/4/2024,164.925064,171.816818,164.515533,171.801926,171.801926,2057558426
6/5/2024,171.801926,175.475311,171.382996,173.48291,173.48291,2405906612
6/6/2024,173.48291,174.304703,167.864212,170.01622,170.01622,1965442993
6/7/2024,170.015839,172.438156,155.798767,162.50705,162.50705,3298527575
6/8/2024,162.49675,163.620178,157.542953,157.968903,157.968903,1722237785
6/9/2024,157.963715,162.918976,156.768768,162.083603,162.083603,1475878151
6/10/2024,162.078888,162.827759,157.770203,158.928024,158.928024,1815361482
6/11/2024,158.934128,159.523102,145.865189,149.428986,149.428986,2812642453
6/12/2024,149.422318,161.514832,145.821442,155.177567,155.177567,2853692260
6/13/2024,155.192352,155.192352,146.172241,147.314423,147.314423,2085097655
6/14/2024,147.282043,148.789337,140.115387,143.094437,143.094437,2330458883
6/15/2024,143.074081,145.54097,143.023651,145.412216,145.412216,1065293341
6/16/2024,145.417969,151.125504,143.179535,151.125504,151.125504,1147997523
6/17/2024,151.137238,151.584778,140.138809,143.334274,143.334274,2244770232
6/18/2024,143.314697,143.610657,130.289078,137.503998,137.503998,4046511952
6/19/2024,137.479813,141.669937,134.732635,135.609604,135.609604,2241396569
6/20/2024,135.609604,141.075241,132.087646,133.472961,133.472961,2343938226
6/21/2024,133.471954,135.229156,128.921921,134.588303,134.588303,2214701928
6/22/2024,134.567657,136.460052,133.142487,133.670242,133.670242,948392979
6/23/2024,133.660004,135.005859,128.269699,128.590424,128.590424,1063910411
6/24/2024,128.598007,132.311234,123.669334,132.241394,132.241394,3420423301
6/25/2024,132.269348,139.729584,131.296356,136.559204,136.559204,2517391150
6/26/2024,136.554977,140.168762,134.925766,136.609146,136.609146,1670038554
6/27/2024,136.613419,150.767212,135.244995,149.44838,149.44838,2831651846
6/28/2024,149.454269,150.05159,139.305893,139.7034,139.7034,2396070692
6/29/2024,139.719315,142.823853,139.667801,140.010147,140.010147,1139066175
6/30/2024,140.012726,147.199326,137.141373,146.492493,146.492493,1567841881
