Date,Open,High,Low,Close,Volume
2016-07-10,0.0,0.0,0.0,0.0,0.0
2016-07-11,0.0,0.0,0.0,0.0,0.0
2016-07-12,0.0,0.0,0.0,0.0,0.0
2016-07-13,0.0,0.0,0.0,0.0,0.0
2016-07-14,0.0,0.0,0.0,0.0,0.0
2016-07-15,0.0,0.0,0.0,0.0,0.0
2016-07-16,0.0,0.0,0.0,0.0,0.0
2016-07-17,0.0,0.0,0.0,0.0,0.0
2016-07-18,0.0,0.0,0.0,0.0,0.0
2016-07-19,0.0,0.0,0.0,0.0,0.0
2016-07-20,0.0,0.0,0.0,0.0,0.0
2016-07-21,0.0,0.0,0.0,0.0,0.0
2016-07-22,0.0,0.0,0.0,0.0,0.0
2016-07-23,0.0,0.0,0.0,0.0,0.0
2016-07-24,0.0,0.0,0.0,0.0,0.0
2016-07-25,0.0,0.0,0.0,0.0,0.0
2016-07-26,0.0,0.0,0.0,0.0,0.0
2016-07-27,0.0,0.0,0.0,0.0,0.0
2016-07-28,0.0,0.0,0.0,0.0,0.0
2016-07-29,0.0,0.0,0.0,0.0,0.0
2016-07-30,0.0,0.0,0.0,0.0,0.0
2016-07-31,0.0,0.0,0.0,0.0,0.0
2016-08-01,0.0,0.0,0.0,0.0,0.0
2016-08-02,0.0,0.0,0.0,0.0,0.0
2016-08-03,0.0,0.0,0.0,0.0,0.0
2016-08-04,0.0,0.0,0.0,0.0,0.0
2016-08-05,0.0,0.0,0.0,0.0,0.0
2016-08-06,0.0,0.0,0.0,0.0,0.0
2016-08-07,0.0,0.0,0.0,0.0,0.0
2016-08-08,0.0,0.0,0.0,0.0,0.0
2016-08-09,0.0,0.0,0.0,0.0,0.0
2016-08-10,0.0,0.0,0.0,0.0,0.0
2016-08-11,0.0,0.0,0.0,0.0,0.0
2016-08-12,0.0,0.0,0.0,0.0,0.0
2016-08-13,0.0,0.0,0.0,0.0,0.0
2016-08-14,0.0,0.0,0.0,0.0,0.0
2016-08-15,0.0,0.0,0.0,0.0,0.0
2016-08-16,0.0,0.0,0.0,0.0,0.0
2016-08-17,0.0,0.0,0.0,0.0,0.0
2016-08-18,0.0,0.0,0.0,0.0,0.0
2016-08-19,0.0,0.0,0.0,0.0,0.0
2016-08-20,0.0,0.0,0.0,0.0,0.0
2016-08-21,0.0,0.0,0.0,0.0,0.0
2016-08-22,0.0,0.0,0.0,0.0,0.0
2016-08-23,0.0,0.0,0.0,0.0,0.0
2016-08-24,0.0,0.0,0.0,0.0,0.0
2016-08-25,0.0,0.0,0.0,0.0,0.0
2016-08-26,0.0,0.0,0.0,0.0,0.0
2016-08-27,0.0,0.0,0.0,0.0,0.0
2016-08-28,0.0,0.0,0.0,0.0,0.0
2016-08-29,0.0,0.0,0.0,0.0,0.0
2016-08-30,0.0,0.0,0.0,0.0,0.0
2016-08-31,0.0,0.0,0.0,0.0,0.0
2016-09-01,0.0,0.0,0.0,0.0,0.0
2016-09-02,0.0,0.0,0.0,0.0,0.0
2016-09-03,0.0,0.0,0.0,0.0,0.0
2016-09-04,0.0,0.0,0.0,0.0,0.0
2016-09-05,0.0,0.0,0.0,0.0,0.0
2016-09-06,0.0,0.0,0.0,0.0,0.0
2016-09-07,0.0,0.0,0.0,0.0,0.0
2016-09-08,0.0,0.0,0.0,0.0,0.0
2016-09-09,0.0,0.0,0.0,0.0,0.0
2016-09-10,0.0,0.0,0.0,0.0,0.0
2016-09-11,0.0,0.0,0.0,0.0,0.0
2016-09-12,0.0,0.0,0.0,0.0,0.0
2016-09-13,0.0,0.0,0.0,0.0,0.0
2016-09-14,0.0,0.0,0.0,0.0,0.0
2016-09-15,0.0,0.0,0.0,0.0,0.0
2016-09-16,0.0,0.0,0.0,0.0,0.0
2016-09-17,0.0,0.0,0.0,0.0,0.0
2016-09-18,0.0,0.0,0.0,0.0,0.0
2016-09-19,0.0,0.0,0.0,0.0,0.0
2016-09-20,0.0,0.0,0.0,0.0,0.0
2016-09-21,0.0,0.0,0.0,0.0,0.0
2016-09-22,0.0,0.0,0.0,0.0,0.0
2016-09-23,0.0,0.0,0.0,0.0,0.0
2016-09-24,0.0,0.0,0.0,0.0,0.0
2016-09-25,0.0,0.0,0.0,0.0,0.0
2016-09-26,0.0,0.0,0.0,0.0,0.0
2016-09-27,0.0,0.0,0.0,0.0,0.0
2016-09-28,0.0,0.0,0.0,0.0,0.0
2016-09-29,0.0,0.0,0.0,0.0,0.0
2016-09-30,0.0,0.0,0.0,0.0,0.0
2016-10-01,0.0,0.0,0.0,0.0,0.0
2016-10-02,0.0,0.0,0.0,0.0,0.0
2016-10-03,0.0,0.0,0.0,0.0,0.0
2016-10-04,0.0,0.0,0.0,0.0,0.0
2016-10-05,0.0,0.0,0.0,0.0,0.0
2016-10-06,0.0,0.0,0.0,0.0,0.0
2016-10-07,0.0,0.0,0.0,0.0,0.0
2016-10-08,0.0,0.0,0.0,0.0,0.0
2016-10-09,0.0,0.0,0.0,0.0,0.0
2016-10-10,0.0,0.0,0.0,0.0,0.0
2016-10-11,0.0,0.0,0.0,0.0,0.0
2016-10-12,0.0,0.0,0.0,0.0,0.0
2016-10-13,0.0,0.0,0.0,0.0,0.0
2016-10-14,0.0,0.0,0.0,0.0,0.0
2016-10-15,0.0,0.0,0.0,0.0,0.0
2016-10-16,0.0,0.0,0.0,0.0,0.0
2016-10-17,0.0,0.0,0.0,0.0,0.0
2016-10-18,0.0,0.0,0.0,0.0,0.0
2016-10-19,0.0,0.0,0.0,0.0,0.0
2016-10-20,0.0,0.0,0.0,0.0,0.0
2016-10-21,0.0,0.0,0.0,0.0,0.0
2016-10-22,0.0,0.0,0.0,0.0,0.0
2016-10-23,0.0,0.0,0.0,0.0,0.0
2016-10-24,0.0,0.0,0.0,0.0,0.0
2016-10-25,0.0,0.0,0.0,0.0,0.0
2016-10-26,0.0,0.0,0.0,0.0,0.0
2016-10-27,0.0,0.0,0.0,0.0,0.0
2016-10-28,0.0,0.0,0.0,0.0,0.0
2016-10-29,0.0,0.0,0.0,0.0,0.0
2016-10-30,0.0,0.0,0.0,0.0,0.0
2016-10-31,0.0,0.0,0.0,0.0,0.0
2016-11-01,0.0,0.0,0.0,0.0,0.0
2016-11-02,0.0,0.0,0.0,0.0,0.0
2016-11-03,0.0,0.0,0.0,0.0,0.0
2016-11-04,0.0,0.0,0.0,0.0,0.0
2016-11-05,0.0,0.0,0.0,0.0,0.0
2016-11-06,0.0,0.0,0.0,0.0,0.0
2016-11-07,0.0,0.0,0.0,0.0,0.0
2016-11-08,0.0,0.0,0.0,0.0,0.0
2016-11-09,0.0,0.0,0.0,0.0,0.0
2016-11-10,0.0,0.0,0.0,0.0,0.0
2016-11-11,0.0,0.0,0.0,0.0,0.0
2016-11-12,0.0,0.0,0.0,0.0,0.0
2016-11-13,0.0,0.0,0.0,0.0,0.0
2016-11-14,0.0,0.0,0.0,0.0,0.0
2016-11-15,0.0,0.0,0.0,0.0,0.0
2016-11-16,0.0,0.0,0.0,0.0,0.0
2016-11-17,0.0,0.0,0.0,0.0,0.0
2016-11-18,0.0,0.0,0.0,0.0,0.0
2016-11-19,0.0,0.0,0.0,0.0,0.0
2016-11-20,0.0,0.0,0.0,0.0,0.0
2016-11-21,0.0,0.0,0.0,0.0,0.0
2016-11-22,0.0,0.0,0.0,0.0,0.0
2016-11-23,0.0,0.0,0.0,0.0,0.0
2016-11-24,0.0,0.0,0.0,0.0,0.0
2016-11-25,0.0,0.0,0.0,0.0,0.0
2016-11-26,0.0,0.0,0.0,0.0,0.0
2016-11-27,0.0,0.0,0.0,0.0,0.0
2016-11-28,0.0,0.0,0.0,0.0,0.0
2016-11-29,0.0,0.0,0.0,0.0,0.0
2016-11-30,0.0,0.0,0.0,0.0,0.0
2016-12-01,0.0,0.0,0.0,0.0,0.0
2016-12-02,0.0,0.0,0.0,0.0,0.0
2016-12-03,0.0,0.0,0.0,0.0,0.0
2016-12-04,0.0,0.0,0.0,0.0,0.0
2016-12-05,0.0,0.0,0.0,0.0,0.0
2016-12-06,0.0,0.0,0.0,0.0,0.0
2016-12-07,0.0,0.0,0.0,0.0,0.0
2016-12-08,0.0,0.0,0.0,0.0,0.0
2016-12-09,0.0,0.0,0.0,0.0,0.0
2016-12-10,0.0,0.0,0.0,0.0,0.0
2016-12-11,0.0,0.0,0.0,0.0,0.0
2016-12-12,0.0,0.0,0.0,0.0,0.0
2016-12-13,0.0,0.0,0.0,0.0,0.0
2016-12-14,0.0,0.0,0.0,0.0,0.0
2016-12-15,0.0,0.0,0.0,0.0,0.0
2016-12-16,0.0,0.0,0.0,0.0,0.0
2016-12-17,0.0,0.0,0.0,0.0,0.0
2016-12-18,0.0,0.0,0.0,0.0,0.0
2016-12-19,0.0,0.0,0.0,0.0,0.0
2016-12-20,0.0,0.0,0.0,0.0,0.0
2016-12-21,0.0,0.0,0.0,0.0,0.0
2016-12-22,0.0,0.0,0.0,0.0,0.0
2016-12-23,0.0,0.0,0.0,0.0,0.0
2016-12-24,0.0,0.0,0.0,0.0,0.0
2016-12-25,0.0,0.0,0.0,0.0,0.0
2016-12-26,0.0,0.0,0.0,0.0,0.0
2016-12-27,0.0,0.0,0.0,0.0,0.0
2016-12-28,0.0,0.0,0.0,0.0,0.0
2016-12-29,0.0,0.0,0.0,0.0,0.0
2016-12-30,0.0,0.0,0.0,0.0,0.0
2016-12-31,0.0,0.0,0.0,0.0,0.0
2017-01-01,0.0,0.0,0.0,0.0,0.0
2017-01-02,0.0,0.0,0.0,0.0,0.0
2017-01-03,0.0,0.0,0.0,0.0,0.0
2017-01-04,0.0,0.0,0.0,0.0,0.0
2017-01-05,0.0,0.0,0.0,0.0,0.0
2017-01-06,0.0,0.0,0.0,0.0,0.0
2017-01-07,0.0,0.0,0.0,0.0,0.0
2017-01-08,0.0,0.0,0.0,0.0,0.0
2017-01-09,0.0,0.0,0.0,0.0,0.0
2017-01-10,0.0,0.0,0.0,0.0,0.0
2017-01-11,0.0,0.0,0.0,0.0,0.0
2017-01-12,0.0,0.0,0.0,0.0,0.0
2017-01-13,0.0,0.0,0.0,0.0,0.0
2017-01-14,0.0,0.0,0.0,0.0,0.0
2017-01-15,0.0,0.0,0.0,0.0,0.0
2017-01-16,0.0,0.0,0.0,0.0,0.0
2017-01-17,0.0,0.0,0.0,0.0,0.0
2017-01-18,0.0,0.0,0.0,0.0,0.0
2017-01-19,0.0,0.0,0.0,0.0,0.0
2017-01-20,0.0,0.0,0.0,0.0,0.0
2017-01-21,0.0,0.0,0.0,0.0,0.0
2017-01-22,0.0,0.0,0.0,0.0,0.0
2017-01-23,0.0,0.0,0.0,0.0,0.0
2017-01-24,0.0,0.0,0.0,0.0,0.0
2017-01-25,0.0,0.0,0.0,0.0,0.0
2017-01-26,0.0,0.0,0.0,0.0,0.0
2017-01-27,0.0,0.0,0.0,0.0,0.0
2017-01-28,0.0,0.0,0.0,0.0,0.0
2017-01-29,0.0,0.0,0.0,0.0,0.0
2017-01-30,0.0,0.0,0.0,0.0,0.0
2017-01-31,0.0,0.0,0.0,0.0,0.0
2017-02-01,0.0,0.0,0.0,0.0,0.0
2017-02-02,0.0,0.0,0.0,0.0,0.0
2017-02-03,0.0,0.0,0.0,0.0,0.0
2017-02-04,0.0,0.0,0.0,0.0,0.0
2017-02-05,0.0,0.0,0.0,0.0,0.0
2017-02-06,0.0,0.0,0.0,0.0,0.0
2017-02-07,0.0,0.0,0.0,0.0,0.0
2017-02-08,0.0,0.0,0.0,0.0,0.0
2017-02-09,0.0,0.0,0.0,0.0,0.0
2017-02-10,0.0,0.0,0.0,0.0,0.0
2017-02-11,0.0,0.0,0.0,0.0,0.0
2017-02-12,0.0,0.0,0.0,0.0,0.0
2017-02-13,0.0,0.0,0.0,0.0,0.0
2017-02-14,0.0,0.0,0.0,0.0,0.0
2017-02-15,0.0,0.0,0.0,0.0,0.0
2017-02-16,0.0,0.0,0.0,0.0,0.0
2017-02-17,0.0,0.0,0.0,0.0,0.0
2017-02-18,0.0,0.0,0.0,0.0,0.0
2017-02-19,0.0,0.0,0.0,0.0,0.0
2017-02-20,0.0,0.0,0.0,0.0,0.0
2017-02-21,0.0,0.0,0.0,0.0,0.0
2017-02-22,0.0,0.0,0.0,0.0,0.0
2017-02-23,0.0,0.0,0.0,0.0,0.0
2017-02-24,0.0,0.0,0.0,0.0,0.0
2017-02-25,0.0,0.0,0.0,0.0,0.0
2017-02-26,0.0,0.0,0.0,0.0,0.0
2017-02-27,0.0,0.0,0.0,0.0,0.0
2017-02-28,0.0,0.0,0.0,0.0,0.0
2017-03-01,0.0,0.0,0.0,0.0,0.0
2017-03-02,0.0,0.0,0.0,0.0,0.0
2017-03-03,0.0,0.0,0.0,0.0,0.0
2017-03-04,0.0,0.0,0.0,0.0,0.0
2017-03-05,0.0,0.0,0.0,0.0,0.0
2017-03-06,0.0,0.0,0.0,0.0,0.0
2017-03-07,0.0,0.0,0.0,0.0,0.0
2017-03-08,0.0,0.0,0.0,0.0,0.0
2017-03-09,0.0,0.0,0.0,0.0,0.0
2017-03-10,0.0,0.0,0.0,0.0,0.0
2017-03-11,0.0,0.0,0.0,0.0,0.0
2017-03-12,0.0,0.0,0.0,0.0,0.0
2017-03-13,0.0,0.0,0.0,0.0,0.0
2017-03-14,0.0,0.0,0.0,0.0,0.0
2017-03-15,0.0,0.0,0.0,0.0,0.0
2017-03-16,0.0,0.0,0.0,0.0,0.0
2017-03-17,0.0,0.0,0.0,0.0,0.0
2017-03-18,0.0,0.0,0.0,0.0,0.0
2017-03-19,0.0,0.0,0.0,0.0,0.0
2017-03-20,0.0,0.0,0.0,0.0,0.0
2017-03-21,0.0,0.0,0.0,0.0,0.0
2017-03-22,0.0,0.0,0.0,0.0,0.0
2017-03-23,0.0,0.0,0.0,0.0,0.0
2017-03-24,0.0,0.0,0.0,0.0,0.0
2017-03-25,0.0,0.0,0.0,0.0,0.0
2017-03-26,0.0,0.0,0.0,0.0,0.0
2017-03-27,0.0,0.0,0.0,0.0,0.0
2017-03-28,0.0,0.0,0.0,0.0,0.0
2017-03-29,0.0,0.0,0.0,0.0,0.0
2017-03-30,0.0,0.0,0.0,0.0,0.0
2017-03-31,0.0,0.0,0.0,0.0,0.0
2017-04-01,0.0,0.0,0.0,0.0,0.0
2017-04-02,0.0,0.0,0.0,0.0,0.0
2017-04-03,0.0,0.0,0.0,0.0,0.0
2017-04-04,0.0,0.0,0.0,0.0,0.0
2017-04-05,0.0,0.0,0.0,0.0,0.0
2017-04-06,0.0,0.0,0.0,0.0,0.0
2017-04-07,0.0,0.0,0.0,0.0,0.0
2017-04-08,0.0,0.0,0.0,0.0,0.0
2017-04-09,0.0,0.0,0.0,0.0,0.0
2017-04-10,0.0,0.0,0.0,0.0,0.0
2017-04-11,0.0,0.0,0.0,0.0,0.0
2017-04-12,0.0,0.0,0.0,0.0,0.0
2017-04-13,0.0,0.0,0.0,0.0,0.0
2017-04-14,0.0,0.0,0.0,0.0,0.0
2017-04-15,0.0,0.0,0.0,0.0,0.0
2017-04-16,0.0,0.0,0.0,0.0,0.0
2017-04-17,0.0,0.0,0.0,0.0,0.0
2017-04-18,0.0,0.0,0.0,0.0,0.0
2017-04-19,0.0,0.0,0.0,0.0,0.0
2017-04-20,0.0,0.0,0.0,0.0,0.0
2017-04-21,0.0,0.0,0.0,0.0,0.0
2017-04-22,0.0,0.0,0.0,0.0,0.0
2017-04-23,0.0,0.0,0.0,0.0,0.0
2017-04-24,0.0,0.0,0.0,0.0,0.0
2017-04-25,0.0,0.0,0.0,0.0,0.0
2017-04-26,0.0,0.0,0.0,0.0,0.0
2017-04-27,0.0,0.0,0.0,0.0,0.0
2017-04-28,0.0,0.0,0.0,0.0,0.0
2017-04-29,0.0,0.0,0.0,0.0,0.0
2017-04-30,0.0,0.0,0.0,0.0,0.0
2017-05-01,0.0,0.0,0.0,0.0,0.0
2017-05-02,0.0,0.0,0.0,0.0,0.0
2017-05-03,0.0,0.0,0.0,0.0,0.0
2017-05-04,0.0,0.0,0.0,0.0,0.0
2017-05-05,0.0,0.0,0.0,0.0,0.0
2017-05-06,0.0,0.0,0.0,0.0,0.0
2017-05-07,0.0,0.0,0.0,0.0,0.0
2017-05-08,0.0,0.0,0.0,0.0,0.0
2017-05-09,0.0,0.0,0.0,0.0,0.0
2017-05-10,0.0,0.0,0.0,0.0,0.0
2017-05-11,0.0,0.0,0.0,0.0,0.0
2017-05-12,0.0,0.0,0.0,0.0,0.0
2017-05-13,0.0,0.0,0.0,0.0,0.0
2017-05-14,0.0,0.0,0.0,0.0,0.0
2017-05-15,0.0,0.0,0.0,0.0,0.0
2017-05-16,0.0,0.0,0.0,0.0,0.0
2017-05-17,0.0,0.0,0.0,0.0,0.0
2017-05-18,0.0,0.0,0.0,0.0,0.0
2017-05-19,0.0,0.0,0.0,0.0,0.0
2017-05-20,0.0,0.0,0.0,0.0,0.0
2017-05-21,0.0,0.0,0.0,0.0,0.0
2017-05-22,0.0,0.0,0.0,0.0,0.0
2017-05-23,0.0,0.0,0.0,0.0,0.0
2017-05-24,0.0,0.0,0.0,0.0,0.0
2017-05-25,0.0,0.0,0.0,0.0,0.0
2017-05-26,0.0,0.0,0.0,0.0,0.0
2017-05-27,0.0,0.0,0.0,0.0,0.0
2017-05-28,0.0,0.0,0.0,0.0,0.0
2017-05-29,0.0,0.0,0.0,0.0,0.0
2017-05-30,0.0,0.0,0.0,0.0,0.0
2017-05-31,0.0,0.0,0.0,0.0,0.0
2017-06-01,0.0,0.0,0.0,0.0,0.0
2017-06-02,0.0,0.0,0.0,0.0,0.0
2017-06-03,0.0,0.0,0.0,0.0,0.0
2017-06-04,0.0,0.0,0.0,0.0,0.0
2017-06-05,0.0,0.0,0.0,0.0,0.0
2017-06-06,0.0,0.0,0.0,0.0,0.0
2017-06-07,0.0,0.0,0.0,0.0,0.0
2017-06-08,0.0,0.0,0.0,0.0,0.0
2017-06-09,0.0,0.0,0.0,0.0,0.0
2017-06-10,0.0,0.0,0.0,0.0,0.0
2017-06-11,0.0,0.0,0.0,0.0,0.0
2017-06-12,0.0,0.0,0.0,0.0,0.0
2017-06-13,0.0,0.0,0.0,0.0,0.0
2017-06-14,0.0,0.0,0.0,0.0,0.0
2017-06-15,0.0,0.0,0.0,0.0,0.0
2017-06-16,0.0,0.0,0.0,0.0,0.0
2017-06-17,0.0,0.0,0.0,0.0,0.0
2017-06-18,0.0,0.0,0.0,0.0,0.0
2017-06-19,0.0,0.0,0.0,0.0,0.0
2017-06-20,0.0,0.0,0.0,0.0,0.0
2017-06-21,0.0,0.0,0.0,0.0,0.0
2017-06-22,0.0,0.0,0.0,0.0,0.0
2017-06-23,0.0,0.0,0.0,0.0,0.0
2017-06-24,0.0,0.0,0.0,0.0,0.0
2017-06-25,0.0,0.0,0.0,0.0,0.0
2017-06-26,0.0,0.0,0.0,0.0,0.0
2017-06-27,0.0,0.0,0.0,0.0,0.0
2017-06-28,0.0,0.0,0.0,0.0,0.0
2017-06-29,0.0,0.0,0.0,0.0,0.0
2017-06-30,0.0,0.0,0.0,0.0,0.0
2017-07-01,0.0,0.0,0.0,0.0,0.0
2017-07-02,0.0,0.0,0.0,0.0,0.0
2017-07-03,0.0,0.0,0.0,0.0,0.0
2017-07-04,0.0,0.0,0.0,0.0,0.0
2017-07-05,0.0,0.0,0.0,0.0,0.0
2017-07-06,0.0,0.0,0.0,0.0,0.0
2017-07-07,0.0,0.0,0.0,0.0,0.0
2017-07-08,0.0,0.0,0.0,0.0,0.0
2017-07-09,0.0,0.0,0.0,0.0,0.0
2017-07-10,0.0,0.0,0.0,0.0,0.0
2017-07-11,0.0,0.0,0.0,0.0,0.0
2017-07-12,0.0,0.0,0.0,0.0,0.0
2017-07-13,0.0,0.0,0.0,0.0,0.0
2017-07-14,0.0,0.0,0.0,0.0,0.0
2017-07-15,0.0,0.0,0.0,0.0,0.0
2017-07-16,0.0,0.0,0.0,0.0,0.0
2017-07-17,0.0,0.0,0.0,0.0,0.0
2017-07-18,0.0,0.0,0.0,0.0,0.0
2017-07-19,0.0,0.0,0.0,0.0,0.0
2017-07-20,0.0,0.0,0.0,0.0,0.0
2017-07-21,0.0,0.0,0.0,0.0,0.0
2017-07-22,0.0,0.0,0.0,0.0,0.0
2017-07-23,0.0,0.0,0.0,0.0,0.0
2017-07-24,0.0,0.0,0.0,0.0,0.0
2017-07-25,0.0,0.0,0.0,0.0,0.0
2017-07-26,0.0,0.0,0.0,0.0,0.0
2017-07-27,0.0,0.0,0.0,0.0,0.0
2017-07-28,0.0,0.0,0.0,0.0,0.0
2017-07-29,0.0,0.0,0.0,0.0,0.0
2017-07-30,0.0,0.0,0.0,0.0,0.0
2017-07-31,0.0,0.0,0.0,0.0,0.0
2017-08-01,0.0,0.0,0.0,0.0,0.0
2017-08-02,0.0,0.0,0.0,0.0,0.0
2017-08-03,0.0,0.0,0.0,0.0,0.0
2017-08-04,0.0,0.0,0.0,0.0,0.0
2017-08-05,0.0,0.0,0.0,0.0,0.0
2017-08-06,0.0,0.0,0.0,0.0,0.0
2017-08-07,0.0,0.0,0.0,0.0,0.0
2017-08-08,0.0,0.0,0.0,0.0,0.0
2017-08-09,0.0,0.0,0.0,0.0,0.0
2017-08-10,0.0,0.0,0.0,0.0,0.0
2017-08-11,0.0,0.0,0.0,0.0,0.0
2017-08-12,0.0,0.0,0.0,0.0,0.0
2017-08-13,0.0,0.0,0.0,0.0,0.0
2017-08-14,0.0,0.0,0.0,0.0,0.0
2017-08-15,0.0,0.0,0.0,0.0,0.0
2017-08-16,0.0,0.0,0.0,0.0,0.0
2017-08-17,0.0,0.0,0.0,0.0,0.0
2017-08-18,0.0,0.0,0.0,0.0,0.0
2017-08-19,0.0,0.0,0.0,0.0,0.0
2017-08-20,0.0,0.0,0.0,0.0,0.0
2017-08-21,0.0,0.0,0.0,0.0,0.0
2017-08-22,0.0,0.0,0.0,0.0,0.0
2017-08-23,0.0,0.0,0.0,0.0,0.0
2017-08-24,0.0,0.0,0.0,0.0,0.0
2017-08-25,0.0,0.0,0.0,0.0,0.0
2017-08-26,0.0,0.0,0.0,0.0,0.0
2017-08-27,0.0,0.0,0.0,0.0,0.0
2017-08-28,0.0,0.0,0.0,0.0,0.0
2017-08-29,0.0,0.0,0.0,0.0,0.0
2017-08-30,0.0,0.0,0.0,0.0,0.0
2017-08-31,0.0,0.0,0.0,0.0,0.0
2017-09-01,0.0,0.0,0.0,0.0,0.0
2017-09-02,0.0,0.0,0.0,0.0,0.0
2017-09-03,0.0,0.0,0.0,0.0,0.0
2017-09-04,0.0,0.0,0.0,0.0,0.0
2017-09-05,0.0,0.0,0.0,0.0,0.0
2017-09-06,0.0,0.0,0.0,0.0,0.0
2017-09-07,0.0,0.0,0.0,0.0,0.0
2017-09-08,0.0,0.0,0.0,0.0,0.0
2017-09-09,0.0,0.0,0.0,0.0,0.0
2017-09-10,0.0,0.0,0.0,0.0,0.0
2017-09-11,0.0,0.0,0.0,0.0,0.0
2017-09-12,0.0,0.0,0.0,0.0,0.0
2017-09-13,0.0,0.0,0.0,0.0,0.0
2017-09-14,0.0,0.0,0.0,0.0,0.0
2017-09-15,0.0,0.0,0.0,0.0,0.0
2017-09-16,0.0,0.0,0.0,0.0,0.0
2017-09-17,0.0,0.0,0.0,0.0,0.0
2017-09-18,0.0,0.0,0.0,0.0,0.0
2017-09-19,0.0,0.0,0.0,0.0,0.0
2017-09-20,0.0,0.0,0.0,0.0,0.0
2017-09-21,0.0,0.0,0.0,0.0,0.0
2017-09-22,0.0,0.0,0.0,0.0,0.0
2017-09-23,0.0,0.0,0.0,0.0,0.0
2017-09-24,0.0,0.0,0.0,0.0,0.0
2017-09-25,0.0,0.0,0.0,0.0,0.0
2017-09-26,0.0,0.0,0.0,0.0,0.0
2017-09-27,0.0,0.0,0.0,0.0,0.0
2017-09-28,0.0,0.0,0.0,0.0,0.0
2017-09-29,0.0,0.0,0.0,0.0,0.0
2017-09-30,0.0,0.0,0.0,0.0,0.0
2017-10-01,0.0,0.0,0.0,0.0,0.0
2017-10-02,0.0,0.0,0.0,0.0,0.0
2017-10-03,0.0,0.0,0.0,0.0,0.0
2017-10-04,0.0,0.0,0.0,0.0,0.0
2017-10-05,0.0,0.0,0.0,0.0,0.0
2017-10-06,0.0,0.0,0.0,0.0,0.0
2017-10-07,0.0,0.0,0.0,0.0,0.0
2017-10-08,0.0,0.0,0.0,0.0,0.0
2017-10-09,0.0,0.0,0.0,0.0,0.0
2017-10-10,0.0,0.0,0.0,0.0,0.0
2017-10-11,0.0,0.0,0.0,0.0,0.0
2017-10-12,0.0,0.0,0.0,0.0,0.0
2017-10-13,0.0,0.0,0.0,0.0,0.0
2017-10-14,0.0,0.0,0.0,0.0,0.0
2017-10-15,0.0,0.0,0.0,0.0,0.0
2017-10-16,0.0,0.0,0.0,0.0,0.0
2017-10-17,0.0,0.0,0.0,0.0,0.0
2017-10-18,0.0,0.0,0.0,0.0,0.0
2017-10-19,0.0,0.0,0.0,0.0,0.0
2017-10-20,0.0,0.0,0.0,0.0,0.0
2017-10-21,0.0,0.0,0.0,0.0,0.0
2017-10-22,0.0,0.0,0.0,0.0,0.0
2017-10-23,0.0,0.0,0.0,0.0,0.0
2017-10-24,0.0,0.0,0.0,0.0,0.0
2017-10-25,0.0,0.0,0.0,0.0,0.0
2017-10-26,0.0,0.0,0.0,0.0,0.0
2017-10-27,0.0,0.0,0.0,0.0,0.0
2017-10-28,0.0,0.0,0.0,0.0,0.0
2017-10-29,0.0,0.0,0.0,0.0,0.0
2017-10-30,0.0,0.0,0.0,0.0,0.0
2017-10-31,0.0,0.0,0.0,0.0,0.0
2017-11-01,0.0,0.0,0.0,0.0,0.0
2017-11-02,0.0,0.0,0.0,0.0,0.0
2017-11-03,0.0,0.0,0.0,0.0,0.0
2017-11-04,0.0,0.0,0.0,0.0,0.0
2017-11-05,0.0,0.0,0.0,0.0,0.0
2017-11-06,0.0,0.0,0.0,0.0,0.0
2017-11-07,0.0,0.0,0.0,0.0,0.0
2017-11-08,0.0,0.0,0.0,0.0,0.0
2017-11-09,0.0,0.0,0.0,0.0,0.0
2017-11-10,0.0,0.0,0.0,0.0,0.0
2017-11-11,0.0,0.0,0.0,0.0,0.0
2017-11-12,0.0,0.0,0.0,0.0,0.0
2017-11-13,0.0,0.0,0.0,0.0,0.0
2017-11-14,0.0,0.0,0.0,0.0,0.0
2017-11-15,0.0,0.0,0.0,0.0,0.0
2017-11-16,0.0,0.0,0.0,0.0,0.0
2017-11-17,0.0,0.0,0.0,0.0,0.0
2017-11-18,0.0,0.0,0.0,0.0,0.0
2017-11-19,0.0,0.0,0.0,0.0,0.0
2017-11-20,0.0,0.0,0.0,0.0,0.0
2017-11-21,0.0,0.0,0.0,0.0,0.0
2017-11-22,0.0,0.0,0.0,0.0,0.0
2017-11-23,0.0,0.0,0.0,0.0,0.0
2017-11-24,0.0,0.0,0.0,0.0,0.0
2017-11-25,0.0,0.0,0.0,0.0,0.0
2017-11-26,0.0,0.0,0.0,0.0,0.0
2017-11-27,0.0,0.0,0.0,0.0,0.0
2017-11-28,0.0,0.0,0.0,0.0,0.0
2017-11-29,0.0,0.0,0.0,0.0,0.0
2017-11-30,0.0,0.0,0.0,0.0,0.0
2017-12-01,0.0,0.0,0.0,0.0,0.0
2017-12-02,0.0,0.0,0.0,0.0,0.0
2017-12-03,0.0,0.0,0.0,0.0,0.0
2017-12-04,0.0,0.0,0.0,0.0,0.0
2017-12-05,0.0,0.0,0.0,0.0,0.0
2017-12-06,0.0,0.0,0.0,0.0,0.0
2017-12-07,0.0,0.0,0.0,0.0,0.0
2017-12-08,0.0,0.0,0.0,0.0,0.0
2017-12-09,0.0,0.0,0.0,0.0,0.0
2017-12-10,0.0,0.0,0.0,0.0,0.0
2017-12-11,0.0,0.0,0.0,0.0,0.0
2017-12-12,0.0,0.0,0.0,0.0,0.0
2017-12-13,0.0,0.0,0.0,0.0,0.0
2017-12-14,0.0,0.0,0.0,0.0,0.0
2017-12-15,0.0,0.0,0.0,0.0,0.0
2017-12-16,0.0,0.0,0.0,0.0,0.0
2017-12-17,0.0,0.0,0.0,0.0,0.0
2017-12-18,0.0,0.0,0.0,0.0,0.0
2017-12-19,0.0,0.0,0.0,0.0,0.0
2017-12-20,0.0,0.0,0.0,0.0,0.0
2017-12-21,0.0,0.0,0.0,0.0,0.0
2017-12-22,0.0,0.0,0.0,0.0,0.0
2017-12-23,0.0,0.0,0.0,0.0,0.0
2017-12-24,0.0,0.0,0.0,0.0,0.0
2017-12-25,0.0,0.0,0.0,0.0,0.0
2017-12-26,0.0,0.0,0.0,0.0,0.0
2017-12-27,0.0,0.0,0.0,0.0,0.0
2017-12-28,0.0,0.0,0.0,0.0,0.0
2017-12-29,0.0,0.0,0.0,0.0,0.0
2017-12-30,0.0,0.0,0.0,0.0,0.0
2017-12-31,0.0,0.0,0.0,0.0,0.0
2018-01-01,0.0,0.0,0.0,0.0,0.0
2018-01-02,0.0,0.0,0.0,0.0,0.0
2018-01-03,0.0,0.0,0.0,0.0,0.0
2018-01-04,0.0,0.0,0.0,0.0,0.0
2018-01-05,0.0,0.0,0.0,0.0,0.0
2018-01-06,0.0,0.0,0.0,0.0,0.0
2018-01-07,0.0,0.0,0.0,0.0,0.0
2018-01-08,0.0,0.0,0.0,0.0,0.0
2018-01-09,0.0,0.0,0.0,0.0,0.0
2018-01-10,0.0,0.0,0.0,0.0,0.0
2018-01-11,0.0,0.0,0.0,0.0,0.0
2018-01-12,0.0,0.0,0.0,0.0,0.0
2018-01-13,0.0,0.0,0.0,0.0,0.0
2018-01-14,0.0,0.0,0.0,0.0,0.0
2018-01-15,0.0,0.0,0.0,0.0,0.0
2018-01-16,0.0,0.0,0.0,0.0,0.0
2018-01-17,0.0,0.0,0.0,0.0,0.0
2018-01-18,0.0,0.0,0.0,0.0,0.0
2018-01-19,0.0,0.0,0.0,0.0,0.0
2018-01-20,0.0,0.0,0.0,0.0,0.0
2018-01-21,0.0,0.0,0.0,0.0,0.0
2018-01-22,0.0,0.0,0.0,0.0,0.0
2018-01-23,0.0,0.0,0.0,0.0,0.0
2018-01-24,0.0,0.0,0.0,0.0,0.0
2018-01-25,0.0,0.0,0.0,0.0,0.0
2018-01-26,0.0,0.0,0.0,0.0,0.0
2018-01-27,0.0,0.0,0.0,0.0,0.0
2018-01-28,0.0,0.0,0.0,0.0,0.0
2018-01-29,0.0,0.0,0.0,0.0,0.0
2018-01-30,0.0,0.0,0.0,0.0,0.0
2018-01-31,0.0,0.0,0.0,0.0,0.0
2018-02-01,0.0,0.0,0.0,0.0,0.0
2018-02-02,0.0,0.0,0.0,0.0,0.0
2018-02-03,0.0,0.0,0.0,0.0,0.0
2018-02-04,0.0,0.0,0.0,0.0,0.0
2018-02-05,0.0,0.0,0.0,0.0,0.0
2018-02-06,0.0,0.0,0.0,0.0,0.0
2018-02-07,0.0,0.0,0.0,0.0,0.0
2018-02-08,0.0,0.0,0.0,0.0,0.0
2018-02-09,0.0,0.0,0.0,0.0,0.0
2018-02-10,0.0,0.0,0.0,0.0,0.0
2018-02-11,0.0,0.0,0.0,0.0,0.0
2018-02-12,0.0,0.0,0.0,0.0,0.0
2018-02-13,0.0,0.0,0.0,0.0,0.0
2018-02-14,0.0,0.0,0.0,0.0,0.0
2018-02-15,0.0,0.0,0.0,0.0,0.0
2018-02-16,0.0,0.0,0.0,0.0,0.0
2018-02-17,0.0,0.0,0.0,0.0,0.0
2018-02-18,0.0,0.0,0.0,0.0,0.0
2018-02-19,0.0,0.0,0.0,0.0,0.0
2018-02-20,0.0,0.0,0.0,0.0,0.0
2018-02-21,0.0,0.0,0.0,0.0,0.0
2018-02-22,0.0,0.0,0.0,0.0,0.0
2018-02-23,0.0,0.0,0.0,0.0,0.0
2018-02-24,0.0,0.0,0.0,0.0,0.0
2018-02-25,0.0,0.0,0.0,0.0,0.0
2018-02-26,0.0,0.0,0.0,0.0,0.0
2018-02-27,0.0,0.0,0.0,0.0,0.0
2018-02-28,0.0,0.0,0.0,0.0,0.0
2018-03-01,0.0,0.0,0.0,0.0,0.0
2018-03-02,0.0,0.0,0.0,0.0,0.0
2018-03-03,0.0,0.0,0.0,0.0,0.0
2018-03-04,0.0,0.0,0.0,0.0,0.0
2018-03-05,0.0,0.0,0.0,0.0,0.0
2018-03-06,0.0,0.0,0.0,0.0,0.0
2018-03-07,0.0,0.0,0.0,0.0,0.0
2018-03-08,0.0,0.0,0.0,0.0,0.0
2018-03-09,0.0,0.0,0.0,0.0,0.0
2018-03-10,0.0,0.0,0.0,0.0,0.0
2018-03-11,0.0,0.0,0.0,0.0,0.0
2018-03-12,0.0,0.0,0.0,0.0,0.0
2018-03-13,0.0,0.0,0.0,0.0,0.0
2018-03-14,0.0,0.0,0.0,0.0,0.0
2018-03-15,0.0,0.0,0.0,0.0,0.0
2018-03-16,0.0,0.0,0.0,0.0,0.0
2018-03-17,0.0,0.0,0.0,0.0,0.0
2018-03-18,0.0,0.0,0.0,0.0,0.0
2018-03-19,0.0,0.0,0.0,0.0,0.0
2018-03-20,0.0,0.0,0.0,0.0,0.0
2018-03-21,0.0,0.0,0.0,0.0,0.0
2018-03-22,0.0,0.0,0.0,0.0,0.0
2018-03-23,0.0,0.0,0.0,0.0,0.0
2018-03-24,0.0,0.0,0.0,0.0,0.0
2018-03-25,0.0,0.0,0.0,0.0,0.0
2018-03-26,0.0,0.0,0.0,0.0,0.0
2018-03-27,0.0,0.0,0.0,0.0,0.0
2018-03-28,0.0,0.0,0.0,0.0,0.0
2018-03-29,0.0,0.0,0.0,0.0,0.0
2018-03-30,0.0,0.0,0.0,0.0,0.0
2018-03-31,0.0,0.0,0.0,0.0,0.0
2018-04-01,0.0,0.0,0.0,0.0,0.0
2018-04-02,0.0,0.0,0.0,0.0,0.0
2018-04-03,0.0,0.0,0.0,0.0,0.0
2018-04-04,0.0,0.0,0.0,0.0,0.0
2018-04-05,0.0,0.0,0.0,0.0,0.0
2018-04-06,0.0,0.0,0.0,0.0,0.0
2018-04-07,0.0,0.0,0.0,0.0,0.0
2018-04-08,0.0,0.0,0.0,0.0,0.0
2018-04-09,0.0,0.0,0.0,0.0,0.0
2018-04-10,0.0,0.0,0.0,0.0,0.0
2018-04-11,0.0,0.0,0.0,0.0,0.0
2018-04-12,0.0,0.0,0.0,0.0,0.0
2018-04-13,0.0,0.0,0.0,0.0,0.0
2018-04-14,0.0,0.0,0.0,0.0,0.0
2018-04-15,0.0,0.0,0.0,0.0,0.0
2018-04-16,0.0,0.0,0.0,0.0,0.0
2018-04-17,0.0,0.0,0.0,0.0,0.0
2018-04-18,0.0,0.0,0.0,0.0,0.0
2018-04-19,0.0,0.0,0.0,0.0,0.0
2018-04-20,0.0,0.0,0.0,0.0,0.0
2018-04-21,0.0,0.0,0.0,0.0,0.0
2018-04-22,0.0,0.0,0.0,0.0,0.0
2018-04-23,0.0,0.0,0.0,0.0,0.0
2018-04-24,0.0,0.0,0.0,0.0,0.0
2018-04-25,0.0,0.0,0.0,0.0,0.0
2018-04-26,0.0,0.0,0.0,0.0,0.0
2018-04-27,0.0,0.0,0.0,0.0,0.0
2018-04-28,0.0,0.0,0.0,0.0,0.0
2018-04-29,0.0,0.0,0.0,0.0,0.0
2018-04-30,0.0,0.0,0.0,0.0,0.0
2018-05-01,0.0,0.0,0.0,0.0,0.0
2018-05-02,0.0,0.0,0.0,0.0,0.0
2018-05-03,0.0,0.0,0.0,0.0,0.0
2018-05-04,0.0,0.0,0.0,0.0,0.0
2018-05-05,0.0,0.0,0.0,0.0,0.0
2018-05-06,0.0,0.0,0.0,0.0,0.0
2018-05-07,0.0,0.0,0.0,0.0,0.0
2018-05-08,0.0,0.0,0.0,0.0,0.0
2018-05-09,0.0,0.0,0.0,0.0,0.0
2018-05-10,0.0,0.0,0.0,0.0,0.0
2018-05-11,0.0,0.0,0.0,0.0,0.0
2018-05-12,0.0,0.0,0.0,0.0,0.0
2018-05-13,0.0,0.0,0.0,0.0,0.0
2018-05-14,0.0,0.0,0.0,0.0,0.0
2018-05-15,0.0,0.0,0.0,0.0,0.0
2018-05-16,0.0,0.0,0.0,0.0,0.0
2018-05-17,0.0,0.0,0.0,0.0,0.0
2018-05-18,0.0,0.0,0.0,0.0,0.0
2018-05-19,0.0,0.0,0.0,0.0,0.0
2018-05-20,0.0,0.0,0.0,0.0,0.0
2018-05-21,0.0,0.0,0.0,0.0,0.0
2018-05-22,0.0,0.0,0.0,0.0,0.0
2018-05-23,0.0,0.0,0.0,0.0,0.0
2018-05-24,0.0,0.0,0.0,0.0,0.0
2018-05-25,0.0,0.0,0.0,0.0,0.0
2018-05-26,0.0,0.0,0.0,0.0,0.0
2018-05-27,0.0,0.0,0.0,0.0,0.0
2018-05-28,0.0,0.0,0.0,0.0,0.0
2018-05-29,0.0,0.0,0.0,0.0,0.0
2018-05-30,0.0,0.0,0.0,0.0,0.0
2018-05-31,0.0,0.0,0.0,0.0,0.0
2018-06-01,0.0,0.0,0.0,0.0,0.0
2018-06-02,0.0,0.0,0.0,0.0,0.0
2018-06-03,0.0,0.0,0.0,0.0,0.0
2018-06-04,0.0,0.0,0.0,0.0,0.0
2018-06-05,0.0,0.0,0.0,0.0,0.0
2018-06-06,0.0,0.0,0.0,0.0,0.0
2018-06-07,0.0,0.0,0.0,0.0,0.0
2018-06-08,0.0,0.0,0.0,0.0,0.0
2018-06-09,0.0,0.0,0.0,0.0,0.0
2018-06-10,0.0,0.0,0.0,0.0,0.0
2018-06-11,0.0,0.0,0.0,0.0,0.0
2018-06-12,0.0,0.0,0.0,0.0,0.0
2018-06-13,0.0,0.0,0.0,0.0,0.0
2018-06-14,0.0,0.0,0.0,0.0,0.0
2018-06-15,0.0,0.0,0.0,0.0,0.0
2018-06-16,0.0,0.0,0.0,0.0,0.0
2018-06-17,0.0,0.0,0.0,0.0,0.0
2018-06-18,0.0,0.0,0.0,0.0,0.0
2018-06-19,0.0,0.0,0.0,0.0,0.0
2018-06-20,0.0,0.0,0.0,0.0,0.0
2018-06-21,0.0,0.0,0.0,0.0,0.0
2018-06-22,0.0,0.0,0.0,0.0,0.0
2018-06-23,0.0,0.0,0.0,0.0,0.0
2018-06-24,0.0,0.0,0.0,0.0,0.0
2018-06-25,0.0,0.0,0.0,0.0,0.0
2018-06-26,0.0,0.0,0.0,0.0,0.0
2018-06-27,0.0,0.0,0.0,0.0,0.0
2018-06-28,0.0,0.0,0.0,0.0,0.0
2018-06-29,0.0,0.0,0.0,0.0,0.0
2018-06-30,0.0,0.0,0.0,0.0,0.0
2018-07-01,0.0,0.0,0.0,0.0,0.0
2018-07-02,0.0,0.0,0.0,0.0,0.0
2018-07-03,0.0,0.0,0.0,0.0,0.0
2018-07-04,0.0,0.0,0.0,0.0,0.0
2018-07-05,0.0,0.0,0.0,0.0,0.0
2018-07-06,0.0,0.0,0.0,0.0,0.0
2018-07-07,0.0,0.0,0.0,0.0,0.0
2018-07-08,0.0,0.0,0.0,0.0,0.0
2018-07-09,0.0,0.0,0.0,0.0,0.0
2018-07-10,0.0,0.0,0.0,0.0,0.0
2018-07-11,0.0,0.0,0.0,0.0,0.0
2018-07-12,0.0,0.0,0.0,0.0,0.0
2018-07-13,0.0,0.0,0.0,0.0,0.0
2018-07-14,0.0,0.0,0.0,0.0,0.0
2018-07-15,0.0,0.0,0.0,0.0,0.0
2018-07-16,0.0,0.0,0.0,0.0,0.0
2018-07-17,0.0,0.0,0.0,0.0,0.0
2018-07-18,0.0,0.0,0.0,0.0,0.0
2018-07-19,0.0,0.0,0.0,0.0,0.0
2018-07-20,0.0,0.0,0.0,0.0,0.0
2018-07-21,0.0,0.0,0.0,0.0,0.0
2018-07-22,0.0,0.0,0.0,0.0,0.0
2018-07-23,0.0,0.0,0.0,0.0,0.0
2018-07-24,0.0,0.0,0.0,0.0,0.0
2018-07-25,0.0,0.0,0.0,0.0,0.0
2018-07-26,0.0,0.0,0.0,0.0,0.0
2018-07-27,0.0,0.0,0.0,0.0,0.0
2018-07-28,0.0,0.0,0.0,0.0,0.0
2018-07-29,0.0,0.0,0.0,0.0,0.0
2018-07-30,0.0,0.0,0.0,0.0,0.0
2018-07-31,0.0,0.0,0.0,0.0,0.0
2018-08-01,0.0,0.0,0.0,0.0,0.0
2018-08-02,0.0,0.0,0.0,0.0,0.0
2018-08-03,0.0,0.0,0.0,0.0,0.0
2018-08-04,0.0,0.0,0.0,0.0,0.0
2018-08-05,0.0,0.0,0.0,0.0,0.0
2018-08-06,0.0,0.0,0.0,0.0,0.0
2018-08-07,0.0,0.0,0.0,0.0,0.0
2018-08-08,0.0,0.0,0.0,0.0,0.0
2018-08-09,0.0,0.0,0.0,0.0,0.0
2018-08-10,0.0,0.0,0.0,0.0,0.0
2018-08-11,0.0,0.0,0.0,0.0,0.0
2018-08-12,0.0,0.0,0.0,0.0,0.0
2018-08-13,0.0,0.0,0.0,0.0,0.0
2018-08-14,0.0,0.0,0.0,0.0,0.0
2018-08-15,0.0,0.0,0.0,0.0,0.0
2018-08-16,0.0,0.0,0.0,0.0,0.0
2018-08-17,0.0,0.0,0.0,0.0,0.0
2018-08-18,0.0,0.0,0.0,0.0,0.0
2018-08-19,0.0,0.0,0.0,0.0,0.0
2018-08-20,0.0,0.0,0.0,0.0,0.0
2018-08-21,0.0,0.0,0.0,0.0,0.0
2018-08-22,0.0,0.0,0.0,0.0,0.0
2018-08-23,0.0,0.0,0.0,0.0,0.0
2018-08-24,0.0,0.0,0.0,0.0,0.0
2018-08-25,0.0,0.0,0.0,0.0,0.0
2018-08-26,0.0,0.0,0.0,0.0,0.0
2018-08-27,0.0,0.0,0.0,0.0,0.0
2018-08-28,0.0,0.0,0.0,0.0,0.0
2018-08-29,0.0,0.0,0.0,0.0,0.0
2018-08-30,0.0,0.0,0.0,0.0,0.0
2018-08-31,0.0,0.0,0.0,0.0,0.0
2018-09-01,0.0,0.0,0.0,0.0,0.0
2018-09-02,0.0,0.0,0.0,0.0,0.0
2018-09-03,0.0,0.0,0.0,0.0,0.0
2018-09-04,0.0,0.0,0.0,0.0,0.0
2018-09-05,0.0,0.0,0.0,0.0,0.0
2018-09-06,0.0,0.0,0.0,0.0,0.0
2018-09-07,0.0,0.0,0.0,0.0,0.0
2018-09-08,0.0,0.0,0.0,0.0,0.0
2018-09-09,0.0,0.0,0.0,0.0,0.0
2018-09-10,0.0,0.0,0.0,0.0,0.0
2018-09-11,0.0,0.0,0.0,0.0,0.0
2018-09-12,0.0,0.0,0.0,0.0,0.0
2018-09-13,0.0,0.0,0.0,0.0,0.0
2018-09-14,0.0,0.0,0.0,0.0,0.0
2018-09-15,0.0,0.0,0.0,0.0,0.0
2018-09-16,0.0,0.0,0.0,0.0,0.0
2018-09-17,0.0,0.0,0.0,0.0,0.0
2018-09-18,0.0,0.0,0.0,0.0,0.0
2018-09-19,0.0,0.0,0.0,0.0,0.0
2018-09-20,0.0,0.0,0.0,0.0,0.0
2018-09-21,0.0,0.0,0.0,0.0,0.0
2018-09-22,0.0,0.0,0.0,0.0,0.0
2018-09-23,0.0,0.0,0.0,0.0,0.0
2018-09-24,0.0,0.0,0.0,0.0,0.0
2018-09-25,0.0,0.0,0.0,0.0,0.0
2018-09-26,0.0,0.0,0.0,0.0,0.0
2018-09-27,0.0,0.0,0.0,0.0,0.0
2018-09-28,0.0,0.0,0.0,0.0,0.0
2018-09-29,0.0,0.0,0.0,0.0,0.0
2018-09-30,0.0,0.0,0.0,0.0,0.0
2018-10-01,0.0,0.0,0.0,0.0,0.0
2018-10-02,0.0,0.0,0.0,0.0,0.0
2018-10-03,0.0,0.0,0.0,0.0,0.0
2018-10-04,0.0,0.0,0.0,0.0,0.0
2018-10-05,0.0,0.0,0.0,0.0,0.0
2018-10-06,0.0,0.0,0.0,0.0,0.0
2018-10-07,0.0,0.0,0.0,0.0,0.0
2018-10-08,0.0,0.0,0.0,0.0,0.0
2018-10-09,0.0,0.0,0.0,0.0,0.0
2018-10-10,0.0,0.0,0.0,0.0,0.0
2018-10-11,0.0,0.0,0.0,0.0,0.0
2018-10-12,0.0,0.0,0.0,0.0,0.0
2018-10-13,0.0,0.0,0.0,0.0,0.0
2018-10-14,0.0,0.0,0.0,0.0,0.0
2018-10-15,0.0,0.0,0.0,0.0,0.0
2018-10-16,0.0,0.0,0.0,0.0,0.0
2018-10-17,0.0,0.0,0.0,0.0,0.0
2018-10-18,0.0,0.0,0.0,0.0,0.0
2018-10-19,0.0,0.0,0.0,0.0,0.0
2018-10-20,0.0,0.0,0.0,0.0,0.0
2018-10-21,0.0,0.0,0.0,0.0,0.0
2018-10-22,0.0,0.0,0.0,0.0,0.0
2018-10-23,0.0,0.0,0.0,0.0,0.0
2018-10-24,0.0,0.0,0.0,0.0,0.0
2018-10-25,0.0,0.0,0.0,0.0,0.0
2018-10-26,0.0,0.0,0.0,0.0,0.0
2018-10-27,0.0,0.0,0.0,0.0,0.0
2018-10-28,0.0,0.0,0.0,0.0,0.0
2018-10-29,0.0,0.0,0.0,0.0,0.0
2018-10-30,0.0,0.0,0.0,0.0,0.0
2018-10-31,0.0,0.0,0.0,0.0,0.0
2018-11-01,0.0,0.0,0.0,0.0,0.0
2018-11-02,0.0,0.0,0.0,0.0,0.0
2018-11-03,0.0,0.0,0.0,0.0,0.0
2018-11-04,0.0,0.0,0.0,0.0,0.0
2018-11-05,0.0,0.0,0.0,0.0,0.0
2018-11-06,0.0,0.0,0.0,0.0,0.0
2018-11-07,0.0,0.0,0.0,0.0,0.0
2018-11-08,0.0,0.0,0.0,0.0,0.0
2018-11-09,0.0,0.0,0.0,0.0,0.0
2018-11-10,0.0,0.0,0.0,0.0,0.0
2018-11-11,0.0,0.0,0.0,0.0,0.0
2018-11-12,0.0,0.0,0.0,0.0,0.0
2018-11-13,0.0,0.0,0.0,0.0,0.0
2018-11-14,0.0,0.0,0.0,0.0,0.0
2018-11-15,0.0,0.0,0.0,0.0,0.0
2018-11-16,0.0,0.0,0.0,0.0,0.0
2018-11-17,0.0,0.0,0.0,0.0,0.0
2018-11-18,0.0,0.0,0.0,0.0,0.0
2018-11-19,0.0,0.0,0.0,0.0,0.0
2018-11-20,0.0,0.0,0.0,0.0,0.0
2018-11-21,0.0,0.0,0.0,0.0,0.0
2018-11-22,0.0,0.0,0.0,0.0,0.0
2018-11-23,0.0,0.0,0.0,0.0,0.0
2018-11-24,0.0,0.0,0.0,0.0,0.0
2018-11-25,0.0,0.0,0.0,0.0,0.0
2018-11-26,0.0,0.0,0.0,0.0,0.0
2018-11-27,0.0,0.0,0.0,0.0,0.0
2018-11-28,0.0,0.0,0.0,0.0,0.0
2018-11-29,0.0,0.0,0.0,0.0,0.0
2018-11-30,0.0,0.0,0.0,0.0,0.0
2018-12-01,0.0,0.0,0.0,0.0,0.0
2018-12-02,0.0,0.0,0.0,0.0,0.0
2018-12-03,0.0,0.0,0.0,0.0,0.0
2018-12-04,0.0,0.0,0.0,0.0,0.0
2018-12-05,0.0,0.0,0.0,0.0,0.0
2018-12-06,0.0,0.0,0.0,0.0,0.0
2018-12-07,0.0,0.0,0.0,0.0,0.0
2018-12-08,0.0,0.0,0.0,0.0,0.0
2018-12-09,0.0,0.0,0.0,0.0,0.0
2018-12-10,0.0,0.0,0.0,0.0,0.0
2018-12-11,0.0,0.0,0.0,0.0,0.0
2018-12-12,0.0,0.0,0.0,0.0,0.0
2018-12-13,0.0,0.0,0.0,0.0,0.0
2018-12-14,0.0,0.0,0.0,0.0,0.0
2018-12-15,0.0,0.0,0.0,0.0,0.0
2018-12-16,0.0,0.0,0.0,0.0,0.0
2018-12-17,0.0,0.0,0.0,0.0,0.0
2018-12-18,0.0,0.0,0.0,0.0,0.0
2018-12-19,0.0,0.0,0.0,0.0,0.0
2018-12-20,0.0,0.0,0.0,0.0,0.0
2018-12-21,0.0,0.0,0.0,0.0,0.0
2018-12-22,0.0,0.0,0.0,0.0,0.0
2018-12-23,0.0,0.0,0.0,0.0,0.0
2018-12-24,0.0,0.0,0.0,0.0,0.0
2018-12-25,0.0,0.0,0.0,0.0,0.0
2018-12-26,0.0,0.0,0.0,0.0,0.0
2018-12-27,0.0,0.0,0.0,0.0,0.0
2018-12-28,0.0,0.0,0.0,0.0,0.0
2018-12-29,0.0,0.0,0.0,0.0,0.0
2018-12-30,0.0,0.0,0.0,0.0,0.0
2018-12-31,0.0,0.0,0.0,0.0,0.0
2019-01-01,0.0,0.0,0.0,0.0,0.0
2019-01-02,0.0,0.0,0.0,0.0,0.0
2019-01-03,0.0,0.0,0.0,0.0,0.0
2019-01-04,0.0,0.0,0.0,0.0,0.0
2019-01-05,0.0,0.0,0.0,0.0,0.0
2019-01-06,0.0,0.0,0.0,0.0,0.0
2019-01-07,0.0,0.0,0.0,0.0,0.0
2019-01-08,0.0,0.0,0.0,0.0,0.0
2019-01-09,0.0,0.0,0.0,0.0,0.0
2019-01-10,0.0,0.0,0.0,0.0,0.0
2019-01-11,0.0,0.0,0.0,0.0,0.0
2019-01-12,0.0,0.0,0.0,0.0,0.0
2019-01-13,0.0,0.0,0.0,0.0,0.0
2019-01-14,0.0,0.0,0.0,0.0,0.0
2019-01-15,0.0,0.0,0.0,0.0,0.0
2019-01-16,0.0,0.0,0.0,0.0,0.0
2019-01-17,0.0,0.0,0.0,0.0,0.0
2019-01-18,0.0,0.0,0.0,0.0,0.0
2019-01-19,0.0,0.0,0.0,0.0,0.0
2019-01-20,0.0,0.0,0.0,0.0,0.0
2019-01-21,0.0,0.0,0.0,0.0,0.0
2019-01-22,0.0,0.0,0.0,0.0,0.0
2019-01-23,0.0,0.0,0.0,0.0,0.0
2019-01-24,0.0,0.0,0.0,0.0,0.0
2019-01-25,0.0,0.0,0.0,0.0,0.0
2019-01-26,0.0,0.0,0.0,0.0,0.0
2019-01-27,0.0,0.0,0.0,0.0,0.0
2019-01-28,0.0,0.0,0.0,0.0,0.0
2019-01-29,0.0,0.0,0.0,0.0,0.0
2019-01-30,0.0,0.0,0.0,0.0,0.0
2019-01-31,0.0,0.0,0.0,0.0,0.0
2019-02-01,0.0,0.0,0.0,0.0,0.0
2019-02-02,0.0,0.0,0.0,0.0,0.0
2019-02-03,0.0,0.0,0.0,0.0,0.0
2019-02-04,0.0,0.0,0.0,0.0,0.0
2019-02-05,0.0,0.0,0.0,0.0,0.0
2019-02-06,0.0,0.0,0.0,0.0,0.0
2019-02-07,0.0,0.0,0.0,0.0,0.0
2019-02-08,0.0,0.0,0.0,0.0,0.0
2019-02-09,0.0,0.0,0.0,0.0,0.0
2019-02-10,0.0,0.0,0.0,0.0,0.0
2019-02-11,0.0,0.0,0.0,0.0,0.0
2019-02-12,0.0,0.0,0.0,0.0,0.0
2019-02-13,0.0,0.0,0.0,0.0,0.0
2019-02-14,0.0,0.0,0.0,0.0,0.0
2019-02-15,0.0,0.0,0.0,0.0,0.0
2019-02-16,0.0,0.0,0.0,0.0,0.0
2019-02-17,0.0,0.0,0.0,0.0,0.0
2019-02-18,0.0,0.0,0.0,0.0,0.0
2019-02-19,0.0,0.0,0.0,0.0,0.0
2019-02-20,0.0,0.0,0.0,0.0,0.0
2019-02-21,0.0,0.0,0.0,0.0,0.0
2019-02-22,0.0,0.0,0.0,0.0,0.0
2019-02-23,0.0,0.0,0.0,0.0,0.0
2019-02-24,0.0,0.0,0.0,0.0,0.0
2019-02-25,0.0,0.0,0.0,0.0,0.0
2019-02-26,0.0,0.0,0.0,0.0,0.0
2019-02-27,0.0,0.0,0.0,0.0,0.0
2019-02-28,0.0,0.0,0.0,0.0,0.0
2019-03-01,0.0,0.0,0.0,0.0,0.0
2019-03-02,0.0,0.0,0.0,0.0,0.0
2019-03-03,0.0,0.0,0.0,0.0,0.0
2019-03-04,0.0,0.0,0.0,0.0,0.0
2019-03-05,0.0,0.0,0.0,0.0,0.0
2019-03-06,0.0,0.0,0.0,0.0,0.0
2019-03-07,0.0,0.0,0.0,0.0,0.0
2019-03-08,0.0,0.0,0.0,0.0,0.0
2019-03-09,0.0,0.0,0.0,0.0,0.0
2019-03-10,0.0,0.0,0.0,0.0,0.0
2019-03-11,0.0,0.0,0.0,0.0,0.0
2019-03-12,0.0,0.0,0.0,0.0,0.0
2019-03-13,0.0,0.0,0.0,0.0,0.0
2019-03-14,0.0,0.0,0.0,0.0,0.0
2019-03-15,0.0,0.0,0.0,0.0,0.0
2019-03-16,0.0,0.0,0.0,0.0,0.0
2019-03-17,0.0,0.0,0.0,0.0,0.0
2019-03-18,0.0,0.0,0.0,0.0,0.0
2019-03-19,0.0,0.0,0.0,0.0,0.0
2019-03-20,0.0,0.0,0.0,0.0,0.0
2019-03-21,0.0,0.0,0.0,0.0,0.0
2019-03-22,0.0,0.0,0.0,0.0,0.0
2019-03-23,0.0,0.0,0.0,0.0,0.0
2019-03-24,0.0,0.0,0.0,0.0,0.0
2019-03-25,0.0,0.0,0.0,0.0,0.0
2019-03-26,0.0,0.0,0.0,0.0,0.0
2019-03-27,0.0,0.0,0.0,0.0,0.0
2019-03-28,0.0,0.0,0.0,0.0,0.0
2019-03-29,0.0,0.0,0.0,0.0,0.0
2019-03-30,0.0,0.0,0.0,0.0,0.0
2019-03-31,0.0,0.0,0.0,0.0,0.0
2019-04-01,0.0,0.0,0.0,0.0,0.0
2019-04-02,0.0,0.0,0.0,0.0,0.0
2019-04-03,0.0,0.0,0.0,0.0,0.0
2019-04-04,0.0,0.0,0.0,0.0,0.0
2019-04-05,0.0,0.0,0.0,0.0,0.0
2019-04-06,0.0,0.0,0.0,0.0,0.0
2019-04-07,0.0,0.0,0.0,0.0,0.0
2019-04-08,0.0,0.0,0.0,0.0,0.0
2019-04-09,0.0,0.0,0.0,0.0,0.0
2019-04-10,0.0,0.0,0.0,0.0,0.0
2019-04-11,0.0,0.0,0.0,0.0,0.0
2019-04-12,0.0,0.0,0.0,0.0,0.0
2019-04-13,0.0,0.0,0.0,0.0,0.0
2019-04-14,0.0,0.0,0.0,0.0,0.0
2019-04-15,0.0,0.0,0.0,0.0,0.0
2019-04-16,0.0,0.0,0.0,0.0,0.0
2019-04-17,0.0,0.0,0.0,0.0,0.0
2019-04-18,0.0,0.0,0.0,0.0,0.0
2019-04-19,0.0,0.0,0.0,0.0,0.0
2019-04-20,0.0,0.0,0.0,0.0,0.0
2019-04-21,0.0,0.0,0.0,0.0,0.0
2019-04-22,0.0,0.0,0.0,0.0,0.0
2019-04-23,0.0,0.0,0.0,0.0,0.0
2019-04-24,0.0,0.0,0.0,0.0,0.0
2019-04-25,0.0,0.0,0.0,0.0,0.0
2019-04-26,0.0,0.0,0.0,0.0,0.0
2019-04-27,0.0,0.0,0.0,0.0,0.0
2019-04-28,0.0,0.0,0.0,0.0,0.0
2019-04-29,0.0,0.0,0.0,0.0,0.0
2019-04-30,0.0,0.0,0.0,0.0,0.0
2019-05-01,0.0,0.0,0.0,0.0,0.0
2019-05-02,0.0,0.0,0.0,0.0,0.0
2019-05-03,0.0,0.0,0.0,0.0,0.0
2019-05-04,0.0,0.0,0.0,0.0,0.0
2019-05-05,0.0,0.0,0.0,0.0,0.0
2019-05-06,0.0,0.0,0.0,0.0,0.0
2019-05-07,0.0,0.0,0.0,0.0,0.0
2019-05-08,0.0,0.0,0.0,0.0,0.0
2019-05-09,0.0,0.0,0.0,0.0,0.0
2019-05-10,0.0,0.0,0.0,0.0,0.0
2019-05-11,0.0,0.0,0.0,0.0,0.0
2019-05-12,0.0,0.0,0.0,0.0,0.0
2019-05-13,0.0,0.0,0.0,0.0,0.0
2019-05-14,0.0,0.0,0.0,0.0,0.0
2019-05-15,0.0,0.0,0.0,0.0,0.0
2019-05-16,0.0,0.0,0.0,0.0,0.0
2019-05-17,0.0,0.0,0.0,0.0,0.0
2019-05-18,0.0,0.0,0.0,0.0,0.0
2019-05-19,0.0,0.0,0.0,0.0,0.0
2019-05-20,0.0,0.0,0.0,0.0,0.0
2019-05-21,0.0,0.0,0.0,0.0,0.0
2019-05-22,0.0,0.0,0.0,0.0,0.0
2019-05-23,0.0,0.0,0.0,0.0,0.0
2019-05-24,0.0,0.0,0.0,0.0,0.0
2019-05-25,0.0,0.0,0.0,0.0,0.0
2019-05-26,0.0,0.0,0.0,0.0,0.0
2019-05-27,0.0,0.0,0.0,0.0,0.0
2019-05-28,0.0,0.0,0.0,0.0,0.0
2019-05-29,0.0,0.0,0.0,0.0,0.0
2019-05-30,0.0,0.0,0.0,0.0,0.0
2019-05-31,0.0,0.0,0.0,0.0,0.0
2019-06-01,0.0,0.0,0.0,0.0,0.0
2019-06-02,0.0,0.0,0.0,0.0,0.0
2019-06-03,0.0,0.0,0.0,0.0,0.0
2019-06-04,0.0,0.0,0.0,0.0,0.0
2019-06-05,0.0,0.0,0.0,0.0,0.0
2019-06-06,0.0,0.0,0.0,0.0,0.0
2019-06-07,0.0,0.0,0.0,0.0,0.0
2019-06-08,0.0,0.0,0.0,0.0,0.0
2019-06-09,0.0,0.0,0.0,0.0,0.0
2019-06-10,0.0,0.0,0.0,0.0,0.0
2019-06-11,0.0,0.0,0.0,0.0,0.0
2019-06-12,0.0,0.0,0.0,0.0,0.0
2019-06-13,0.0,0.0,0.0,0.0,0.0
2019-06-14,0.0,0.0,0.0,0.0,0.0
2019-06-15,0.0,0.0,0.0,0.0,0.0
2019-06-16,0.0,0.0,0.0,0.0,0.0
2019-06-17,0.0,0.0,0.0,0.0,0.0
2019-06-18,0.0,0.0,0.0,0.0,0.0
2019-06-19,0.0,0.0,0.0,0.0,0.0
2019-06-20,0.0,0.0,0.0,0.0,0.0
2019-06-21,0.0,0.0,0.0,0.0,0.0
2019-06-22,0.0,0.0,0.0,0.0,0.0
2019-06-23,0.0,0.0,0.0,0.0,0.0
2019-06-24,0.0,0.0,0.0,0.0,0.0
2019-06-25,0.0,0.0,0.0,0.0,0.0
2019-06-26,0.0,0.0,0.0,0.0,0.0
2019-06-27,0.0,0.0,0.0,0.0,0.0
2019-06-28,0.0,0.0,0.0,0.0,0.0
2019-06-29,0.0,0.0,0.0,0.0,0.0
2019-06-30,0.0,0.0,0.0,0.0,0.0
2019-07-01,0.0,0.0,0.0,0.0,0.0
2019-07-02,0.0,0.0,0.0,0.0,0.0
2019-07-03,0.0,0.0,0.0,0.0,0.0
2019-07-04,0.0,0.0,0.0,0.0,0.0
2019-07-05,0.0,0.0,0.0,0.0,0.0
2019-07-06,0.0,0.0,0.0,0.0,0.0
2019-07-07,0.0,0.0,0.0,0.0,0.0
2019-07-08,0.0,0.0,0.0,0.0,0.0
2019-07-09,0.0,0.0,0.0,0.0,0.0
2019-07-10,0.0,0.0,0.0,0.0,0.0
2019-07-11,0.0,0.0,0.0,0.0,0.0
2019-07-12,0.0,0.0,0.0,0.0,0.0
2019-07-13,0.0,0.0,0.0,0.0,0.0
2019-07-14,0.0,0.0,0.0,0.0,0.0
2019-07-15,0.0,0.0,0.0,0.0,0.0
2019-07-16,0.0,0.0,0.0,0.0,0.0
2019-07-17,0.0,0.0,0.0,0.0,0.0
2019-07-18,0.0,0.0,0.0,0.0,0.0
2019-07-19,0.0,0.0,0.0,0.0,0.0
2019-07-20,0.0,0.0,0.0,0.0,0.0
2019-07-21,0.0,0.0,0.0,0.0,0.0
2019-07-22,0.0,0.0,0.0,0.0,0.0
2019-07-23,0.0,0.0,0.0,0.0,0.0
2019-07-24,0.0,0.0,0.0,0.0,0.0
2019-07-25,0.0,0.0,0.0,0.0,0.0
2019-07-26,0.0,0.0,0.0,0.0,0.0
2019-07-27,0.0,0.0,0.0,0.0,0.0
2019-07-28,0.0,0.0,0.0,0.0,0.0
2019-07-29,0.0,0.0,0.0,0.0,0.0
2019-07-30,0.0,0.0,0.0,0.0,0.0
2019-07-31,0.0,0.0,0.0,0.0,0.0
2019-08-01,0.0,0.0,0.0,0.0,0.0
2019-08-02,0.0,0.0,0.0,0.0,0.0
2019-08-03,0.0,0.0,0.0,0.0,0.0
2019-08-04,0.0,0.0,0.0,0.0,0.0
2019-08-05,0.0,0.0,0.0,0.0,0.0
2019-08-06,0.0,0.0,0.0,0.0,0.0
2019-08-07,0.0,0.0,0.0,0.0,0.0
2019-08-08,0.0,0.0,0.0,0.0,0.0
2019-08-09,0.0,0.0,0.0,0.0,0.0
2019-08-10,0.0,0.0,0.0,0.0,0.0
2019-08-11,0.0,0.0,0.0,0.0,0.0
2019-08-12,0.0,0.0,0.0,0.0,0.0
2019-08-13,0.0,0.0,0.0,0.0,0.0
2019-08-14,0.0,0.0,0.0,0.0,0.0
2019-08-15,0.0,0.0,0.0,0.0,0.0
2019-08-16,0.0,0.0,0.0,0.0,0.0
2019-08-17,0.0,0.0,0.0,0.0,0.0
2019-08-18,0.0,0.0,0.0,0.0,0.0
2019-08-19,0.0,0.0,0.0,0.0,0.0
2019-08-20,0.0,0.0,0.0,0.0,0.0
2019-08-21,0.0,0.0,0.0,0.0,0.0
2019-08-22,0.0,0.0,0.0,0.0,0.0
2019-08-23,0.0,0.0,0.0,0.0,0.0
2019-08-24,0.0,0.0,0.0,0.0,0.0
2019-08-25,0.0,0.0,0.0,0.0,0.0
2019-08-26,0.0,0.0,0.0,0.0,0.0
2019-08-27,0.0,0.0,0.0,0.0,0.0
2019-08-28,0.0,0.0,0.0,0.0,0.0
2019-08-29,0.0,0.0,0.0,0.0,0.0
2019-08-30,0.0,0.0,0.0,0.0,0.0
2019-08-31,0.0,0.0,0.0,0.0,0.0
2019-09-01,0.0,0.0,0.0,0.0,0.0
2019-09-02,0.0,0.0,0.0,0.0,0.0
2019-09-03,0.0,0.0,0.0,0.0,0.0
2019-09-04,0.0,0.0,0.0,0.0,0.0
2019-09-05,0.0,0.0,0.0,0.0,0.0
2019-09-06,0.0,0.0,0.0,0.0,0.0
2019-09-07,0.0,0.0,0.0,0.0,0.0
2019-09-08,0.0,0.0,0.0,0.0,0.0
2019-09-09,0.0,0.0,0.0,0.0,0.0
2019-09-10,0.0,0.0,0.0,0.0,0.0
2019-09-11,0.0,0.0,0.0,0.0,0.0
2019-09-12,0.0,0.0,0.0,0.0,0.0
2019-09-13,0.0,0.0,0.0,0.0,0.0
2019-09-14,0.0,0.0,0.0,0.0,0.0
2019-09-15,0.0,0.0,0.0,0.0,0.0
2019-09-16,0.0,0.0,0.0,0.0,0.0
2019-09-17,0.0,0.0,0.0,0.0,0.0
2019-09-18,0.0,0.0,0.0,0.0,0.0
2019-09-19,0.0,0.0,0.0,0.0,0.0
2019-09-20,0.0,0.0,0.0,0.0,0.0
2019-09-21,0.0,0.0,0.0,0.0,0.0
2019-09-22,0.0,0.0,0.0,0.0,0.0
2019-09-23,0.0,0.0,0.0,0.0,0.0
2019-09-24,0.0,0.0,0.0,0.0,0.0
2019-09-25,0.0,0.0,0.0,0.0,0.0
2019-09-26,0.0,0.0,0.0,0.0,0.0
2019-09-27,0.0,0.0,0.0,0.0,0.0
2019-09-28,0.0,0.0,0.0,0.0,0.0
2019-09-29,0.0,0.0,0.0,0.0,0.0
2019-09-30,0.0,0.0,0.0,0.0,0.0
2019-10-01,0.0,0.0,0.0,0.0,0.0
2019-10-02,0.0,0.0,0.0,0.0,0.0
2019-10-03,0.0,0.0,0.0,0.0,0.0
2019-10-04,0.0,0.0,0.0,0.0,0.0
2019-10-05,0.0,0.0,0.0,0.0,0.0
2019-10-06,0.0,0.0,0.0,0.0,0.0
2019-10-07,0.0,0.0,0.0,0.0,0.0
2019-10-08,0.0,0.0,0.0,0.0,0.0
2019-10-09,0.0,0.0,0.0,0.0,0.0
2019-10-10,0.0,0.0,0.0,0.0,0.0
2019-10-11,0.0,0.0,0.0,0.0,0.0
2019-10-12,0.0,0.0,0.0,0.0,0.0
2019-10-13,0.0,0.0,0.0,0.0,0.0
2019-10-14,0.0,0.0,0.0,0.0,0.0
2019-10-15,0.0,0.0,0.0,0.0,0.0
2019-10-16,0.0,0.0,0.0,0.0,0.0
2019-10-17,0.0,0.0,0.0,0.0,0.0
2019-10-18,0.0,0.0,0.0,0.0,0.0
2019-10-19,0.0,0.0,0.0,0.0,0.0
2019-10-20,0.0,0.0,0.0,0.0,0.0
2019-10-21,0.0,0.0,0.0,0.0,0.0
2019-10-22,0.0,0.0,0.0,0.0,0.0
2019-10-23,0.0,0.0,0.0,0.0,0.0
2019-10-24,0.0,0.0,0.0,0.0,0.0
2019-10-25,0.0,0.0,0.0,0.0,0.0
2019-10-26,0.0,0.0,0.0,0.0,0.0
2019-10-27,0.0,0.0,0.0,0.0,0.0
2019-10-28,0.0,0.0,0.0,0.0,0.0
2019-10-29,0.0,0.0,0.0,0.0,0.0
2019-10-30,0.0,0.0,0.0,0.0,0.0
2019-10-31,0.0,0.0,0.0,0.0,0.0
2019-11-01,0.0,0.0,0.0,0.0,0.0
2019-11-02,0.0,0.0,0.0,0.0,0.0
2019-11-03,0.0,0.0,0.0,0.0,0.0
2019-11-04,0.0,0.0,0.0,0.0,0.0
2019-11-05,0.0,0.0,0.0,0.0,0.0
2019-11-06,0.0,0.0,0.0,0.0,0.0
2019-11-07,0.0,0.0,0.0,0.0,0.0
2019-11-08,0.0,0.0,0.0,0.0,0.0
2019-11-09,0.0,0.0,0.0,0.0,0.0
2019-11-10,0.0,0.0,0.0,0.0,0.0
2019-11-11,0.0,0.0,0.0,0.0,0.0
2019-11-12,0.0,0.0,0.0,0.0,0.0
2019-11-13,0.0,0.0,0.0,0.0,0.0
2019-11-14,0.0,0.0,0.0,0.0,0.0
2019-11-15,0.0,0.0,0.0,0.0,0.0
2019-11-16,0.0,0.0,0.0,0.0,0.0
2019-11-17,0.0,0.0,0.0,0.0,0.0
2019-11-18,0.0,0.0,0.0,0.0,0.0
2019-11-19,0.0,0.0,0.0,0.0,0.0
2019-11-20,0.0,0.0,0.0,0.0,0.0
2019-11-21,0.0,0.0,0.0,0.0,0.0
2019-11-22,0.0,0.0,0.0,0.0,0.0
2019-11-23,0.0,0.0,0.0,0.0,0.0
2019-11-24,0.0,0.0,0.0,0.0,0.0
2019-11-25,0.0,0.0,0.0,0.0,0.0
2019-11-26,0.0,0.0,0.0,0.0,0.0
2019-11-27,0.0,0.0,0.0,0.0,0.0
2019-11-28,0.0,0.0,0.0,0.0,0.0
2019-11-29,0.0,0.0,0.0,0.0,0.0
2019-11-30,0.0,0.0,0.0,0.0,0.0
2019-12-01,0.0,0.0,0.0,0.0,0.0
2019-12-02,0.0,0.0,0.0,0.0,0.0
2019-12-03,0.0,0.0,0.0,0.0,0.0
2019-12-04,0.0,0.0,0.0,0.0,0.0
2019-12-05,0.0,0.0,0.0,0.0,0.0
2019-12-06,0.0,0.0,0.0,0.0,0.0
2019-12-07,0.0,0.0,0.0,0.0,0.0
2019-12-08,0.0,0.0,0.0,0.0,0.0
2019-12-09,0.0,0.0,0.0,0.0,0.0
2019-12-10,0.0,0.0,0.0,0.0,0.0
2019-12-11,0.0,0.0,0.0,0.0,0.0
2019-12-12,0.0,0.0,0.0,0.0,0.0
2019-12-13,0.0,0.0,0.0,0.0,0.0
2019-12-14,0.0,0.0,0.0,0.0,0.0
2019-12-15,0.0,0.0,0.0,0.0,0.0
2019-12-16,0.0,0.0,0.0,0.0,0.0
2019-12-17,0.0,0.0,0.0,0.0,0.0
2019-12-18,0.0,0.0,0.0,0.0,0.0
2019-12-19,0.0,0.0,0.0,0.0,0.0
2019-12-20,0.0,0.0,0.0,0.0,0.0
2019-12-21,0.0,0.0,0.0,0.0,0.0
2019-12-22,0.0,0.0,0.0,0.0,0.0
2019-12-23,0.0,0.0,0.0,0.0,0.0
2019-12-24,0.0,0.0,0.0,0.0,0.0
2019-12-25,0.0,0.0,0.0,0.0,0.0
2019-12-26,0.0,0.0,0.0,0.0,0.0
2019-12-27,0.0,0.0,0.0,0.0,0.0
2019-12-28,0.0,0.0,0.0,0.0,0.0
2019-12-29,0.0,0.0,0.0,0.0,0.0
2019-12-30,0.0,0.0,0.0,0.0,0.0
2019-12-31,0.0,0.0,0.0,0.0,0.0
2020-01-01,0.0,0.0,0.0,0.0,0.0
2020-01-02,0.0,0.0,0.0,0.0,0.0
2020-01-03,0.0,0.0,0.0,0.0,0.0
2020-01-04,0.0,0.0,0.0,0.0,0.0
2020-01-05,0.0,0.0,0.0,0.0,0.0
2020-01-06,0.0,0.0,0.0,0.0,0.0
2020-01-07,0.0,0.0,0.0,0.0,0.0
2020-01-08,0.0,0.0,0.0,0.0,0.0
2020-01-09,0.0,0.0,0.0,0.0,0.0
2020-01-10,0.0,0.0,0.0,0.0,0.0
2020-01-11,0.0,0.0,0.0,0.0,0.0
2020-01-12,0.0,0.0,0.0,0.0,0.0
2020-01-13,0.0,0.0,0.0,0.0,0.0
2020-01-14,0.0,0.0,0.0,0.0,0.0
2020-01-15,0.0,0.0,0.0,0.0,0.0
2020-01-16,0.0,0.0,0.0,0.0,0.0
2020-01-17,0.0,0.0,0.0,0.0,0.0
2020-01-18,0.0,0.0,0.0,0.0,0.0
2020-01-19,0.0,0.0,0.0,0.0,0.0
2020-01-20,0.0,0.0,0.0,0.0,0.0
2020-01-21,0.0,0.0,0.0,0.0,0.0
2020-01-22,0.0,0.0,0.0,0.0,0.0
2020-01-23,0.0,0.0,0.0,0.0,0.0
2020-01-24,0.0,0.0,0.0,0.0,0.0
2020-01-25,0.0,0.0,0.0,0.0,0.0
2020-01-26,0.0,0.0,0.0,0.0,0.0
2020-01-27,0.0,0.0,0.0,0.0,0.0
2020-01-28,0.0,0.0,0.0,0.0,0.0
2020-01-29,0.0,0.0,0.0,0.0,0.0
2020-01-30,0.0,0.0,0.0,0.0,0.0
2020-01-31,0.0,0.0,0.0,0.0,0.0
2020-02-01,0.0,0.0,0.0,0.0,0.0
2020-02-02,0.0,0.0,0.0,0.0,0.0
2020-02-03,0.0,0.0,0.0,0.0,0.0
2020-02-04,0.0,0.0,0.0,0.0,0.0
2020-02-05,0.0,0.0,0.0,0.0,0.0
2020-02-06,0.0,0.0,0.0,0.0,0.0
2020-02-07,0.0,0.0,0.0,0.0,0.0
2020-02-08,0.0,0.0,0.0,0.0,0.0
2020-02-09,0.0,0.0,0.0,0.0,0.0
2020-02-10,0.0,0.0,0.0,0.0,0.0
2020-02-11,0.0,0.0,0.0,0.0,0.0
2020-02-12,0.0,0.0,0.0,0.0,0.0
2020-02-13,0.0,0.0,0.0,0.0,0.0
2020-02-14,0.0,0.0,0.0,0.0,0.0
2020-02-15,0.0,0.0,0.0,0.0,0.0
2020-02-16,0.0,0.0,0.0,0.0,0.0
2020-02-17,0.0,0.0,0.0,0.0,0.0
2020-02-18,0.0,0.0,0.0,0.0,0.0
2020-02-19,0.0,0.0,0.0,0.0,0.0
2020-02-20,0.0,0.0,0.0,0.0,0.0
2020-02-21,0.0,0.0,0.0,0.0,0.0
2020-02-22,0.0,0.0,0.0,0.0,0.0
2020-02-23,0.0,0.0,0.0,0.0,0.0
2020-02-24,0.0,0.0,0.0,0.0,0.0
2020-02-25,0.0,0.0,0.0,0.0,0.0
2020-02-26,0.0,0.0,0.0,0.0,0.0
2020-02-27,0.0,0.0,0.0,0.0,0.0
2020-02-28,0.0,0.0,0.0,0.0,0.0
2020-02-29,0.0,0.0,0.0,0.0,0.0
2020-03-01,0.0,0.0,0.0,0.0,0.0
2020-03-02,0.0,0.0,0.0,0.0,0.0
2020-03-03,0.0,0.0,0.0,0.0,0.0
2020-03-04,0.0,0.0,0.0,0.0,0.0
2020-03-05,0.0,0.0,0.0,0.0,0.0
2020-03-06,0.0,0.0,0.0,0.0,0.0
2020-03-07,0.0,0.0,0.0,0.0,0.0
2020-03-08,0.0,0.0,0.0,0.0,0.0
2020-03-09,0.0,0.0,0.0,0.0,0.0
2020-03-10,0.0,0.0,0.0,0.0,0.0
2020-03-11,0.0,0.0,0.0,0.0,0.0
2020-03-12,0.0,0.0,0.0,0.0,0.0
2020-03-13,0.0,0.0,0.0,0.0,0.0
2020-03-14,0.0,0.0,0.0,0.0,0.0
2020-03-15,0.0,0.0,0.0,0.0,0.0
2020-03-16,0.0,0.0,0.0,0.0,0.0
2020-03-17,0.0,0.0,0.0,0.0,0.0
2020-03-18,0.0,0.0,0.0,0.0,0.0
2020-03-19,0.0,0.0,0.0,0.0,0.0
2020-03-20,0.0,0.0,0.0,0.0,0.0
2020-03-21,0.0,0.0,0.0,0.0,0.0
2020-03-22,0.0,0.0,0.0,0.0,0.0
2020-03-23,0.0,0.0,0.0,0.0,0.0
2020-03-24,0.0,0.0,0.0,0.0,0.0
2020-03-25,0.0,0.0,0.0,0.0,0.0
2020-03-26,0.0,0.0,0.0,0.0,0.0
2020-03-27,0.0,0.0,0.0,0.0,0.0
2020-03-28,0.0,0.0,0.0,0.0,0.0
2020-03-29,0.0,0.0,0.0,0.0,0.0
2020-03-30,0.0,0.0,0.0,0.0,0.0
2020-03-31,0.0,0.0,0.0,0.0,0.0
2020-04-01,0.0,0.0,0.0,0.0,0.0
2020-04-02,0.0,0.0,0.0,0.0,0.0
2020-04-03,0.0,0.0,0.0,0.0,0.0
2020-04-04,0.0,0.0,0.0,0.0,0.0
2020-04-05,0.0,0.0,0.0,0.0,0.0
2020-04-06,0.0,0.0,0.0,0.0,0.0
2020-04-07,0.0,0.0,0.0,0.0,0.0
2020-04-08,0.0,0.0,0.0,0.0,0.0
2020-04-09,0.0,0.0,0.0,0.0,0.0
2020-04-10,0.8681,1.338,0.5501,0.9483,65581892.36
2020-04-11,0.9483,1.056,0.768,0.7893,23065422.61
2020-04-12,0.7893,0.9368,0.7633,0.8801,19348665.6
2020-04-13,0.8801,0.8794,0.7751,0.7806,8548013.35
2020-04-14,0.7806,0.8015,0.6264,0.6672,8436976.32
2020-04-15,0.6672,0.6862,0.61,0.6382,5369465.91
2020-04-16,0.6382,0.8082,0.6757,0.6919,12357189.08
2020-04-17,0.6919,0.71,0.6547,0.6559,2857996.36
2020-04-18,0.6559,0.7253,0.6763,0.6791,2712692.79
2020-04-19,0.6791,0.6699,0.5941,0.6047,2659174.41
2020-04-20,0.6047,0.6099,0.5217,0.5321,2417317.4
2020-04-21,0.5321,0.5961,0.5092,0.5786,3552614.56
2020-04-22,0.5786,0.7123,0.5901,0.6941,10732258.56
2020-04-23,0.6941,0.7356,0.6074,0.6313,6547255.09
2020-04-24,0.6313,0.6668,0.6107,0.6254,2293437.4
2020-04-25,0.6254,0.6705,0.6188,0.6463,1525895.29
2020-04-26,0.6463,0.7003,0.6271,0.6371,1725436.62
2020-04-27,0.6371,0.6616,0.5683,0.5702,2131561.96
2020-04-28,0.5702,0.7037,0.5682,0.6575,4495857.32
2020-04-29,0.6575,0.8346,0.7104,0.747,5545420.54
2020-04-30,0.747,0.785,0.671,0.6923,2432727.11
2020-05-01,0.6923,0.7416,0.6841,0.7244,1710781.07
2020-05-02,0.7244,0.7594,0.7084,0.7129,1078113.33
2020-05-03,0.7129,0.7124,0.6518,0.682,1033093.79
2020-05-04,0.682,0.7073,0.6277,0.6661,1274982.17
2020-05-05,0.6661,0.6934,0.6386,0.6477,810509.54
2020-05-06,0.6477,0.6779,0.6133,0.6182,708187.18
2020-05-07,0.6182,0.6852,0.5729,0.6085,1247182.0
2020-05-08,0.6085,0.6244,0.5769,0.6039,554917.82
2020-05-09,0.6039,0.6187,0.5844,0.6029,330656.67
2020-05-10,0.6029,0.6106,0.5316,0.5414,477907.53
2020-05-11,0.5414,0.5611,0.5058,0.5156,469284.42
2020-05-12,0.5156,0.5557,0.5204,0.5366,380005.6
2020-05-13,0.5366,0.5798,0.5307,0.5535,580655.3
2020-05-14,0.5535,0.6089,0.5576,0.5717,347232.33
2020-05-15,0.5717,0.5587,0.5423,0.5571,154811.51
2020-05-16,0.5571,0.5998,0.5597,0.5996,438228.38
2020-05-17,0.5996,0.6514,0.6036,0.6139,833132.65
2020-05-18,0.6139,0.6884,0.6065,0.6531,1169503.93
2020-05-19,0.6531,0.6599,0.6111,0.6229,402997.6
2020-05-20,0.6229,0.609,0.5757,0.5813,501242.67
2020-05-21,0.5813,0.6104,0.5449,0.607,841020.07
2020-05-22,0.607,0.677,0.588,0.6366,1387955.57
2020-05-23,0.6366,0.6384,0.5849,0.6076,699698.71
2020-05-24,0.6076,0.5785,0.5428,0.5473,951875.5
2020-05-25,0.5473,0.6587,0.5431,0.5955,2290849.92
2020-05-26,0.5955,0.6102,0.5652,0.5746,892698.24
2020-05-27,0.5746,0.6197,0.5793,0.5909,644356.09
2020-05-28,0.5909,0.6174,0.574,0.5756,731255.37
2020-05-29,0.5756,0.5899,0.5606,0.5807,334867.14
2020-05-30,0.5807,0.6131,0.5718,0.5856,414126.18
2020-05-31,0.5856,0.5809,0.565,0.5714,192932.91
2020-06-01,0.5714,0.628,0.5681,0.5759,330566.79
2020-06-02,0.5759,0.5725,0.5369,0.5667,257529.69
2020-06-03,0.5667,0.6021,0.5689,0.5878,345698.17
2020-06-04,0.5878,0.6015,0.5732,0.5851,311461.04
2020-06-05,0.5851,0.6916,0.5642,0.6583,3053440.96
2020-06-06,0.6583,0.6625,0.6151,0.6248,965080.73
2020-06-07,0.6248,0.6305,0.608,0.6131,239574.53
2020-06-08,0.6131,0.6904,0.6122,0.669,752436.69
2020-06-09,0.669,0.6688,0.6279,0.6578,448546.57
2020-06-10,0.6578,0.6778,0.6329,0.643,529297.72
2020-06-11,0.643,0.6095,0.5675,0.5695,458149.4
2020-06-12,0.5695,0.6137,0.5759,0.5938,428540.55
2020-06-13,0.5938,0.6114,0.5893,0.6108,282938.0
2020-06-14,0.6108,0.6105,0.5771,0.5841,320698.8
2020-06-15,0.5841,0.594,0.565,0.5704,289525.1
2020-06-16,0.5704,0.5877,0.5716,0.5844,180524.65
2020-06-17,0.5844,0.5891,0.5727,0.5843,199535.19
2020-06-18,0.5843,0.6491,0.5766,0.622,682322.08
2020-06-19,0.622,0.846,0.6129,0.6861,4876110.56
2020-06-20,0.6861,0.6969,0.6271,0.6489,982508.28
2020-06-21,0.6489,0.7485,0.63,0.6737,1515004.35
2020-06-22,0.6737,0.7558,0.6641,0.7298,796415.01
2020-06-23,0.7298,0.7698,0.6978,0.708,612831.62
2020-06-24,0.708,0.8076,0.6691,0.7349,1611961.48
2020-06-25,0.7349,0.7538,0.6988,0.7142,829274.72
2020-06-26,0.7142,0.762,0.6817,0.7375,886265.54
2020-06-27,0.7375,0.737,0.6664,0.7126,794527.87
2020-06-28,0.7126,0.8445,0.6936,0.7988,2235213.37
2020-06-29,0.7988,0.9002,0.7766,0.8542,1204837.77
2020-06-30,0.8542,1.051,0.8454,0.8602,2405933.48
2020-07-01,0.8602,0.9181,0.8165,0.8325,845174.79
2020-07-02,0.8325,0.8261,0.7552,0.7773,796175.39
2020-07-03,0.7773,0.7878,0.7448,0.7691,479877.12
2020-07-04,0.7691,0.8334,0.7672,0.7817,844790.28
2020-07-05,0.7817,0.7778,0.6249,0.6934,2764231.95
2020-07-06,0.6934,0.7283,0.6945,0.7105,499668.06
2020-07-07,0.7105,0.7869,0.6994,0.7531,972640.56
2020-07-08,0.7531,0.8492,0.6957,0.7939,1156881.48
2020-07-09,0.7939,0.8856,0.7534,0.8486,1435653.1
2020-07-10,0.8486,0.9567,0.8441,0.9119,858589.03
2020-07-11,0.9119,0.9256,0.8526,0.9228,806234.54
2020-07-12,0.9228,1.15,0.9144,1.018,3020776.2
2020-07-13,1.018,1.311,1.003,1.171,2291838.98
2020-07-14,1.171,1.273,1.125,1.147,1050110.56
2020-07-15,1.147,1.416,1.131,1.281,1792897.62
2020-07-16,1.281,1.388,0.822,0.8722,5268343.99
2020-07-17,0.8722,1.048,0.7722,0.9779,6923643.52
2020-07-18,0.9779,1.003,0.9333,0.9709,1231504.28
2020-07-19,0.9709,0.9806,0.9032,0.9253,852861.46
2020-07-20,0.9253,0.9201,0.8495,0.876,1457824.41
2020-07-21,0.876,1.033,0.8806,0.9806,2333462.03
2020-07-22,0.9806,1.135,0.9909,1.046,3000182.05
2020-07-23,1.046,1.125,1.004,1.052,1157386.8
2020-07-24,1.052,1.05,0.955,0.999,680747.23
2020-07-25,0.999,1.442,1.015,1.255,6074867.47
2020-07-26,1.255,1.638,1.265,1.57,5715411.99
2020-07-27,1.675,2.055,1.603,1.738,751307.3
2020-07-28,1.738,1.875,1.613,1.79,234539.32
2020-07-29,1.79,2.112,1.58,1.655,342655.52
2020-07-30,1.655,1.8,1.623,1.683,221254.29
2020-07-31,1.683,1.695,1.492,1.522,150606.75
2020-08-01,1.522,1.67,1.485,1.53,90526.91
2020-08-02,1.53,1.76,1.41,1.73,155488.07
2020-08-03,1.73,1.845,1.665,1.802,163828.98
2020-08-04,1.802,1.96,1.785,1.86,166309.4
2020-08-05,1.873,1.994,1.704,1.749,2372228.56
2020-08-06,1.758,2.232,1.75,2.19,207672.76
2020-08-07,2.19,2.208,1.87,2.083,207168.04
2020-08-08,2.083,2.578,2.018,2.465,293702.94
2020-08-09,2.465,2.717,2.283,2.663,181927.1
2020-08-10,2.663,3.397,2.498,3.12,1185982.17
2020-08-11,3.12,3.51,2.75,3.277,1431500.87
2020-08-12,3.277,3.928,3.078,3.708,711627.82
2020-08-13,3.708,4.135,3.5,3.72,918338.98
2020-08-14,3.72,3.777,3.315,3.4,368428.93
2020-08-15,3.4,3.735,3.143,3.167,263684.49
2020-08-16,3.167,3.49,3.13,3.39,401329.0
2020-08-17,3.39,3.397,3.095,3.105,388144.83
2020-08-18,3.105,3.69,2.86,3.335,761006.57
2020-08-19,3.335,3.5,2.855,2.93,494545.4
2020-08-20,2.93,3.458,2.93,3.22,767177.48
2020-08-21,3.22,3.245,2.938,3.0,730783.12
2020-08-22,3.0,3.22,2.79,3.047,289789.27
2020-08-23,3.047,3.46,3.022,3.275,313716.53
2020-08-24,3.275,3.63,3.223,3.33,479656.77
2020-08-25,3.33,3.37,2.99,3.26,295483.03
2020-08-26,3.26,3.8,3.19,3.55,586267.22
2020-08-27,3.55,3.86,3.26,3.442,392310.77
2020-08-28,3.442,4.31,3.442,3.995,600700.58
2020-08-29,3.995,4.115,3.77,3.95,342660.05
2020-08-30,3.95,4.7,3.91,4.42,821464.39
2020-08-31,4.42,4.88,4.085,4.81,859481.3
2020-09-01,4.81,4.963,4.31,4.317,530960.59
2020-09-02,4.317,4.353,3.6,4.185,1008237.54
2020-09-03,4.185,4.455,3.417,3.493,1205148.46
2020-09-04,3.493,3.822,3.08,3.553,696633.97
2020-09-05,3.553,3.665,2.033,2.567,896602.32
2020-09-06,2.567,3.125,2.25,3.038,424837.0
2020-09-07,3.038,3.145,2.345,2.947,285245.28
2020-09-08,2.934,2.869,2.409,2.466,3074212.72
2020-09-09,2.465,3.837,2.373,3.6,513020.62
2020-09-10,3.6,3.853,3.298,3.445,464513.73
2020-09-11,3.48,3.512,3.093,3.403,4786810.65
2020-09-12,3.42,3.485,3.155,3.322,132292.78
2020-09-13,3.338,3.405,3.007,3.263,4392305.39
2020-09-14,3.215,3.522,3.078,3.265,209641.57
2020-09-15,3.265,3.315,2.902,2.902,211670.89
2020-09-16,2.902,2.908,2.445,2.547,188217.41
2020-09-17,2.547,2.953,2.315,2.9,185681.54
2020-09-18,2.9,3.287,2.75,3.124,295505.16
2020-09-19,3.124,3.26,2.985,3.009,211331.62
2020-09-20,3.009,3.014,2.727,2.886,158874.18
2020-09-21,2.886,3.033,2.477,2.779,392540.84
2020-09-22,2.779,3.008,2.66,2.95,289331.47
2020-09-23,2.95,3.068,2.727,2.832,232402.94
2020-09-24,2.832,3.255,2.799,3.144,277533.18
2020-09-25,3.144,3.266,2.91,3.193,248030.36
2020-09-26,3.193,3.241,3.041,3.143,125485.38
2020-09-27,3.133,3.197,3.031,3.163,1360208.65
2020-09-28,3.163,3.158,2.889,2.952,1854968.73
2020-09-29,2.952,3.059,2.89,2.949,930512.43
2020-09-30,2.949,2.991,2.853,2.896,927928.95
2020-10-01,2.896,2.93,2.693,2.865,1570576.1
2020-10-02,2.865,2.887,2.457,2.626,3233070.15
2020-10-03,2.637,2.67,2.55,2.55,55803.79
2020-10-04,2.55,2.587,2.432,2.526,61788.18
2020-10-05,2.523,2.686,2.494,2.651,738353.69
2020-10-06,2.662,2.663,2.14,2.172,173964.66
2020-10-07,2.172,2.401,2.076,2.289,171421.9
2020-10-08,2.289,2.472,2.02,2.389,347408.2
2020-10-09,2.389,2.636,2.331,2.567,226475.44
2020-10-10,2.567,2.6,2.395,2.406,188649.92
2020-10-11,2.406,2.455,2.347,2.399,58936.23
2020-10-12,2.423,2.689,2.453,2.587,1577204.3
2020-10-13,2.58,2.581,2.345,2.408,116157.85
2020-10-14,2.429,2.414,2.27,2.315,200841.23
2020-10-15,2.315,2.343,2.229,2.264,234426.12
2020-10-16,2.264,2.216,1.21,2.136,1671001.41
2020-10-17,2.136,2.26,2.083,2.21,256576.73
2020-10-18,2.21,2.288,2.183,2.213,174767.6
2020-10-19,2.213,2.223,2.053,2.062,193883.23
2020-10-20,2.051,2.103,1.858,1.895,100401.4
2020-10-21,1.895,2.098,1.851,1.886,193692.4
2020-10-22,1.993,2.111,1.93,1.958,323730.45
2020-10-23,1.958,1.982,1.859,1.959,317801.95
2020-10-24,1.959,1.977,1.889,1.917,258527.0
2020-10-25,1.917,1.932,1.755,1.799,261691.85
2020-10-26,1.799,1.876,1.655,1.686,314668.35
2020-10-27,1.686,1.762,1.641,1.722,261980.07
2020-10-28,1.722,1.729,1.456,1.52,336170.88
2020-10-29,1.314,1.594,1.113,1.416,611469.56
2020-10-30,1.416,1.513,1.35,1.435,338525.99
2020-10-31,1.435,1.54,1.43,1.54,258155.36
2020-11-01,1.54,1.654,1.531,1.603,216537.42
2020-11-02,1.603,1.558,1.459,1.484,237267.92
2020-11-03,1.484,1.585,1.402,1.413,378075.39
2020-11-04,1.413,1.562,1.333,1.396,618685.69
2020-11-05,1.396,1.552,1.336,1.411,419651.59
2020-11-06,1.411,1.994,1.522,1.909,666011.54
2020-11-07,1.912,2.491,1.837,2.034,1174742.31
2020-11-08,2.035,2.258,2.042,2.16,779449.7
2020-11-09,2.16,2.129,1.981,2.022,990068.02
2020-11-10,2.022,2.287,2.039,2.225,1249886.34
2020-11-11,2.225,2.305,1.967,1.996,993489.16
2020-11-12,1.996,2.064,1.861,1.917,1146864.12
2020-11-13,1.917,2.091,1.956,2.029,918398.28
2020-11-14,2.029,1.982,1.893,1.929,598419.13
2020-11-15,1.929,2.178,1.872,2.05,1239233.45
2020-11-16,2.05,2.413,2.056,2.272,1727211.81
2020-11-17,2.272,2.411,2.138,2.207,1243961.75
2020-11-18,2.207,2.2,2.032,2.124,990509.61
2020-11-19,2.124,2.163,2.038,2.079,999517.27
2020-11-20,2.079,2.269,2.097,2.098,989901.51
2020-11-21,2.098,2.54,2.219,2.393,1553997.2
2020-11-22,2.393,2.45,2.122,2.152,1525475.02
2020-11-23,2.152,2.44,2.16,2.281,1313851.96
2020-11-24,2.281,2.42,1.838,2.259,1763786.0
2020-11-25,2.259,2.398,2.115,2.271,1707383.54
2020-11-26,2.271,2.083,1.704,1.907,2304373.85
2020-11-27,1.907,1.992,1.845,1.87,3163920.86
2020-11-28,1.87,2.048,1.858,1.894,3409278.54
2020-11-29,1.894,2.038,1.908,1.917,686259.05
2020-11-30,1.917,2.109,1.965,1.968,833473.37
2020-12-01,1.968,2.073,1.864,1.977,1049627.52
2020-12-02,1.977,2.2,2.0,2.118,862992.52
2020-12-03,2.118,2.318,2.086,2.098,936841.22
2020-12-04,2.098,1.948,1.838,1.849,734216.37
2020-12-05,1.849,1.99,1.91,1.98,635943.51
2020-12-06,1.98,1.997,1.841,1.853,590136.09
2020-12-07,1.853,1.886,1.814,1.829,485468.73
2020-12-08,1.829,1.724,1.6,1.671,850659.54
2020-12-09,1.677,1.681,1.485,1.666,458758.67
2020-12-10,1.658,1.637,1.56,1.567,767474.54
2020-12-11,1.567,1.555,1.439,1.439,941771.27
2020-12-12,1.439,1.568,1.486,1.492,489296.85
2020-12-13,1.492,1.662,1.516,1.566,631379.99
2020-12-14,1.566,1.62,1.54,1.588,605863.44
2020-12-15,1.588,1.811,1.579,1.758,1173847.14
2020-12-16,1.758,1.908,1.716,1.786,1031754.36
2020-12-17,1.786,1.803,1.652,1.681,945940.03
2020-12-18,1.681,1.715,1.671,1.697,573675.14
2020-12-19,1.697,1.781,1.654,1.668,703986.1
2020-12-20,1.668,1.643,1.53,1.562,655499.41
2020-12-21,1.562,1.545,1.472,1.543,616979.48
2020-12-22,1.543,1.634,1.49,1.493,717367.12
2020-12-23,1.493,1.401,1.107,1.21,786486.86
2020-12-24,1.21,1.389,1.252,1.364,747733.27
2020-12-25,1.364,1.503,1.385,1.448,748812.99
2020-12-26,1.448,1.476,1.31,1.327,591687.44
2020-12-27,1.327,1.428,1.291,1.304,770199.46
2020-12-28,1.304,1.518,1.34,1.516,955757.82
2020-12-29,1.516,1.737,1.453,1.67,1741068.52
2020-12-30,1.67,1.725,1.532,1.536,951109.85
2020-12-31,1.536,1.552,1.44,1.51,954363.19
2021-01-01,1.51,1.865,1.495,1.847,2079255.09
2021-01-02,1.847,2.012,1.752,1.799,1907901.86
2021-01-03,1.799,2.808,2.007,2.185,3225533.71
2021-01-04,2.185,2.573,2.066,2.491,3844190.88
2021-01-05,2.491,2.634,2.145,2.158,2688693.35
2021-01-06,2.158,2.628,1.895,1.925,2377386.04
2021-01-07,1.958,2.652,1.939,2.36,3802755.73
2021-01-08,2.36,3.815,2.182,3.225,6282357.67
2021-01-09,3.225,3.681,2.932,3.381,3090043.83
2021-01-10,3.381,3.762,3.165,3.471,2307348.61
2021-01-11,3.471,3.516,2.599,3.118,3583742.86
2021-01-12,3.118,3.919,3.084,3.737,3508691.64
2021-01-13,3.737,4.175,3.263,3.647,2391378.07
2021-01-14,3.647,3.791,3.246,3.326,2381486.2
2021-01-15,3.326,3.635,2.978,3.245,1899077.16
2021-01-16,3.245,3.699,3.245,3.449,1600025.9
2021-01-17,3.449,3.999,3.313,3.824,2598160.91
2021-01-18,3.824,4.153,3.621,3.798,3352152.23
2021-01-19,3.798,4.09,3.582,3.635,3247559.84
2021-01-20,3.635,3.739,3.345,3.736,2499519.92
2021-01-21,3.736,3.736,2.952,2.997,2359206.71
2021-01-22,2.997,3.504,2.576,3.329,2659397.79
2021-01-23,3.329,3.606,3.313,3.517,1650919.66
2021-01-24,3.517,3.797,3.49,3.644,2398208.56
2021-01-25,3.644,3.987,3.448,3.7,2945273.26
2021-01-26,3.7,4.099,3.687,4.031,3930652.38
2021-01-27,4.031,4.033,3.521,3.693,1246937.17
2021-01-28,3.693,3.952,3.618,3.847,1322797.3
2021-01-29,3.814,4.012,3.602,3.827,2507850.68
2021-01-30,3.839,4.325,3.789,4.218,3123103.16
2021-01-31,4.218,4.792,4.167,4.263,6308843.68
2021-02-01,4.263,4.616,4.094,4.616,1903238.9
2021-02-02,4.616,5.393,4.476,5.255,5272051.15
2021-02-03,5.255,5.783,5.077,5.736,5599751.6
2021-02-04,5.736,6.616,5.58,6.425,5178569.31
2021-02-05,6.425,7.125,6.425,6.69,5779014.53
2021-02-06,6.69,6.808,5.732,6.103,4712896.2
2021-02-07,6.103,6.9,5.758,6.689,3963788.1
2021-02-08,6.689,8.105,6.49,7.881,4293965.08
2021-02-09,7.881,8.566,7.616,7.858,6871564.45
2021-02-10,7.858,9.07,7.64,9.069,4821470.22
2021-02-11,9.069,9.695,8.793,9.236,7725274.54
2021-02-12,9.236,9.905,9.093,9.226,3317696.71
2021-02-13,9.226,9.519,8.653,8.756,4103854.09
2021-02-14,8.756,9.208,8.555,8.73,6380161.8
2021-02-15,8.73,9.304,7.77,8.842,4818046.31
2021-02-16,8.842,8.99,7.977,8.299,3587991.62
2021-02-17,8.299,8.42,7.544,8.231,2954550.92
2021-02-18,8.231,9.288,8.231,8.967,3445459.96
2021-02-19,8.967,11.54,8.562,11.49,10340648.27
2021-02-20,11.49,12.03,9.833,10.0,6303523.66
2021-02-21,10.0,11.7,9.874,11.12,6413743.91
2021-02-22,11.12,14.67,9.42,14.41,26035031.47
2021-02-23,14.41,15.83,11.67,15.21,34208004.7
2021-02-24,15.21,18.15,14.06,17.33,21691763.52
2021-02-25,17.33,17.74,13.79,13.8,20612060.44
2021-02-26,13.8,15.51,13.07,13.6,14645706.02
2021-02-27,13.6,14.78,13.03,13.19,7875656.96
2021-02-28,13.19,13.94,11.46,13.07,16270493.79
2021-03-01,13.07,16.08,13.07,14.98,12985407.41
2021-03-02,14.98,15.49,13.47,13.98,8068191.27
2021-03-03,13.98,14.76,13.77,14.13,8015888.05
2021-03-04,14.13,14.27,12.75,13.08,6020248.34
2021-03-05,13.08,13.09,12.15,12.57,5563803.09
2021-03-06,12.57,13.3,11.9,13.07,6053010.27
2021-03-07,13.07,14.01,12.72,13.85,4514029.18
2021-03-08,13.85,13.89,13.08,13.65,5099926.79
2021-03-09,13.65,15.01,13.31,14.85,8179088.83
2021-03-10,14.85,15.51,13.49,14.19,10533161.12
2021-03-11,14.19,16.31,13.69,16.01,14261141.6
2021-03-12,16.01,16.49,14.09,14.58,10301609.87
2021-03-13,14.58,15.63,13.91,15.29,11110133.82
2021-03-14,15.29,15.39,14.38,14.48,5729826.03
2021-03-15,14.45,14.33,13.11,14.16,16757368.37
2021-03-16,14.16,14.29,13.23,13.64,7386266.91
2021-03-17,13.64,14.93,14.02,14.22,19582474.34
2021-03-18,14.22,14.46,13.64,14.22,13945970.29
2021-03-19,14.22,14.47,13.88,14.14,10829869.62
2021-03-20,14.14,14.95,14.11,14.16,3652184.81
2021-03-21,14.16,14.38,13.64,14.33,5405747.15
2021-03-22,14.33,16.64,14.17,14.81,19560554.6
2021-03-23,14.81,15.21,14.06,14.16,10196032.12
2021-03-24,14.16,15.34,13.59,13.59,8255939.18
2021-03-25,13.59,13.68,12.58,13.0,8439341.48
2021-03-26,13.0,14.79,12.29,14.77,9553630.84
2021-03-27,14.77,16.81,14.74,16.47,17711606.91
2021-03-28,16.47,19.36,16.34,18.08,23638556.99
2021-03-29,18.08,19.01,17.67,18.92,16701335.37
2021-03-30,18.92,20.86,18.9,19.1,19211419.73
2021-03-31,19.1,19.81,18.06,19.42,15131085.75
2021-04-01,19.42,20.76,18.77,19.04,17593640.31
2021-04-02,19.04,19.81,18.55,19.77,11138607.45
2021-04-03,19.77,23.8,19.74,22.44,51615008.06
2021-04-04,22.44,25.53,22.04,23.81,33954665.69
2021-04-05,23.81,24.76,22.77,22.99,27230532.4
2021-04-06,22.99,25.3,21.86,25.09,29200559.83
2021-04-07,25.09,27.56,22.97,26.54,62941535.1
2021-04-08,26.54,27.94,25.65,26.99,33561712.5
2021-04-09,26.99,28.98,26.83,27.67,26523027.61
2021-04-10,27.67,28.24,25.95,26.78,27356959.52
2021-04-11,26.78,28.61,25.54,27.88,16214588.58
2021-04-12,27.88,29.86,26.81,28.5,29827427.91
2021-04-13,28.5,28.72,26.39,27.48,26307294.68
2021-04-14,27.48,27.58,24.7,26.41,45984462.5
2021-04-15,26.41,28.23,25.49,27.79,28186331.25
2021-04-16,27.79,28.23,24.92,25.33,30923797.26
2021-04-17,25.33,26.76,24.8,24.86,20969838.59
2021-04-18,24.86,32.98,21.04,32.38,119688886.95
2021-04-19,32.38,35.99,29.98,31.58,117626095.61
2021-04-20,31.58,32.64,28.7,31.77,107569901.58
2021-04-21,31.77,35.05,30.19,32.62,95745919.88
2021-04-22,32.62,40.72,31.58,38.87,181569212.58
2021-04-23,38.87,41.15,31.46,37.21,179063596.72
2021-04-24,37.21,43.63,34.69,40.82,96497314.31
2021-04-25,40.82,48.54,40.46,47.59,121701256.7
2021-04-26,47.59,48.5,43.37,43.96,93541895.24
2021-04-27,43.96,46.59,42.58,43.26,87273248.59
2021-04-28,43.26,46.91,40.74,44.85,99927277.99
2021-04-29,44.85,46.09,40.8,42.55,86685491.8
2021-04-30,42.55,44.3,41.26,42.87,77848646.54
2021-05-01,42.87,49.89,42.04,49.58,77824457.45
2021-05-02,49.58,49.95,46.03,46.91,52557598.59
2021-05-03,46.91,49.28,44.73,46.06,93909210.92
2021-05-04,46.06,47.81,42.3,42.64,95283846.76
2021-05-05,42.64,46.41,42.32,44.98,69756746.75
2021-05-06,44.98,44.98,42.62,43.51,58383524.0
2021-05-07,43.51,46.23,41.5,43.21,72693372.11
2021-05-08,43.21,46.72,42.4,45.73,58894979.12
2021-05-09,45.73,47.15,43.01,44.35,61392876.08
2021-05-10,44.35,45.95,39.05,42.94,78251648.51
2021-05-11,42.94,45.17,39.66,44.64,72194979.0
2021-05-12,44.64,49.11,41.52,42.94,158220048.29
2021-05-13,42.94,45.44,37.45,41.0,124906824.06
2021-05-14,41.0,44.99,39.93,42.79,48527801.25
2021-05-15,42.79,45.57,39.41,43.46,51500835.19
2021-05-16,43.46,52.43,41.89,46.85,186034681.56
2021-05-17,46.85,51.91,43.18,46.65,202223377.33
2021-05-18,46.65,58.36,46.11,55.98,178425575.72
2021-05-19,55.98,57.59,29.55,34.96,362747283.11
2021-05-20,34.96,49.9,31.33,44.42,271883072.74
2021-05-21,44.42,47.73,33.65,38.91,183241760.9
2021-05-22,38.91,39.99,31.2,31.28,97930895.67
2021-05-23,31.28,32.38,19.19,24.53,220787020.26
2021-05-24,24.53,32.22,24.53,31.45,126914915.32
2021-05-25,31.45,33.19,25.99,30.08,90527633.89
2021-05-26,30.08,37.27,28.93,35.46,99552874.91
2021-05-27,35.46,35.64,31.13,33.71,81521287.1
2021-05-28,33.71,34.53,27.99,29.0,73259140.43
2021-05-29,29.0,30.06,25.73,27.39,44846018.73
2021-05-30,27.39,29.76,25.64,28.6,33343566.54
2021-05-31,28.6,33.0,27.52,32.78,59780563.85
2021-06-01,32.78,33.29,29.86,30.98,46129931.3
2021-06-02,30.98,34.98,30.43,33.98,48227819.48
2021-06-03,33.98,41.31,33.73,39.56,92430658.07
2021-06-04,39.56,39.69,34.26,37.42,101079093.6
2021-06-05,37.42,42.75,37.06,39.75,107224327.59
2021-06-06,39.75,43.42,38.98,42.23,68453272.55
2021-06-07,42.23,44.19,37.93,38.28,83284538.42
2021-06-08,38.28,42.8,33.6,41.26,169862969.98
2021-06-09,41.26,44.06,39.32,42.03,101199283.7
2021-06-10,42.03,43.04,39.53,41.09,46173596.26
2021-06-11,41.09,41.36,35.16,36.18,56074034.42
2021-06-12,36.18,37.62,34.24,36.48,45173977.14
2021-06-13,36.48,39.39,34.73,38.72,34963869.07
2021-06-14,38.72,40.54,36.68,39.72,42680881.8
2021-06-15,39.72,41.72,39.18,39.55,46477716.04
2021-06-16,39.55,41.55,37.48,39.63,51535900.37
2021-06-17,39.63,41.21,38.22,39.22,41116302.63
2021-06-18,39.22,39.44,34.95,36.79,38146954.39
2021-06-19,36.79,37.31,34.91,35.19,23775489.43
2021-06-20,35.19,35.94,31.24,35.25,48797283.37
2021-06-21,35.25,35.47,24.12,26.65,96081633.41
2021-06-22,26.65,28.78,20.24,26.98,133615779.74
2021-06-23,26.98,32.92,25.7,30.84,97593693.54
2021-06-24,30.84,32.97,28.5,31.18,57246549.21
2021-06-25,31.18,32.97,27.97,28.63,65442820.83
2021-06-26,28.63,30.01,26.71,29.67,40513771.43
2021-06-27,29.67,31.92,29.21,31.87,29092922.23
2021-06-28,31.87,34.29,31.0,33.0,31192686.66
2021-06-29,33.0,35.86,32.7,33.94,42437610.12
2021-06-30,33.94,35.98,31.6,35.53,44244758.74
2021-07-01,35.53,35.56,32.25,33.32,42689121.73
2021-07-02,33.32,34.09,31.41,34.0,35575070.82
2021-07-03,34.0,35.38,33.26,34.5,23005140.76
2021-07-04,34.5,35.51,33.56,34.32,31107792.7
2021-07-05,34.32,34.48,32.45,32.93,39115681.62
2021-07-06,32.93,35.04,32.92,34.23,45790676.65
2021-07-07,34.23,38.1,33.85,36.72,49213827.25
2021-07-08,36.72,36.95,32.69,33.14,59127178.01
2021-07-09,33.14,34.44,31.98,33.3,28767141.25
2021-07-10,33.3,34.19,31.06,31.72,28153987.76
2021-07-11,31.72,32.56,31.39,32.19,14899158.96
2021-07-12,32.19,32.68,30.05,30.78,21170820.44
2021-07-13,30.78,31.07,28.83,29.12,20312896.84
2021-07-14,29.12,31.43,27.42,31.36,34780123.51
2021-07-15,31.36,31.49,27.99,28.55,32782769.57
2021-07-16,28.55,29.45,26.21,26.27,27674279.4
2021-07-17,26.27,27.79,26.01,26.75,20299598.31
2021-07-18,26.75,27.74,26.27,26.67,11427545.35
2021-07-19,26.67,26.7,24.01,24.5,28749731.09
2021-07-20,24.5,24.98,22.12,23.46,40881396.03
2021-07-21,23.46,27.45,22.83,26.63,61233542.52
2021-07-22,26.63,28.18,25.94,27.71,61897418.28
2021-07-23,27.71,28.7,26.41,28.51,59850394.72
2021-07-24,28.51,29.49,28.04,28.65,53931962.33
2021-07-25,28.65,28.88,26.55,28.19,41313830.65
2021-07-26,28.19,31.09,27.89,28.22,97459378.9
2021-07-27,28.22,28.98,26.93,28.14,46959511.42
2021-07-28,28.14,28.76,27.38,27.88,40060927.31
2021-07-29,27.88,31.88,27.34,31.28,52394282.89
2021-07-30,31.28,33.07,30.0,32.38,78140046.46
2021-07-31,32.38,36.98,31.71,36.74,77556257.28
2021-08-01,36.74,36.81,33.27,34.2,68663489.88
2021-08-02,34.2,35.91,33.02,33.19,56655330.01
2021-08-03,33.19,35.84,32.37,34.11,70985243.21
2021-08-04,34.11,36.65,33.27,35.78,59194371.63
2021-08-05,35.78,38.24,35.51,37.37,88384144.41
2021-08-06,37.37,40.4,35.67,39.52,73180864.79
2021-08-07,39.52,40.5,37.58,39.48,70509450.78
2021-08-08,39.48,39.57,36.93,37.67,38438310.15
2021-08-09,37.67,40.03,36.37,38.69,48194563.04
2021-08-10,38.69,41.67,38.23,40.68,70129225.23
2021-08-11,40.68,43.76,40.63,41.66,79607444.17
2021-08-12,41.6,41.87,39.34,41.09,46090143.05
2021-08-13,41.09,44.95,40.71,44.89,86295321.3
2021-08-14,44.89,44.9,42.77,44.16,47159189.51
2021-08-15,44.16,54.75,43.42,53.53,219908279.33
2021-08-16,53.53,69.33,52.33,62.15,564946757.19
2021-08-17,62.15,75.0,58.81,64.18,685773953.14
2021-08-18,64.18,80.52,59.98,72.79,816385004.27
2021-08-19,72.79,75.34,68.39,72.82,416876935.06
2021-08-20,72.82,79.95,70.96,78.68,229343045.77
2021-08-21,78.68,81.92,72.69,73.89,140463001.96
2021-08-22,73.89,77.59,71.31,72.75,111971730.22
2021-08-23,72.75,76.74,71.6,75.66,161521059.26
2021-08-24,75.66,79.4,68.68,70.67,251828934.6
2021-08-25,70.67,72.78,66.2,71.94,156187363.11
2021-08-26,71.94,78.29,66.28,74.85,469798777.44
2021-08-27,74.85,88.87,72.65,88.11,335300639.5
2021-08-28,88.11,97.86,85.65,96.38,211007560.31
2021-08-29,96.38,97.82,90.66,94.29,154969272.05
2021-08-30,94.29,116.31,93.79,110.17,486368493.97
2021-08-31,110.17,130.0,103.13,108.34,717694743.79
2021-09-01,108.34,119.56,106.02,110.73,379261153.53
2021-09-02,110.73,132.08,109.37,128.29,823684018.55
2021-09-03,128.29,148.91,128.21,146.46,980998448.57
2021-09-04,146.46,150.67,136.03,139.0,317791832.57
2021-09-05,139.0,144.99,134.85,142.11,234332797.45
2021-09-06,142.11,166.06,137.68,164.31,407906594.71
2021-09-07,164.31,194.96,131.78,173.2,1443991549.05
2021-09-08,173.2,197.94,146.72,191.01,2016058926.82
2021-09-09,191.01,215.85,179.4,187.7,2460799372.66
2021-09-10,187.7,197.27,168.1,179.5,1420968008.17
2021-09-11,179.5,193.33,174.55,179.1,1030367535.36
2021-09-12,179.1,181.57,167.49,174.4,585927791.56
2021-09-13,174.4,174.96,150.49,169.66,1314887040.32
2021-09-14,169.66,171.84,142.51,158.92,1362567677.0
2021-09-15,158.92,166.95,153.95,158.66,845522524.47
2021-09-16,158.66,163.09,147.43,152.11,662646760.41
2021-09-17,152.11,153.4,134.25,147.49,1023945637.48
2021-09-18,147.49,171.55,144.27,169.36,1091735551.54
2021-09-19,169.36,170.98,150.73,152.86,709659799.17
2021-09-20,152.86,153.41,130.49,132.08,1320128623.42
2021-09-21,132.08,144.61,116.01,124.04,1341286027.55
2021-09-22,124.04,151.98,122.14,148.18,1181894104.57
2021-09-23,148.18,152.44,143.03,150.0,685101799.96
2021-09-24,150.0,151.29,128.52,139.28,820048443.91
2021-09-25,139.28,144.07,133.58,136.16,378053262.21
2021-09-26,136.16,140.82,124.9,135.84,502050940.75
2021-09-27,135.84,148.96,133.81,136.35,558713787.59
2021-09-28,136.35,139.41,128.14,132.21,457657565.63
2021-09-29,132.21,140.12,131.13,135.3,447613932.89
2021-09-30,135.3,142.94,134.11,141.32,405424340.44
2021-10-01,141.32,165.0,138.31,161.67,782281427.84
2021-10-02,161.67,175.03,156.24,168.99,579916326.77
2021-10-03,168.99,177.73,165.63,173.06,505569099.45
2021-10-04,173.06,173.11,162.29,167.21,560572644.25
2021-10-05,167.21,170.2,159.92,164.63,494332247.0
2021-10-06,164.63,165.48,150.33,153.92,685024694.08
2021-10-07,153.93,161.52,150.32,154.35,505641394.78
2021-10-08,154.29,168.88,152.44,158.83,535074416.41
2021-10-09,158.83,161.56,154.42,156.82,291129825.62
2021-10-10,156.82,158.49,145.84,147.67,287105743.36
2021-10-11,147.67,154.0,140.31,144.92,394022338.6
2021-10-12,144.92,153.44,137.7,152.43,644682762.12
2021-10-13,152.43,155.52,144.37,148.06,410859128.01
2021-10-14,148.06,155.65,147.35,150.01,368851542.65
2021-10-15,150.01,165.26,146.76,163.17,681329036.1
2021-10-16,163.17,164.76,156.63,157.56,264777103.46
2021-10-17,157.56,167.47,153.39,160.04,358234013.04
2021-10-18,160.04,162.92,154.97,157.15,280630198.46
2021-10-19,157.15,159.38,153.22,155.89,236431195.02
2021-10-20,155.89,176.89,155.16,176.81,593433328.32
2021-10-21,176.81,194.17,176.76,190.25,1320931174.52
2021-10-22,190.25,215.0,188.1,196.22,1468634674.75
2021-10-23,196.22,205.67,192.09,197.73,592165608.81
2021-10-24,197.73,204.89,185.34,202.3,637422149.18
2021-10-25,202.3,218.93,198.19,209.85,856546050.78
2021-10-26,209.85,214.04,196.52,199.72,698109565.85
2021-10-27,199.72,205.56,179.66,184.52,1015518131.75
2021-10-28,184.52,201.53,181.77,194.85,782980679.38
2021-10-29,194.85,205.23,194.71,200.41,526542688.21
2021-10-30,200.41,200.63,187.51,195.91,362788627.55
2021-10-31,195.91,205.14,185.67,202.66,522968442.34
2021-11-01,202.66,211.66,198.05,203.51,670364839.19
2021-11-02,203.51,222.35,201.16,221.14,673404211.94
2021-11-03,221.14,246.51,216.07,243.02,1279027288.99
2021-11-04,243.02,250.48,234.52,247.17,981490100.53
2021-11-05,247.17,248.41,230.68,236.34,615867461.64
2021-11-06,236.34,259.95,235.04,258.63,763221693.79
2021-11-07,258.63,258.81,245.9,249.76,524752612.27
2021-11-08,249.76,253.3,240.76,248.35,781740221.44
2021-11-09,248.35,253.17,237.5,239.03,652304202.99
2021-11-10,239.03,248.09,218.64,233.62,912625322.97
2021-11-11,233.62,246.46,229.6,233.51,636491052.02
2021-11-12,233.51,239.0,220.98,228.64,728217076.6
2021-11-13,228.64,241.92,224.99,241.66,526984439.76
2021-11-14,241.66,241.94,230.47,238.71,402193492.97
2021-11-15,238.71,246.33,234.5,238.17,603963819.17
2021-11-16,238.17,238.17,214.88,219.09,945520134.96
2021-11-17,219.09,222.24,209.95,218.95,766218355.39
2021-11-18,218.95,222.78,186.78,195.24,1136201350.17
2021-11-19,195.24,219.74,189.18,215.39,807802423.17
2021-11-20,215.39,221.28,206.17,217.89,453823809.79
2021-11-21,217.89,235.71,210.44,230.56,645809130.04
2021-11-22,230.56,232.18,211.75,215.78,792817609.76
2021-11-23,215.78,226.17,211.04,221.94,527801770.31
2021-11-24,221.94,222.31,200.2,205.75,613043468.19
2021-11-25,205.75,216.48,202.06,210.06,545045664.68
2021-11-26,210.06,210.6,182.81,192.24,901104026.96
2021-11-27,192.24,199.47,190.69,193.0,370235838.89
2021-11-28,193.0,202.3,181.17,200.92,489856577.53
2021-11-29,200.92,212.94,199.87,204.22,645321566.94
2021-11-30,204.22,218.52,199.73,208.43,813688555.37
2021-12-01,208.43,232.51,207.77,229.91,898339035.81
2021-12-02,229.91,243.31,220.2,233.89,928096463.45
2021-12-03,233.89,239.63,206.22,211.87,1020720529.22
2021-12-04,211.87,212.63,175.73,201.01,1318497937.04
2021-12-05,201.01,204.66,181.28,196.74,754152543.44
2021-12-06,196.74,197.72,176.61,194.03,829741291.09
2021-12-07,194.03,204.27,188.08,190.38,627419940.3
2021-12-08,190.38,196.33,183.89,194.74,596098555.68
2021-12-09,194.74,196.81,178.8,181.41,478456793.35
2021-12-10,181.41,184.56,167.31,167.65,530322164.88
2021-12-11,167.65,173.8,161.48,172.08,422171857.72
2021-12-12,172.08,176.87,167.8,173.0,250507432.05
2021-12-13,173.0,173.0,148.1,155.15,698246643.46
2021-12-14,155.15,163.17,149.67,161.43,511967381.77
2021-12-15,161.43,183.17,156.91,178.55,810320871.82
2021-12-16,178.55,189.3,174.51,176.92,612512486.57
2021-12-17,176.92,182.47,168.15,175.65,611889028.86
2021-12-18,175.65,184.31,171.1,182.92,360250483.77
2021-12-19,182.92,189.39,178.49,180.02,362544203.11
2021-12-20,180.02,181.21,168.48,174.01,459540166.98
2021-12-21,174.01,182.64,170.29,179.76,436326304.27
2021-12-22,179.76,187.55,177.16,178.36,490179135.35
2021-12-23,178.36,193.64,175.73,190.12,462865144.35
2021-12-24,190.12,197.54,184.35,190.43,473958198.71
2021-12-25,190.43,195.3,189.33,193.05,289095316.88
2021-12-26,193.05,200.62,190.32,197.89,322371606.21
2021-12-27,197.89,204.79,194.9,195.73,336237614.32
2021-12-28,195.73,195.75,176.38,177.25,608290762.58
2021-12-29,177.25,180.62,170.16,170.62,396632427.68
2021-12-30,170.62,175.75,168.24,172.53,288304386.5
2021-12-31,172.53,177.68,167.68,169.93,349004476.06
