Date,Close,Predictions
2013-07-10 00:00:00.000000,0.0,-0.015346314494389699
2020-04-10 00:00:00.000000,0.9483,0.07170382769024859
2020-04-11 00:00:00.000000,0.7973,-0.08562073122279695
2020-04-12 00:00:00.000000,0.8801,0.0798148050790754
2020-04-13 00:00:00.000000,0.7806,-0.06936244474040322
2020-04-14 00:00:00.000000,0.6672,-0.10729454338837188
2020-04-15 00:00:00.000000,0.6382,-0.0401236584392384
2020-04-16 00:00:00.000000,0.6919,0.048856259429973604
2020-04-17 00:00:00.000000,0.6555,-0.04342605064512361
2020-04-18 00:00:00.000000,0.6786,0.009055075267185535
2020-04-19 00:00:00.000000,0.6047,-0.07735137886086103
2020-04-20 00:00:00.000000,0.5331,-0.08536738030487126
2020-04-21 00:00:00.000000,0.5786,0.07615204474515305
2020-04-22 00:00:00.000000,0.6941,0.1440107328824691
2020-04-23 00:00:00.000000,0.6341,-0.06988060209905303
2020-04-24 00:00:00.000000,0.6254,-0.019287821651172547
2020-04-25 00:00:00.000000,0.6463,0.02784207594381126
2020-04-26 00:00:00.000000,0.6346,-0.027114670153386772
2020-04-27 00:00:00.000000,0.5702,-0.07988689765616144
2020-04-28 00:00:00.000000,0.6575,0.13561084331464027
2020-04-29 00:00:00.000000,0.747,0.10752025671252297
2020-04-30 00:00:00.000000,0.6923,-0.046425310438026265
2020-05-01 00:00:00.000000,0.7244,0.039694496694653435
2020-05-02 00:00:00.000000,0.7129,-0.005700531669159031
2020-05-03 00:00:00.000000,0.6808,-0.03785060746697015
2020-05-04 00:00:00.000000,0.6661,0.008056132374427899
2020-05-05 00:00:00.000000,0.6445,-0.028471183871808428
2020-05-06 00:00:00.000000,0.6182,-0.03812045759092317
2020-05-07 00:00:00.000000,0.6088,-0.015726400118962144
2020-05-08 00:00:00.000000,0.6039,-0.01368590332076182
2020-05-09 00:00:00.000000,0.6029,-0.006963328049869372
2020-05-10 00:00:00.000000,0.5413,-0.06501108838806652
2020-05-11 00:00:00.000000,0.5183,-0.010309022361267198
2020-05-12 00:00:00.000000,0.5366,0.028279375036726614
2020-05-13 00:00:00.000000,0.5535,0.03226167293203251
2020-05-14 00:00:00.000000,0.5717,0.030199549659409488
2020-05-15 00:00:00.000000,0.5571,-0.012153780154260394
2020-05-16 00:00:00.000000,0.5996,0.06226215931530847
2020-05-17 00:00:00.000000,0.6147,0.014464555909000283
2020-05-18 00:00:00.000000,0.6531,0.04910146342677655
2020-05-19 00:00:00.000000,0.6229,-0.04298846217652999
2020-05-20 00:00:00.000000,0.5813,-0.051507605558087255
2020-05-21 00:00:00.000000,0.607,0.040305215180469825
2020-05-22 00:00:00.000000,0.6366,0.03544635318196754
2020-05-23 00:00:00.000000,0.6076,-0.04618884175228464
2020-05-24 00:00:00.000000,0.5528,-0.06598216772414955
2020-05-25 00:00:00.000000,0.5961,0.03343896832711421
2020-05-26 00:00:00.000000,0.5746,-0.031875262262935244
2020-05-27 00:00:00.000000,0.5909,0.027864806341229294
2020-05-28 00:00:00.000000,0.5756,-0.026597492698636396
2020-05-29 00:00:00.000000,0.5768,0.0017349864430938166
2020-05-30 00:00:00.000000,0.5856,0.0234272418219941
2020-05-31 00:00:00.000000,0.5714,-0.015656190535712905
2020-06-01 00:00:00.000000,0.5759,0.01969550984042948
2020-06-02 00:00:00.000000,0.565,-0.017514471318062483
2020-06-03 00:00:00.000000,0.5878,0.03887354369914168
2020-06-04 00:00:00.000000,0.5851,-0.005801751480830967
2020-06-05 00:00:00.000000,0.6583,0.1039900813018777
2020-06-06 00:00:00.000000,0.6248,-0.019296285229364437
2020-06-07 00:00:00.000000,0.6141,-0.02459491068575242
2020-06-08 00:00:00.000000,0.669,0.016969344483537672
2020-06-09 00:00:00.000000,0.6578,-0.023449898500344242
2020-06-10 00:00:00.000000,0.643,-0.022556279829339037
2020-06-11 00:00:00.000000,0.5695,-0.09417820411028865
2020-06-12 00:00:00.000000,0.5938,0.040561971330776
2020-06-13 00:00:00.000000,0.6094,-0.0022378242455254414
2020-06-14 00:00:00.000000,0.5841,-0.034232912341121795
2020-06-15 00:00:00.000000,0.5704,-0.0014786321469207775
2020-06-16 00:00:00.000000,0.5844,0.021187802670621547
2020-06-17 00:00:00.000000,0.5837,0.0022044216533965446
2020-06-18 00:00:00.000000,0.6203,0.03706377343046646
2020-06-19 00:00:00.000000,0.6861,0.07190574893619923
2020-06-20 00:00:00.000000,0.6489,-0.004939568260438663
2020-06-21 00:00:00.000000,0.6737,0.02409578406751345
2020-06-22 00:00:00.000000,0.7298,0.051511371644695006
2020-06-23 00:00:00.000000,0.7078,-0.022283384996152816
2020-06-24 00:00:00.000000,0.7349,0.03347963617318995
2020-06-25 00:00:00.000000,0.7142,-0.015027771530157023
2020-06-26 00:00:00.000000,0.7375,0.029743599388678574
2020-06-27 00:00:00.000000,0.7126,-0.02592419744213919
2020-06-28 00:00:00.000000,0.7988,0.0412128364739279
2020-06-29 00:00:00.000000,0.8542,0.04973930220076621
2020-06-30 00:00:00.000000,0.8602,0.0058416275813678335
2020-07-01 00:00:00.000000,0.8325,-0.010716997675661246
2020-07-02 00:00:00.000000,0.7773,-0.03963617636728022
2020-07-03 00:00:00.000000,0.7691,-0.010435743387150854
2020-07-04 00:00:00.000000,0.7817,0.016647752011478435
2020-07-05 00:00:00.000000,0.6934,-0.08871457596939843
2020-07-06 00:00:00.000000,0.7105,0.01493552693818605
2020-07-07 00:00:00.000000,0.7531,0.04198933641320111
2020-07-08 00:00:00.000000,0.7939,0.051540036500987665
2020-07-09 00:00:00.000000,0.8486,0.054103493986624326
2020-07-10 00:00:00.000000,0.9119,0.04234936199055524
2020-07-11 00:00:00.000000,0.9228,0.005127569341436149
2020-07-12 00:00:00.000000,1.018,0.08801602864680826
2020-07-13 00:00:00.000000,1.171,0.1186576746613297
2020-07-14 00:00:00.000000,1.147,-0.002573566376666785
2020-07-15 00:00:00.000000,1.281,0.1022430090551622
2020-07-16 00:00:00.000000,0.8722,-0.19579612008112535
2020-07-17 00:00:00.000000,0.9779,0.11064687932543704
2020-07-18 00:00:00.000000,0.9709,0.006434440144048702
2020-07-19 00:00:00.000000,0.9253,0.0009084208376228631
2020-07-20 00:00:00.000000,0.8998,-0.014404978738842202
2020-07-21 00:00:00.000000,0.9424,-0.006366137257748205
2020-07-22 00:00:00.000000,1.046,0.10172216204106524
2020-07-23 00:00:00.000000,1.059,0.0035093759902001167
2020-07-24 00:00:00.000000,0.999,-0.02512984925357878
2020-07-25 00:00:00.000000,1.255,0.19468154831576814
2020-07-26 00:00:00.000000,1.57,0.19135540848467436
2020-07-27 00:00:00.000000,1.738,0.004315533225899551
2020-07-28 00:00:00.000000,1.79,0.025188293179289216
2020-07-29 00:00:00.000000,1.655,-0.040342677077535256
2020-07-30 00:00:00.000000,1.683,0.012187036783950405
2020-07-31 00:00:00.000000,1.522,-0.07967667005785044
2020-08-01 00:00:00.000000,1.53,0.007160347112993367
2020-08-02 00:00:00.000000,1.73,0.07981582424662599
2020-08-03 00:00:00.000000,1.802,0.033462700279180774
2020-08-04 00:00:00.000000,1.86,0.025753427625273176
2020-08-05 00:00:00.000000,1.749,-0.04792010063692237
2020-08-06 00:00:00.000000,2.201,0.18486416004258704
2020-08-07 00:00:00.000000,2.083,-0.045931392587865626
2020-08-08 00:00:00.000000,2.465,0.15248224652843947
2020-08-09 00:00:00.000000,2.663,0.07494037159137501
2020-08-10 00:00:00.000000,3.12,0.146290571904284
2020-08-11 00:00:00.000000,3.296,0.040833842696012014
2020-08-12 00:00:00.000000,3.708,0.1019711856314438
2020-08-13 00:00:00.000000,3.72,-0.0024027344096028912
2020-08-14 00:00:00.000000,3.413,-0.06343515169052974
2020-08-15 00:00:00.000000,3.176,-0.05161314491133627
2020-08-16 00:00:00.000000,3.39,0.05473474762902335
2020-08-17 00:00:00.000000,3.105,-0.03343490540878776
2020-08-18 00:00:00.000000,3.343,0.06937152508638729
2020-08-19 00:00:00.000000,2.93,-0.10305197871090849
2020-08-20 00:00:00.000000,3.22,0.07594539270348459
2020-08-21 00:00:00.000000,3.0,-0.0641047673269666
2020-08-22 00:00:00.000000,3.047,0.011799814363062686
2020-08-23 00:00:00.000000,3.275,0.0613572108101679
2020-08-24 00:00:00.000000,3.343,0.03153461689017249
2020-08-25 00:00:00.000000,3.26,-0.017427184227496263
2020-08-26 00:00:00.000000,3.572,0.08558157398065036
2020-08-27 00:00:00.000000,3.442,-0.03251990019232103
2020-08-28 00:00:00.000000,3.995,0.09548517361306183
2020-08-29 00:00:00.000000,3.957,0.019855229572079955
2020-08-30 00:00:00.000000,4.42,-0.016973055012633395
2020-08-31 00:00:00.000000,4.749,0.060474406633645936
2020-09-01 00:00:00.000000,4.317,-0.04435090129800781
2020-09-02 00:00:00.000000,4.185,-0.02921144033020313
2020-09-03 00:00:00.000000,3.493,-0.11585930601372339
2020-09-04 00:00:00.000000,3.553,0.016446486761780753
2020-09-05 00:00:00.000000,2.567,-0.21104863556323544
2020-09-06 00:00:00.000000,3.038,0.1397444118254719
2020-09-07 00:00:00.000000,2.947,-0.03159082783080652
2020-09-08 00:00:00.000000,2.466,-0.11298494288357362
2020-09-09 00:00:00.000000,3.6,0.3676484367688013
2020-09-10 00:00:00.000000,3.445,-0.0390993334222584
2020-09-11 00:00:00.000000,3.403,-0.005935323261754435
2020-09-12 00:00:00.000000,3.335,-0.014377874066057315
2020-09-13 00:00:00.000000,3.263,-0.020962651659740306
2020-09-14 00:00:00.000000,3.265,0.004652196676094301
2020-09-15 00:00:00.000000,2.902,-0.08972963673242276
2020-09-16 00:00:00.000000,2.547,-0.1078747646050573
2020-09-17 00:00:00.000000,2.9,0.09217726775857653
2020-09-18 00:00:00.000000,3.124,0.06546851521932893
2020-09-19 00:00:00.000000,3.034,-0.013272545397536013
2020-09-20 00:00:00.000000,2.866,-0.04872170269713458
2020-09-21 00:00:00.000000,2.779,-0.022858342677372433
2020-09-22 00:00:00.000000,2.95,0.04998245191819978
2020-09-23 00:00:00.000000,2.832,-0.04484465695354718
2020-09-24 00:00:00.000000,3.144,0.08740134273874497
2020-09-25 00:00:00.000000,3.193,0.016809625089273746
2020-09-26 00:00:00.000000,3.143,-0.014530752261288908
2020-09-27 00:00:00.000000,3.163,0.006737212190034244
2020-09-28 00:00:00.000000,2.963,-0.057492280987418105
2020-09-29 00:00:00.000000,2.953,-0.015032472168365611
2020-09-30 00:00:00.000000,2.9,-0.02992721266671209
2020-10-01 00:00:00.000000,2.865,-0.01884150795064523
2020-10-02 00:00:00.000000,2.626,-0.0544721321853249
2020-10-03 00:00:00.000000,2.55,-0.03668928000908101
2020-10-04 00:00:00.000000,2.526,0.008648412517402206
2020-10-05 00:00:00.000000,2.655,0.04921784795547564
2020-10-06 00:00:00.000000,2.172,-0.11606701650584016
2020-10-07 00:00:00.000000,2.289,0.040431996629520676
2020-10-08 00:00:00.000000,2.389,0.03958408642251984
2020-10-09 00:00:00.000000,2.567,0.04894049024089799
2020-10-10 00:00:00.000000,2.406,-0.0384647438440836
2020-10-11 00:00:00.000000,2.399,0.0067266426169206115
2020-10-12 00:00:00.000000,2.587,0.03832271593859733
2020-10-13 00:00:00.000000,2.408,-0.02383936727628627
2020-10-14 00:00:00.000000,2.315,-0.01926964171212903
2020-10-15 00:00:00.000000,2.264,-0.011684886502270246
2020-10-16 00:00:00.000000,2.136,-0.04425879508104005
2020-10-17 00:00:00.000000,2.21,0.04032845347128313
2020-10-18 00:00:00.000000,2.216,0.0058578080859974365
2020-10-19 00:00:00.000000,2.061,-0.0582651711254812
2020-10-20 00:00:00.000000,1.887,-0.02296752679429753
2020-10-21 00:00:00.000000,1.886,2.680191219611716e-06
2020-10-22 00:00:00.000000,1.958,0.020036672497665456
2020-10-23 00:00:00.000000,1.959,3.764978563209342e-05
2020-10-24 00:00:00.000000,1.917,-0.011159355605985615
2020-10-25 00:00:00.000000,1.795,-0.04612151940404971
2020-10-26 00:00:00.000000,1.686,-0.0056681008665047114
2020-10-27 00:00:00.000000,1.722,0.01835044593141786
2020-10-28 00:00:00.000000,1.52,-0.09451382977670773
2020-10-29 00:00:00.000000,1.433,-0.022795432673575484
2020-10-30 00:00:00.000000,1.435,0.007004404371765777
2020-10-31 00:00:00.000000,1.54,0.021600257741633575
2020-11-01 00:00:00.000000,1.603,0.029925165725494987
2020-11-02 00:00:00.000000,1.475,-0.05225938877926873
2020-11-03 00:00:00.000000,1.413,-0.022764805811544955
2020-11-04 00:00:00.000000,1.392,0.004854173573042159
2020-11-05 00:00:00.000000,1.411,0.017267093173878825
2020-11-06 00:00:00.000000,1.909,0.2383406634017241
2020-11-07 00:00:00.000000,2.034,0.048823933648100774
2020-11-08 00:00:00.000000,2.16,0.0561580913221604
2020-11-09 00:00:00.000000,2.022,-0.04066443345550187
2020-11-10 00:00:00.000000,2.225,0.09753035619989076
2020-11-11 00:00:00.000000,1.996,-0.08623535015674215
2020-11-12 00:00:00.000000,1.917,-0.02148970427498732
2020-11-13 00:00:00.000000,2.029,0.050063148477657665
2020-11-14 00:00:00.000000,1.929,-0.030192844047771804
2020-11-15 00:00:00.000000,2.043,0.061065447426451425
2020-11-16 00:00:00.000000,2.272,0.10537069765884668
2020-11-17 00:00:00.000000,2.207,-0.004879597106644009
2020-11-18 00:00:00.000000,2.124,-0.03844933208645252
2020-11-19 00:00:00.000000,2.079,-0.010186393424067004
2020-11-20 00:00:00.000000,2.103,0.01605632752059673
2020-11-21 00:00:00.000000,2.393,0.12573740538840522
2020-11-22 00:00:00.000000,2.152,-0.0891847428770896
2020-11-23 00:00:00.000000,2.281,0.05853265470390013
2020-11-24 00:00:00.000000,2.259,0.007995378924701833
2020-11-25 00:00:00.000000,2.271,0.010311125813752264
2020-11-26 00:00:00.000000,1.915,-0.09210525422164345
2020-11-27 00:00:00.000000,1.87,-0.014937489237984198
2020-11-28 00:00:00.000000,1.894,-0.012396687442407682
2020-11-29 00:00:00.000000,1.917,0.008804431334944508
2020-11-30 00:00:00.000000,1.967,0.0190149162984836
2020-12-01 00:00:00.000000,1.976,0.00623882127864317
2020-12-02 00:00:00.000000,2.118,0.05951428652416246
2020-12-03 00:00:00.000000,2.098,0.004092154281360752
2020-12-04 00:00:00.000000,1.849,-0.0333098938875818
2020-12-05 00:00:00.000000,1.982,0.03826143910622878
2020-12-06 00:00:00.000000,1.853,-0.024269986465220876
2020-12-07 00:00:00.000000,1.829,0.005142144348234706
2020-12-08 00:00:00.000000,1.663,-0.08919750612530096
2020-12-09 00:00:00.000000,1.666,-0.006083570024702571
2020-12-10 00:00:00.000000,1.567,-0.0469518814686736
2020-12-11 00:00:00.000000,1.439,-0.02391460642132437
2020-12-12 00:00:00.000000,1.492,0.026574915243172823
2020-12-13 00:00:00.000000,1.566,0.04809163922038634
2020-12-14 00:00:00.000000,1.588,0.008751128302871045
2020-12-15 00:00:00.000000,1.758,0.07450348733171887
2020-12-16 00:00:00.000000,1.786,0.006483099492709459
2020-12-17 00:00:00.000000,1.68,-0.0478952752331775
2020-12-18 00:00:00.000000,1.697,0.002450733623848379
2020-12-19 00:00:00.000000,1.668,-0.017020725475785245
2020-12-20 00:00:00.000000,1.562,-0.052307908953872315
2020-12-21 00:00:00.000000,1.543,-0.00901830094720765
2020-12-22 00:00:00.000000,1.489,-0.022835542500117215
2020-12-23 00:00:00.000000,1.197,-0.09964197244492162
2020-12-24 00:00:00.000000,1.361,0.11197332300563895
2020-12-25 00:00:00.000000,1.448,0.04562086510159722
2020-12-26 00:00:00.000000,1.324,0.02773181511932882
2020-12-27 00:00:00.000000,1.301,0.014692349012541885
2020-12-28 00:00:00.000000,1.515,0.05364125493108316
2020-12-29 00:00:00.000000,1.67,0.07324204762461985
2020-12-30 00:00:00.000000,1.536,-0.07718748363486552
2020-12-31 00:00:00.000000,1.51,-0.018215470277622707
2021-01-01 00:00:00.000000,1.847,0.18160747635496757
2021-01-02 00:00:00.000000,1.799,-0.01465076341100118
2021-01-03 00:00:00.000000,2.185,0.18127280611305988
2021-01-04 00:00:00.000000,2.491,0.09431546189301056
2021-01-05 00:00:00.000000,2.158,-0.10566881442121527
2021-01-06 00:00:00.000000,1.925,-0.025508168724517624
2021-01-07 00:00:00.000000,2.36,0.13943293919385571
2021-01-08 00:00:00.000000,3.225,0.30475325342116155
2021-01-09 00:00:00.000000,3.381,0.03919739775163609
2021-01-10 00:00:00.000000,3.471,0.008075566592802046
2021-01-11 00:00:00.000000,3.118,-0.031756263357066015
2021-01-12 00:00:00.000000,3.737,0.1613582630655866
2021-01-13 00:00:00.000000,3.647,-0.003620635069718119
2021-01-14 00:00:00.000000,3.326,-0.06469529416949035
2021-01-15 00:00:00.000000,3.245,-0.02148007026157537
2021-01-16 00:00:00.000000,3.449,0.05476689793752918
2021-01-17 00:00:00.000000,3.824,0.08078993893108449
2021-01-18 00:00:00.000000,3.798,-0.0007139594036480946
2021-01-19 00:00:00.000000,3.635,-0.026695035109953663
2021-01-20 00:00:00.000000,3.736,0.019043068874891447
2021-01-21 00:00:00.000000,2.997,-0.15237907075160653
2021-01-22 00:00:00.000000,3.329,0.10279319094726402
2021-01-23 00:00:00.000000,3.517,0.044316363596190976
2021-01-24 00:00:00.000000,3.644,0.031844230021402894
2021-01-25 00:00:00.000000,3.7,0.011850130272898655
2021-01-26 00:00:00.000000,4.031,0.065106793474523
2021-01-27 00:00:00.000000,3.693,-0.061827390385336585
2021-01-28 00:00:00.000000,3.847,0.02407320075995428
2021-01-29 00:00:00.000000,3.827,0.002625179634164726
2021-01-30 00:00:00.000000,4.218,0.0676816553183534
2021-01-31 00:00:00.000000,4.263,0.028995603190738236
2021-02-01 00:00:00.000000,4.616,0.060671777989401605
2021-02-02 00:00:00.000000,5.255,0.0561076659378045
2021-02-03 00:00:00.000000,5.736,0.05087777200298007
2021-02-04 00:00:00.000000,6.425,0.08606123000648042
2021-02-05 00:00:00.000000,6.69,0.029879919852629992
2021-02-06 00:00:00.000000,6.103,-0.03115588349445646
2021-02-07 00:00:00.000000,6.689,0.06378769356313317
2021-02-08 00:00:00.000000,7.881,0.0032036185091751344
2021-02-09 00:00:00.000000,7.858,0.009262093286017743
2021-02-10 00:00:00.000000,9.069,0.10909087450804508
2021-02-11 00:00:00.000000,9.236,0.03159755627312986
2021-02-12 00:00:00.000000,9.226,-0.004809899418852454
2021-02-13 00:00:00.000000,8.756,-0.03044618891615404
2021-02-14 00:00:00.000000,8.73,0.026413758343191932
2021-02-15 00:00:00.000000,8.842,0.018106910799794006
2021-02-16 00:00:00.000000,8.299,-0.031670651453660485
2021-02-17 00:00:00.000000,8.231,0.007967682357635768
2021-02-18 00:00:00.000000,8.967,0.07530125935342996
2021-02-19 00:00:00.000000,11.49,0.18061454240970232
2021-02-20 00:00:00.000000,10.0,-0.07621745586321771
2021-02-21 00:00:00.000000,11.12,0.0608257739249126
2021-02-22 00:00:00.000000,14.41,0.22788985325495134
2021-02-23 00:00:00.000000,15.21,0.07522363218983862
2021-02-24 00:00:00.000000,17.33,0.0955526007855935
2021-02-25 00:00:00.000000,13.8,-0.14424748501718135
2021-02-26 00:00:00.000000,13.6,-0.015160915488227391
2021-02-27 00:00:00.000000,13.19,-0.029064816440554433
2021-02-28 00:00:00.000000,13.07,-0.0021855533929067993
2021-03-01 00:00:00.000000,14.98,0.10011547898824454
2021-03-02 00:00:00.000000,13.98,-0.05804678915598523
2021-03-03 00:00:00.000000,14.13,0.0032289747542257542
2021-03-04 00:00:00.000000,13.08,-0.058462485343868054
2021-03-05 00:00:00.000000,12.57,-0.018462822395903293
2021-03-06 00:00:00.000000,13.07,0.023747136648671417
2021-03-07 00:00:00.000000,13.85,0.05207959313458352
2021-03-08 00:00:00.000000,13.65,-0.0034619489042373797
2021-03-09 00:00:00.000000,14.85,0.07822312326894913
2021-03-10 00:00:00.000000,14.19,-0.042203768243062455
2021-03-11 00:00:00.000000,16.01,0.10827619117058827
2021-03-12 00:00:00.000000,14.58,-0.06410046860166099
2021-03-13 00:00:00.000000,15.29,0.047977417521518025
2021-03-14 00:00:00.000000,14.48,-0.04324070109031414
2021-03-15 00:00:00.000000,14.16,-0.017915467136184086
2021-03-16 00:00:00.000000,13.64,-0.04041217642231325
2021-03-17 00:00:00.000000,14.22,0.030269243188357366
2021-03-18 00:00:00.000000,14.22,0.002216736231805568
2021-03-19 00:00:00.000000,14.14,-0.007237343373967189
2021-03-20 00:00:00.000000,14.16,-0.004719915760958683
2021-03-21 00:00:00.000000,14.33,0.0241907713058952
2021-03-22 00:00:00.000000,14.81,0.040657209766750683
2021-03-23 00:00:00.000000,14.16,-0.03620495864822902
2021-03-24 00:00:00.000000,13.59,-0.0398744017645525
2021-03-25 00:00:00.000000,13.0,-0.03739984099237794
2021-03-26 00:00:00.000000,14.77,0.11910959731752815
2021-03-27 00:00:00.000000,16.47,0.04190534116713293
2021-03-28 00:00:00.000000,18.08,0.060419014151030855
2021-03-29 00:00:00.000000,18.92,0.016836638699876373
2021-03-30 00:00:00.000000,19.1,0.009062413831293295
2021-03-31 00:00:00.000000,19.42,0.005519135361490156
2021-04-01 00:00:00.000000,19.04,-0.016342170323882254
2021-04-02 00:00:00.000000,19.77,0.036012122965766176
2021-04-03 00:00:00.000000,22.44,0.11000708619399424
2021-04-04 00:00:00.000000,23.81,0.061250533585803825
2021-04-05 00:00:00.000000,22.99,-0.031920940732206
2021-04-06 00:00:00.000000,25.09,0.07610272792370529
2021-04-07 00:00:00.000000,26.54,0.031241475554674415
2021-04-08 00:00:00.000000,26.99,0.019302464684687066
2021-04-09 00:00:00.000000,27.67,0.01659093530309804
2021-04-10 00:00:00.000000,26.78,-0.02908039855921598
2021-04-11 00:00:00.000000,27.88,0.019774454816159564
2021-04-12 00:00:00.000000,28.5,0.008657705296022495
2021-04-13 00:00:00.000000,27.48,-0.025087837621915732
2021-04-14 00:00:00.000000,26.41,-0.03419241101406309
2021-04-15 00:00:00.000000,27.79,0.03582996016478418
2021-04-16 00:00:00.000000,25.33,-0.06577328448622995
2021-04-17 00:00:00.000000,24.86,-0.012408124616155498
2021-04-18 00:00:00.000000,32.38,0.27131293454467437
2021-04-19 00:00:00.000000,31.58,-0.019870523257080518
2021-04-20 00:00:00.000000,31.77,0.0031787979609456695
2021-04-21 00:00:00.000000,32.62,0.029282094459250462
2021-04-22 00:00:00.000000,38.87,0.17439380850613642
2021-04-23 00:00:00.000000,37.21,-0.03433100849625896
2021-04-24 00:00:00.000000,40.82,0.08047148736042907
2021-04-25 00:00:00.000000,47.59,0.13278854934590106
2021-04-26 00:00:00.000000,43.96,-0.03249609662781006
2021-04-27 00:00:00.000000,43.26,-0.007336062214290384
2021-04-28 00:00:00.000000,44.85,0.035255013323780254
2021-04-29 00:00:00.000000,42.55,-0.04347607033997267
2021-04-30 00:00:00.000000,42.87,0.00794537104559206
2021-05-01 00:00:00.000000,49.58,0.13434840830996503
2021-05-02 00:00:00.000000,46.91,-0.02935491522395715
2021-05-03 00:00:00.000000,46.06,-0.013241182061854252
2021-05-04 00:00:00.000000,42.64,-0.060401372380247904
2021-05-05 00:00:00.000000,44.98,0.05144808474682354
2021-05-06 00:00:00.000000,43.51,-0.027014774539086996
2021-05-07 00:00:00.000000,43.21,-0.003670365496284829
2021-05-08 00:00:00.000000,45.73,0.053838421658078124
2021-05-09 00:00:00.000000,44.35,-0.026531207901661396
2021-05-10 00:00:00.000000,42.94,-0.02024576576549835
2021-05-11 00:00:00.000000,44.64,0.037722636354595815
2021-05-12 00:00:00.000000,42.94,-0.031645797385049614
2021-05-13 00:00:00.000000,41.0,-0.04095932252726636
2021-05-14 00:00:00.000000,42.79,0.04403326221443123
2021-05-15 00:00:00.000000,43.46,0.016384783324536037
2021-05-16 00:00:00.000000,46.85,0.08400173926868705
2021-05-17 00:00:00.000000,46.65,-0.0014804638074602772
2021-05-18 00:00:00.000000,55.98,0.1501686256453667
2021-05-19 00:00:00.000000,34.96,-0.25461648707927614
2021-05-20 00:00:00.000000,44.42,0.22165996435899538
2021-05-21 00:00:00.000000,38.91,-0.06844284687284417
2021-05-22 00:00:00.000000,31.28,-0.16516795007292615
2021-05-23 00:00:00.000000,24.53,-0.1469587980871422
2021-05-24 00:00:00.000000,31.45,0.21870281205444655
2021-05-25 00:00:00.000000,30.08,-0.04882490313643467
2021-05-26 00:00:00.000000,35.46,0.15294702284141257
2021-05-27 00:00:00.000000,33.71,-0.0708097729981291
2021-05-28 00:00:00.000000,29.0,-0.12045861297751179
2021-05-29 00:00:00.000000,27.39,-0.04116945311385531
2021-05-30 00:00:00.000000,28.6,0.027820290225635397
2021-05-31 00:00:00.000000,32.78,0.12652901225629376
2021-06-01 00:00:00.000000,30.98,-0.0458838306820454
2021-06-02 00:00:00.000000,33.98,0.08389120679118417
2021-06-03 00:00:00.000000,39.56,0.1461828229493597
2021-06-04 00:00:00.000000,37.42,-0.04677806255295277
2021-06-05 00:00:00.000000,39.75,0.045585242152304736
2021-06-06 00:00:00.000000,42.23,0.05978867461764871
2021-06-07 00:00:00.000000,38.28,-0.03876704526270862
2021-06-08 00:00:00.000000,41.26,0.07154347653528859
2021-06-09 00:00:00.000000,42.03,0.01935445661444453
2021-06-10 00:00:00.000000,41.09,-0.01773846395109414
2021-06-11 00:00:00.000000,36.18,-0.07117279884826486
2021-06-12 00:00:00.000000,36.48,-0.01994275546814051
2021-06-13 00:00:00.000000,38.72,0.028610760007931876
2021-06-14 00:00:00.000000,39.72,0.022543757556962855
2021-06-15 00:00:00.000000,39.55,-0.004619525353337509
2021-06-16 00:00:00.000000,39.63,-0.004674301312037274
2021-06-17 00:00:00.000000,39.22,-0.00909254490707118
2021-06-18 00:00:00.000000,36.79,-0.048789353357787515
2021-06-19 00:00:00.000000,35.19,-0.040460750890978774
2021-06-20 00:00:00.000000,35.25,0.00485248419319302
2021-06-21 00:00:00.000000,26.65,-0.20132205655639673
2021-06-22 00:00:00.000000,26.98,0.018782082381959248
2021-06-23 00:00:00.000000,30.84,0.10309564239477133
2021-06-24 00:00:00.000000,31.18,0.028965976316261393
2021-06-25 00:00:00.000000,28.63,-0.058501847997664974
2021-06-26 00:00:00.000000,29.67,0.022443815414149134
2021-06-27 00:00:00.000000,31.87,0.07112652397138634
2021-06-28 00:00:00.000000,33.0,0.033117860074543086
2021-06-29 00:00:00.000000,33.94,0.03067877655238019
2021-06-30 00:00:00.000000,35.53,0.044059756821485635
2021-07-01 00:00:00.000000,33.32,-0.05904242009451675
2021-07-02 00:00:00.000000,34.020481,0.020323017746304156
2021-07-03 00:00:00.000000,34.5,0.015230790681514972
2021-07-04 00:00:00.000000,34.32,-0.0006700649185556263
2021-07-05 00:00:00.000000,32.93,-0.0335014079349045
2021-07-06 00:00:00.000000,34.23,0.03765112092752231
2021-07-07 00:00:00.000000,36.72,0.07136772219928318
2021-07-08 00:00:00.000000,33.14,-0.09581939669288841
2021-07-09 00:00:00.000000,33.3,0.0019254994899829303
2021-07-10 00:00:00.000000,31.72,-0.042643427481346204
2021-07-11 00:00:00.000000,32.177841,0.014331219085045597
2021-07-12 00:00:00.000000,30.78,-0.04527430486188952
2021-07-13 00:00:00.000000,29.121189,-0.038544180739924556
2021-07-14 00:00:00.000000,31.36,0.07597504720865425
2021-07-15 00:00:00.000000,28.55,-0.06361285274076739
2021-07-16 00:00:00.000000,26.27,-0.059222779940032534
2021-07-17 00:00:00.000000,26.75,0.0025347410263147673
2021-07-18 00:00:00.000000,26.67,-0.004880336467280121
2021-07-19 00:00:00.000000,24.5,-0.06399693443416388
2021-07-20 00:00:00.000000,23.489555,-0.038745154258658064
2021-07-21 00:00:00.000000,26.623079,0.10871591013252246
2021-07-22 00:00:00.000000,27.71,0.033358879085096944
2021-07-23 00:00:00.000000,28.51,0.0036263432055689136
2021-07-24 00:00:00.000000,28.65,-0.0003132860567232232
2021-07-25 00:00:00.000000,28.19,-0.010845807124355279
2021-07-26 00:00:00.000000,28.22,-0.004569700688461348
2021-07-27 00:00:00.000000,28.14,-0.002197419791077779
2021-07-28 00:00:00.000000,27.88,-0.009106130536333239
2021-07-29 00:00:00.000000,31.28,0.09732280022910271
2021-07-30 00:00:00.000000,32.393944,0.03631799144034792
2021-07-31 00:00:00.000000,36.74,0.11925218663255574
2021-08-01 00:00:00.000000,34.2,-0.06491925515290758
2021-08-02 00:00:00.000000,33.19,-0.029633221311938587
2021-08-03 00:00:00.000000,33.996441,0.024991415627072612
2021-08-04 00:00:00.000000,35.763626,0.044764373280903234
2021-08-05 00:00:00.000000,37.37,0.009481571499176542
2021-08-06 00:00:00.000000,39.52,0.0392337791954514
2021-08-07 00:00:00.000000,39.403473,-0.016792080293442438
2021-08-08 00:00:00.000000,37.673824,-0.045816912822104844
2021-08-09 00:00:00.000000,38.69,0.0284499547905535
2021-08-10 00:00:00.000000,40.68,0.04591851482432076
2021-08-11 00:00:00.000000,41.66,0.021194897296963475
2021-08-12 00:00:00.000000,41.099361,-0.0139027108399883
2021-08-13 00:00:00.000000,44.89,0.07438673521731164
2021-08-14 00:00:00.000000,44.16,-0.015135541456805422
2021-08-15 00:00:00.000000,53.53,0.1834703462163341
2021-08-16 00:00:00.000000,62.432465,0.13327372174636945
2021-08-17 00:00:00.000000,64.18,0.02758467169176841
2021-08-18 00:00:00.000000,72.543312,0.05604267805339461
2021-08-19 00:00:00.000000,72.82,0.0028361868111844014
2021-08-20 00:00:00.000000,78.724617,0.06310331313627668
2021-08-21 00:00:00.000000,73.89,-0.014257959706999626
2021-08-22 00:00:00.000000,72.803917,-0.018515333755491338
2021-08-23 00:00:00.000000,75.708038,0.03825352102268426
2021-08-24 00:00:00.000000,70.67,-0.04960918209873754
2021-08-25 00:00:00.000000,71.951569,0.013658257523603848
2021-08-26 00:00:00.000000,74.85,0.032469832338047094
2021-08-27 00:00:00.000000,88.11,0.1295625277059102
2021-08-28 00:00:00.000000,96.38,0.08218305805206687
2021-08-29 00:00:00.000000,94.469673,-0.019246744187373745
2021-08-30 00:00:00.000000,110.544807,0.11362157405319565
2021-08-31 00:00:00.000000,108.34,-0.013067576670169773
2021-09-01 00:00:00.000000,110.73,0.010420955916917966
2021-09-02 00:00:00.000000,128.29,0.12118746969490787
2021-09-03 00:00:00.000000,146.46,0.11290695470133658
2021-09-04 00:00:00.000000,139.0,-0.044259139541811876
2021-09-05 00:00:00.000000,142.11,0.02025040210326448
2021-09-06 00:00:00.000000,164.31,0.08123933132984563
2021-09-07 00:00:00.000000,173.2,0.020403611484164915
2021-09-08 00:00:00.000000,191.041397,0.08201166075727262
2021-09-09 00:00:00.000000,187.7,-0.008119700905760663
2021-09-10 00:00:00.000000,179.5,-0.03455101583678264
2021-09-11 00:00:00.000000,178.867874,-0.004587545987506661
2021-09-12 00:00:00.000000,174.537628,-0.022307076864815593
2021-09-13 00:00:00.000000,169.66,-0.022508415639531022
2021-09-14 00:00:00.000000,158.094818,-0.05920840220980473
2021-09-15 00:00:00.000000,158.66,-0.006196890013962515
2021-09-16 00:00:00.000000,152.11,-0.04047650600477594
2021-09-17 00:00:00.000000,147.49,-0.03853948454350133
2021-09-18 00:00:00.000000,169.36,0.11934634549233937
2021-09-19 00:00:00.000000,152.516693,-0.0779199503826041
2021-09-20 00:00:00.000000,132.13446,-0.06699775257529496
2021-09-21 00:00:00.000000,124.04,-0.03636412536974811
2021-09-22 00:00:00.000000,148.18,0.10417512689542117
2021-09-23 00:00:00.000000,150.0,0.0023284293620629325
2021-09-24 00:00:00.000000,139.395645,-0.06168391381206048
2021-09-25 00:00:00.000000,136.16,-0.019804695392054296
2021-09-26 00:00:00.000000,135.84,-0.009921005291192192
2021-09-27 00:00:00.000000,136.35,-0.0005794811969524727
2021-09-28 00:00:00.000000,131.537216,-0.02899632076003652
2021-09-29 00:00:00.000000,135.351456,0.024196473864262907
2021-09-30 00:00:00.000000,141.32,0.03693413296611811
2021-10-01 00:00:00.000000,161.67,0.0857993547345394
2021-10-02 00:00:00.000000,169.093018,0.03872594640870742
2021-10-03 00:00:00.000000,173.06,0.019553425534385566
2021-10-04 00:00:00.000000,167.21,-0.03300904115846135
2021-10-05 00:00:00.000000,164.63,-0.012608586539958985
2021-10-06 00:00:00.000000,153.92,-0.054095556160402715
2021-10-07 00:00:00.000000,154.281189,-0.005080622289948569
2021-10-08 00:00:00.000000,158.83,0.020557836525654093
2021-10-09 00:00:00.000000,156.82,-0.014349635501262337
2021-10-10 00:00:00.000000,147.67,-0.0502990674073978
2021-10-11 00:00:00.000000,144.92,-0.009320624296133883
2021-10-12 00:00:00.000000,152.737122,0.05164802952856179
2021-10-13 00:00:00.000000,148.06,-0.03409983373816593
2021-10-14 00:00:00.000000,150.01,0.001818581067202747
2021-10-15 00:00:00.000000,163.17,0.06474706897768151
2021-10-16 00:00:00.000000,157.56,-0.02837839663179059
2021-10-17 00:00:00.000000,160.04,-0.004805733285003082
2021-10-18 00:00:00.000000,157.231277,-0.01943663256463922
2021-10-19 00:00:00.000000,155.89,-0.012105309637833562
2021-10-20 00:00:00.000000,176.81,0.0940981948863004
2021-10-21 00:00:00.000000,190.25,0.05923749118115447
2021-10-22 00:00:00.000000,196.22,0.031624057546301265
2021-10-23 00:00:00.000000,197.73,0.009103325074026149
2021-10-24 00:00:00.000000,202.3,0.011237304897455759
2021-10-25 00:00:00.000000,209.85,0.02251126007457054
2021-10-26 00:00:00.000000,199.72,-0.03814025552077599
2021-10-27 00:00:00.000000,183.774597,-0.05981315021303268
2021-10-28 00:00:00.000000,194.85,0.04858986887308139
2021-10-29 00:00:00.000000,200.41,0.029883550867269477
2021-10-30 00:00:00.000000,195.91,-0.010349574478673436
2021-10-31 00:00:00.000000,202.421021,0.022352443806742537
2021-11-01 00:00:00.000000,203.51,0.003130035328334427
2021-11-02 00:00:00.000000,221.14,0.013563036349575336
2021-11-03 00:00:00.000000,243.02,0.0784348462618979
2021-11-04 00:00:00.000000,247.387772,0.014264431638787396
2021-11-05 00:00:00.000000,236.34,-0.03009231963772379
2021-11-06 00:00:00.000000,258.63,0.05955761168408238
2021-11-07 00:00:00.000000,249.76,0.01860896215454744
2021-11-08 00:00:00.000000,248.35,0.015427980279705843
2021-11-09 00:00:00.000000,239.213135,-0.020668118766203173
2021-11-10 00:00:00.000000,233.779526,-0.016289216792948518
2021-11-11 00:00:00.000000,233.51,-0.0019005266989355661
2021-11-12 00:00:00.000000,228.64,-0.011345061949954162
2021-11-13 00:00:00.000000,241.66,0.05194258211546688
2021-11-14 00:00:00.000000,238.425522,-0.025513181501011912
2021-11-15 00:00:00.000000,238.17,-0.020958934907916366
2021-11-16 00:00:00.000000,219.09,-0.04995844841670255
2021-11-17 00:00:00.000000,218.95,-0.006821435307023794
2021-11-18 00:00:00.000000,195.24,-0.08295727395449512
2021-11-19 00:00:00.000000,215.280014,0.07355812884507994
2021-11-20 00:00:00.000000,217.89,0.005601693847149465
2021-11-21 00:00:00.000000,230.56,0.03292022268104286
2021-11-22 00:00:00.000000,215.78,-0.014029209466097084
2021-11-23 00:00:00.000000,221.94,0.008933742245320517
2021-11-24 00:00:00.000000,205.75,-0.043341062105341714
2021-11-25 00:00:00.000000,210.06,0.007228443747023878
2021-11-26 00:00:00.000000,191.511749,-0.07370532198955763
2021-11-27 00:00:00.000000,193.0,0.007704549418913475
2021-11-28 00:00:00.000000,200.92,0.03341069565944482
2021-11-29 00:00:00.000000,204.22,0.013374943698904754
2021-11-30 00:00:00.000000,208.67099,0.000818176771886232
2021-12-01 00:00:00.000000,229.91,0.018084745243564484
2021-12-02 00:00:00.000000,233.89,0.00569299464641546
2021-12-03 00:00:00.000000,211.87,-0.04203045469166202
2021-12-04 00:00:00.000000,201.01,-0.04820577712405223
2021-12-05 00:00:00.000000,196.168259,-0.01989396411789029
2021-12-06 00:00:00.000000,194.03,-0.011919541813008916
2021-12-07 00:00:00.000000,190.38,-0.009934132167162261
2021-12-08 00:00:00.000000,194.74,0.020592757576529955
2021-12-09 00:00:00.000000,181.41,-0.030074789435939518
2021-12-10 00:00:00.000000,167.65,-0.060595806106695606
2021-12-11 00:00:00.000000,172.08,0.01962190189020452
2021-12-12 00:00:00.000000,173.0,0.005650986569698431
2021-12-13 00:00:00.000000,155.15,-0.08300507671945379
2021-12-14 00:00:00.000000,153.341446,-0.016086303167561624
2021-12-15 00:00:00.000000,178.55,0.06176698865414676
2021-12-16 00:00:00.000000,176.92,-0.010858694113545167
2021-12-17 00:00:00.000000,175.65,-0.017666365363782723
2021-12-18 00:00:00.000000,182.92,0.036445570631065925
2021-12-19 00:00:00.000000,180.098053,-0.008850903758234765
2021-12-20 00:00:00.000000,173.671783,-0.03195466250938339
2021-12-21 00:00:00.000000,179.76,0.021652701954909058
2021-12-22 00:00:00.000000,178.36,-0.005561906678133226
2021-12-23 00:00:00.000000,190.12,0.034985067775174475
2021-12-24 00:00:00.000000,190.43,0.005446309277124373
2021-12-25 00:00:00.000000,193.05,0.011913904499078498
2021-12-26 00:00:00.000000,197.89,0.02434546758121389
2021-12-27 00:00:00.000000,195.73,-0.006347184965639099
2021-12-28 00:00:00.000000,177.25,-0.06834127336841321
2021-12-29 00:00:00.000000,170.62,-0.03208304562362692
2021-12-30 00:00:00.000000,172.53,0.009111175553063006
2021-12-31 00:00:00.000000,169.93,-0.01217902328005963
2022-01-01 00:00:00.000000,179.09,0.04186439104442083
2022-01-02 00:00:00.000000,176.4,-0.009280082984089508
2022-01-03 00:00:00.000000,170.08,-0.03173987923495461
2022-01-04 00:00:00.000000,167.75,-0.020780991041272713
2022-01-05 00:00:00.000000,154.36,-0.07093757000192302
2022-01-06 00:00:00.000000,150.23,-0.028128611039491755
2022-01-07 00:00:00.000000,136.39,-0.054152473164489276
2022-01-08 00:00:00.000000,142.513458,0.03690030479874883
2022-01-09 00:00:00.000000,140.77,-0.0045553734249461075
2022-01-10 00:00:00.000000,135.954941,-0.031511054006194444
2022-01-11 00:00:00.000000,140.183853,0.022977298415739384
2022-01-12 00:00:00.000000,151.51,0.06642258158962008
2022-01-13 00:00:00.000000,146.2,-0.03931548167006938
2022-01-14 00:00:00.000000,146.159027,0.0036809827348945677
2022-01-15 00:00:00.000000,147.74,0.016270915148709895
2022-01-16 00:00:00.000000,147.856522,0.0021528256857775907
2022-01-17 00:00:00.000000,139.84,-0.04671023838214726
2022-01-18 00:00:00.000000,141.29,0.009335029542790566
2022-01-19 00:00:00.000000,135.3,-0.034769568769238306
2022-01-20 00:00:00.000000,127.205284,-0.05216480105008342
2022-01-21 00:00:00.000000,112.47,-0.09523588003555016
2022-01-22 00:00:00.000000,94.68,-0.134571808957549
2022-01-23 00:00:00.000000,99.578224,0.048672965395904925
2022-01-24 00:00:00.000000,91.650162,-0.06506170004303485
2022-01-25 00:00:00.000000,94.720352,0.01686037377609329
2022-01-26 00:00:00.000000,92.238045,-0.028957341182853265
2022-01-27 00:00:00.000000,89.56,-0.02039280673829396
2022-01-28 00:00:00.000000,91.312897,0.013882009859616098
2022-01-29 00:00:00.000000,96.223488,0.04530434766019551
2022-01-30 00:00:00.000000,93.297676,-0.029547773532253626
2022-01-31 00:00:00.000000,99.54,0.05636893366264065
2022-02-01 00:00:00.000000,109.978981,0.054260692334264136
2022-02-02 00:00:00.000000,101.837601,-0.059463339386231155
2022-02-03 00:00:00.000000,101.459038,-0.0068166196159101956
2022-02-04 00:00:00.000000,112.174248,0.05598816283240815
2022-02-05 00:00:00.000000,113.894302,0.01748695846640485
2022-02-06 00:00:00.000000,115.33,0.008367096311120448
2022-02-07 00:00:00.000000,117.355148,0.013025461716562985
2022-02-08 00:00:00.000000,113.42,-0.022340248805626715
2022-02-09 00:00:00.000000,114.019379,-0.00014035883533194293
2022-02-10 00:00:00.000000,106.202805,-0.03404403737672877
2022-02-11 00:00:00.000000,96.52,-0.07366547532909122
2022-02-12 00:00:00.000000,95.918205,0.011450759341586833
2022-02-13 00:00:00.000000,93.244102,-0.028486451434477457
2022-02-14 00:00:00.000000,96.43,0.0337045258359297
2022-02-15 00:00:00.000000,104.873306,0.0775718389976872
2022-02-16 00:00:00.000000,101.932899,-0.028541996375207067
2022-02-17 00:00:00.000000,93.58,-0.05642499562125018
2022-02-18 00:00:00.000000,90.06546,-0.030375791674049368
2022-02-19 00:00:00.000000,91.496651,-0.0028331569623930753
2022-02-20 00:00:00.000000,90.75,-0.010130455805028592
2022-02-21 00:00:00.000000,83.123161,-0.07759880931137264
2022-02-22 00:00:00.000000,86.465385,0.0357615348064973
2022-02-23 00:00:00.000000,84.61,-0.017854784187377747
2022-02-24 00:00:00.000000,89.41,0.06377654416150663
2022-02-25 00:00:00.000000,92.598824,0.03414215074827954
2022-02-26 00:00:00.000000,90.29,-0.025317715632426494
2022-02-27 00:00:00.000000,85.66,-0.05049819287963226
2022-02-28 00:00:00.000000,99.520348,0.1329051349309793
2022-03-01 00:00:00.000000,98.653557,-0.011362249543718147
2022-03-02 00:00:00.000000,100.649635,0.01791342441993887
2022-03-03 00:00:00.000000,95.6,-0.049101983447468474
2022-03-04 00:00:00.000000,88.24,-0.06104996004803279
2022-03-05 00:00:00.000000,89.61,0.021076901796340152
2022-03-06 00:00:00.000000,84.55,-0.05037709984697989
2022-03-07 00:00:00.000000,81.88,-0.030689326888125902
2022-03-08 00:00:00.000000,82.254761,-0.005969461485831158
2022-03-09 00:00:00.000000,88.07,0.07470051032301403
2022-03-10 00:00:00.000000,82.93,-0.0399528499266526
2022-03-11 00:00:00.000000,80.67,-0.02362400665254203
2022-03-12 00:00:00.000000,81.41,0.0009660535264024228
2022-03-13 00:00:00.000000,78.936073,-0.025893001130297733
2022-03-14 00:00:00.000000,81.26,0.006199661805144374
2022-03-15 00:00:00.000000,82.955086,0.0089382797293113
2022-03-16 00:00:00.000000,87.84,0.05006061834224055
2022-03-17 00:00:00.000000,87.88,0.0028313182780842993
2022-03-18 00:00:00.000000,89.81,0.037902712618494254
2022-03-19 00:00:00.000000,92.418152,0.009524762620426895
2022-03-20 00:00:00.000000,88.614861,-0.038087496381987995
2022-03-21 00:00:00.000000,88.65,0.00553968307535329
2022-03-22 00:00:00.000000,90.47,0.020194690696688965
2022-03-23 00:00:00.000000,95.102684,0.04030124107963344
2022-03-24 00:00:00.000000,102.39,0.06740986438033582
2022-03-25 00:00:00.000000,98.658104,-0.031464617231167
2022-03-26 00:00:00.000000,101.79,0.028303495004443523
2022-03-27 00:00:00.000000,107.084221,0.046562761845493926
2022-03-28 00:00:00.000000,105.93,-0.004601838205845465
2022-03-29 00:00:00.000000,111.710312,0.03881267927822543
2022-03-30 00:00:00.000000,120.699486,0.06907530440302784
2022-03-31 00:00:00.000000,122.84,0.01370031491838929
2022-04-01 00:00:00.000000,134.54,0.07279027739486234
2022-04-02 00:00:00.000000,132.51,-0.010603236225658659
2022-04-03 00:00:00.000000,136.91,0.024633395353155393
2022-04-04 00:00:00.000000,132.412628,-0.030132956734239564
2022-04-05 00:00:00.000000,126.862236,-0.03309041883185329
2022-04-06 00:00:00.000000,112.99,-0.08264698511286513
2022-04-07 00:00:00.000000,118.6,0.03831630931636942
2022-04-08 00:00:00.000000,109.80088,-0.02439479100123382
2022-04-09 00:00:00.000000,112.972794,0.02275365651095967
2022-04-10 00:00:00.000000,111.742439,-0.009632908352193154
2022-04-11 00:00:00.000000,99.65,-0.08337285998988954
2022-04-12 00:00:00.000000,103.306389,0.04164470877892654
2022-04-13 00:00:00.000000,104.97,0.015792720759717004
2022-04-14 00:00:00.000000,100.707802,-0.0379283206202647
2022-04-15 00:00:00.000000,101.309776,0.002651225045958069
2022-04-16 00:00:00.000000,102.257317,0.012773450399481355
2022-04-17 00:00:00.000000,100.18,-0.0163723849197008
2022-04-18 00:00:00.000000,102.37,0.021207695348143474
2022-04-19 00:00:00.000000,108.582031,0.0513414597731743
2022-04-20 00:00:00.000000,105.59,-0.023384032026197862
2022-04-21 00:00:00.000000,101.77,-0.0350852398096537
2022-04-22 00:00:00.000000,100.54,-0.009072388521706
2022-04-23 00:00:00.000000,100.744438,-0.0019412946747645221
2022-04-24 00:00:00.000000,99.23,-0.014031912138134657
2022-04-25 00:00:00.000000,100.99,0.016017882789346315
2022-04-26 00:00:00.000000,95.71,-0.04697077774200849
2022-04-27 00:00:00.000000,98.34,0.028104229853604775
2022-04-28 00:00:00.000000,98.22,0.008001862122063651
2022-04-29 00:00:00.000000,93.93,-0.03572234256854162
2022-04-30 00:00:00.000000,84.65,-0.08283734747325287
2022-05-01 00:00:00.000000,89.68,0.053941951733730766
2022-05-02 00:00:00.000000,87.47,-0.0226819235246059
2022-05-03 00:00:00.000000,85.84,-0.014732031480280327
2022-05-04 00:00:00.000000,92.75,0.06393545348197244
2022-05-05 00:00:00.000000,84.596024,-0.07162785324141219
2022-05-06 00:00:00.000000,81.65,-0.030499073693156617
2022-05-07 00:00:00.000000,78.83,-0.021856884461149306
2022-05-08 00:00:00.000000,75.31,-0.03371248697473631
2022-05-09 00:00:00.000000,62.11,-0.12479757080915974
2022-05-10 00:00:00.000000,66.85,0.03826928045585997
2022-05-11 00:00:00.000000,50.21085,-0.15660791116107162
2022-05-12 00:00:00.000000,44.68359,-0.086005592776021
2022-05-13 00:00:00.000000,48.86,0.07288047500564114
2022-05-14 00:00:00.000000,52.34,0.06493911653232048
2022-05-15 00:00:00.000000,58.74,0.09888117526423279
2022-05-16 00:00:00.000000,53.646461,-0.07526116619073524
2022-05-17 00:00:00.000000,57.02,0.05515274278971171
2022-05-18 00:00:00.000000,49.75621,-0.10111999488324058
2022-05-19 00:00:00.000000,52.213978,0.036136446354328854
2022-05-20 00:00:00.000000,49.37,-0.04054843933257141
2022-05-21 00:00:00.000000,50.25,0.012580218011683632
2022-05-22 00:00:00.000000,52.46,0.03636681899735785
2022-05-23 00:00:00.000000,49.1,-0.015581662578535223
2022-05-24 00:00:00.000000,49.63,0.010592942775241141
2022-05-25 00:00:00.000000,47.982426,-0.02270182218509734
2022-05-26 00:00:00.000000,43.43,-0.07112750180970463
2022-05-27 00:00:00.000000,41.1,-0.044439898767811584
2022-05-28 00:00:00.000000,44.22,0.06584741214522838
2022-05-29 00:00:00.000000,44.92,0.019587416052374247
2022-05-30 00:00:00.000000,47.179443,0.02666137736725157
2022-05-31 00:00:00.000000,45.74,-0.019534336632757405
2022-06-01 00:00:00.000000,40.09,-0.09716022022113152
2022-06-02 00:00:00.000000,40.82,0.0075262527875162325
2022-06-03 00:00:00.000000,38.23,-0.0505397168624828
2022-06-04 00:00:00.000000,38.97,0.016450753669028415
2022-06-05 00:00:00.000000,38.49,-0.008698411292412632
2022-06-06 00:00:00.000000,42.36,0.08988462032239919
2022-06-07 00:00:00.000000,39.437572,-0.032493723475581035
2022-06-08 00:00:00.000000,38.79,-0.015625329164910398
2022-06-09 00:00:00.000000,39.93,0.022440501274641873
2022-06-10 00:00:00.000000,37.12,-0.062458295421599794
2022-06-11 00:00:00.000000,33.86,-0.0757839160681785
2022-06-12 00:00:00.000000,30.743271,-0.08783013355593478
2022-06-13 00:00:00.000000,28.54,-0.024840423544889155
2022-06-14 00:00:00.000000,29.51,0.02129656983839638
2022-06-15 00:00:00.000000,34.71,0.15276300849132887
2022-06-16 00:00:00.000000,30.08,-0.1257479805867809
2022-06-17 00:00:00.000000,30.74292,0.012628977527329199
2022-06-18 00:00:00.000000,31.97,0.04782916772274994
2022-06-19 00:00:00.000000,34.16,0.048484992587927385
2022-06-20 00:00:00.000000,35.417114,0.038511351191966095
2022-06-21 00:00:00.000000,36.37,0.020756708515925516
2022-06-22 00:00:00.000000,34.121635,-0.05372597820943126
2022-06-23 00:00:00.000000,38.13,0.10432213320544072
2022-06-24 00:00:00.000000,42.212048,0.0990035136947954
2022-06-25 00:00:00.000000,42.2,0.007102895102289375
2022-06-26 00:00:00.000000,39.408089,-0.04096377055638694
2022-06-27 00:00:00.000000,38.46,-0.02299434360678192
2022-06-28 00:00:00.000000,35.29,-0.042347315091426745
2022-06-29 00:00:00.000000,33.873901,-0.04437007559837371
2022-06-30 00:00:00.000000,33.588417,-0.00637146526353829
2022-07-01 00:00:00.000000,32.8,-0.02284888281727469
2022-07-02 00:00:00.000000,33.359409,0.008142010871027477
2022-07-03 00:00:00.000000,33.385933,-0.004418590805438173
2022-07-04 00:00:00.000000,36.68,0.08858803513185812
2022-07-05 00:00:00.000000,35.395554,-0.03160273665316646
2022-07-06 00:00:00.000000,37.073563,0.018161924624879647
2022-07-07 00:00:00.000000,38.46,0.028045629071040058
2022-07-08 00:00:00.000000,38.11,-0.006852270258716828
2022-07-09 00:00:00.000000,38.07196,-0.001908391723879561
2022-07-10 00:00:00.000000,36.697609,-0.03184315278016518
2022-07-11 00:00:00.000000,33.4636,-0.08338645313680386
2022-07-12 00:00:00.000000,32.66,-0.02170356979734137
2022-07-13 00:00:00.000000,34.93,0.06778056114436605
2022-07-14 00:00:00.000000,37.107822,0.06235595743968973
2022-07-15 00:00:00.000000,37.415928,-0.0005237773440213289
2022-07-16 00:00:00.000000,39.574123,0.04640145559599056
2022-07-17 00:00:00.000000,38.644722,-0.022098107276341893
2022-07-18 00:00:00.000000,43.746159,0.11764777655124779
2022-07-19 00:00:00.000000,44.899876,0.03292253922148053
2022-07-20 00:00:00.000000,42.03,-0.051403714675175134
2022-07-21 00:00:00.000000,43.11,0.023913585587231053
2022-07-22 00:00:00.000000,40.618504,-0.04643900060816791
2022-07-23 00:00:00.000000,40.040977,-0.014774236338064016
2022-07-24 00:00:00.000000,41.006584,0.014404059862470849
2022-07-25 00:00:00.000000,36.711998,-0.08105549527954536
2022-07-26 00:00:00.000000,36.190853,-0.019472088629695235
2022-07-27 00:00:00.000000,40.30785,0.08789132879160107
2022-07-28 00:00:00.000000,42.94,0.059547750796825054
2022-07-29 00:00:00.000000,41.93,-0.0024851943880898975
2022-07-30 00:00:00.000000,43.85,0.04255410475714482
2022-07-31 00:00:00.000000,42.37,-0.012230445578005875
2022-08-01 00:00:00.000000,41.66,-0.008663347759154744
2022-08-02 00:00:00.000000,39.75,-0.029225252148209212
2022-08-03 00:00:00.000000,38.57,-0.027838258772667705
2022-08-04 00:00:00.000000,38.830673,0.006058620456031651
2022-08-05 00:00:00.000000,40.561031,0.03247616664687676
2022-08-06 00:00:00.000000,40.07,-0.008474741141488546
2022-08-07 00:00:00.000000,40.62,0.008199448986066176
2022-08-08 00:00:00.000000,42.22,0.03912810650507303
2022-08-09 00:00:00.000000,40.35,-0.039355189048098864
2022-08-10 00:00:00.000000,42.48,0.05244225029948343
2022-08-11 00:00:00.000000,42.8,0.010561955138665929
2022-08-12 00:00:00.000000,45.52,0.05664392141029834
2022-08-13 00:00:00.000000,46.6,0.017136223644037683
2022-08-14 00:00:00.000000,44.916569,-0.023653161579260687
2022-08-15 00:00:00.000000,43.73,-0.02237522431735242
2022-08-16 00:00:00.000000,43.09,-0.00764573467103998
2022-08-17 00:00:00.000000,40.53,-0.04913930735754556
2022-08-18 00:00:00.000000,39.51,-0.02280347509232942
2022-08-19 00:00:00.000000,35.82,-0.07971572181964642
2022-08-20 00:00:00.000000,35.28,-0.023189143879475686
2022-08-21 00:00:00.000000,36.533199,0.01077196522799817
2022-08-22 00:00:00.000000,35.42,-0.03126009054313974
2022-08-23 00:00:00.000000,35.65,-0.002922344136087488
2022-08-24 00:00:00.000000,34.88,-0.018702171661251325
2022-08-25 00:00:00.000000,35.316463,0.012789947277838064
2022-08-26 00:00:00.000000,31.73,-0.08954000660612113
2022-08-27 00:00:00.000000,31.52,-0.004720159258011879
2022-08-28 00:00:00.000000,30.43,-0.03365348789683903
2022-08-29 00:00:00.000000,32.43,0.06132863676524548
2022-08-30 00:00:00.000000,31.47,-0.0243385782531527
2022-08-31 00:00:00.000000,31.49,-0.0007598933884240377
2022-09-01 00:00:00.000000,31.6,0.004078017936557963
2022-09-02 00:00:00.000000,31.24,-0.011730155441066854
2022-09-03 00:00:00.000000,31.109484,-0.006940294951784593
2022-09-04 00:00:00.000000,32.16,0.03366641907457166
2022-09-05 00:00:00.000000,32.194649,0.0034554988702002174
2022-09-06 00:00:00.000000,30.89,-0.035420056466040364
2022-09-07 00:00:00.000000,32.710918,0.05455021181561623
2022-09-08 00:00:00.000000,33.61,0.024674905675897627
2022-09-09 00:00:00.000000,34.69,0.029254264687279447
2022-09-10 00:00:00.000000,35.126728,0.011122084109517545
2022-09-11 00:00:00.000000,35.01,0.003904320713915326
2022-09-12 00:00:00.000000,37.46,0.0630665294545149
2022-09-13 00:00:00.000000,32.99,-0.10982948220909171
2022-09-14 00:00:00.000000,34.12,0.03177450637954916
2022-09-15 00:00:00.000000,33.07,-0.027946036839986997
2022-09-16 00:00:00.000000,32.208858,-0.016381710663537916
2022-09-17 00:00:00.000000,33.69,0.04276663319393734
2022-09-18 00:00:00.000000,31.059855,-0.06968022349449171
2022-09-19 00:00:00.000000,32.63,0.050250416298965705
2022-09-20 00:00:00.000000,31.433041,-0.03146891986998788
2022-09-21 00:00:00.000000,30.69,-0.04416679009782706
2022-09-22 00:00:00.000000,32.42,0.05707035307488159
2022-09-23 00:00:00.000000,33.66,0.0363422923130636
2022-09-24 00:00:00.000000,33.39,-0.01192563021618677
2022-09-25 00:00:00.000000,32.33,-0.027429431630747646
2022-09-26 00:00:00.000000,33.880554,0.04071700100125808
2022-09-27 00:00:00.000000,32.75013,-0.03245058523532182
2022-09-28 00:00:00.000000,33.235439,0.009988892107189055
2022-09-29 00:00:00.000000,33.95245,0.022276475773170643
2022-09-30 00:00:00.000000,33.212444,-0.022530805203676674
2022-10-01 00:00:00.000000,32.44,-0.014358841197654711
2022-10-02 00:00:00.000000,32.06,-0.01306876332260643
2022-10-03 00:00:00.000000,32.9,0.027535557974535232
2022-10-04 00:00:00.000000,34.122471,0.03545875893877871
2022-10-05 00:00:00.000000,34.073883,0.003626571068157597
2022-10-06 00:00:00.000000,33.36,-0.019036645426455223
2022-10-07 00:00:00.000000,32.99,-0.010504532093034227
2022-10-08 00:00:00.000000,32.59,-0.011134987362498855
2022-10-09 00:00:00.000000,32.93,0.009474414996294242
2022-10-10 00:00:00.000000,31.95,-0.025002366238626172
2022-10-11 00:00:00.000000,30.79,-0.03503273376724256
2022-10-12 00:00:00.000000,31.16,0.01453433752170188
2022-10-13 00:00:00.000000,30.544519,-0.02104713315751237
2022-10-14 00:00:00.000000,30.0,-0.013731991402335456
2022-10-15 00:00:00.000000,29.575348,-0.008043088637757455
2022-10-16 00:00:00.000000,30.16,0.009841678444119342
2022-10-17 00:00:00.000000,31.224876,0.041713674125461925
2022-10-18 00:00:00.000000,30.164331,-0.03262328311503327
2022-10-19 00:00:00.000000,28.900799,-0.030426864163477407
2022-10-20 00:00:00.000000,28.01,-0.024176817756988603
2022-10-21 00:00:00.000000,28.108677,0.0021788460975770176
2022-10-22 00:00:00.000000,28.013863,-0.004466580415961062
2022-10-23 00:00:00.000000,29.28,-0.0016088955505429593
2022-10-24 00:00:00.000000,28.3,-0.027320904050829143
2022-10-25 00:00:00.000000,30.88,0.07395871257546084
2022-10-26 00:00:00.000000,31.29,0.020043737962776288
2022-10-27 00:00:00.000000,30.58,-0.027186713373967497
2022-10-28 00:00:00.000000,32.07,0.0483554772124367
2022-10-29 00:00:00.000000,32.857128,0.02366192606564581
2022-10-30 00:00:00.000000,32.965931,0.005842539629650989
2022-10-31 00:00:00.000000,32.611038,-0.010735100459250578
2022-11-01 00:00:00.000000,32.2,-0.011802033642720413
2022-11-02 00:00:00.000000,30.81,-0.04147929099962337
2022-11-03 00:00:00.000000,30.84388,0.0034664657401534483
2022-11-04 00:00:00.000000,33.74,0.07976058878137365
2022-11-05 00:00:00.000000,36.765762,0.08877447495809072
2022-11-06 00:00:00.000000,32.62,-0.10378367926343374
2022-11-07 00:00:00.000000,29.601345,-0.06840743855774167
2022-11-08 00:00:00.000000,24.02,-0.04946034232403294
2022-11-09 00:00:00.000000,14.17,-0.25756650444609913
2022-11-10 00:00:00.000000,17.6,0.17712289810934018
2022-11-11 00:00:00.000000,16.35,-0.00664150314348113
2022-11-12 00:00:00.000000,14.55,-0.08236981071493057
2022-11-13 00:00:00.000000,13.164529,0.005386777579319937
2022-11-14 00:00:00.000000,13.98,0.048838490575847014
2022-11-15 00:00:00.000000,14.301294,0.05073960051840174
2022-11-16 00:00:00.000000,14.27,-0.0010322169976088125
2022-11-17 00:00:00.000000,13.638735,0.00473740774752092
2022-11-18 00:00:00.000000,13.25,-0.024229589788812508
2022-11-19 00:00:00.000000,12.82,-0.02487629477091429
2022-11-20 00:00:00.000000,12.252833,-0.024234713767336925
2022-11-21 00:00:00.000000,11.83,-0.028165243973922158
2022-11-22 00:00:00.000000,12.435625,0.04286599114882577
2022-11-23 00:00:00.000000,14.351512,0.14017582188062838
2022-11-24 00:00:00.000000,14.582351,0.022803323622756767
2022-11-25 00:00:00.000000,14.063138,-0.013811273633875793
2022-11-26 00:00:00.000000,14.17,-0.0010663622212944135
2022-11-27 00:00:00.000000,14.115767,-0.005068621991595339
2022-11-28 00:00:00.000000,13.33,-0.04917753963289566
2022-11-29 00:00:00.000000,13.34,-0.001247315062033495
2022-11-30 00:00:00.000000,14.115445,0.012477776937697629
2022-12-01 00:00:00.000000,13.480968,-0.03854909844495265
2022-12-02 00:00:00.000000,13.71564,0.016374082965391182
2022-12-03 00:00:00.000000,13.3,-0.02435970403454253
2022-12-04 00:00:00.000000,13.718219,0.02828740157841091
2022-12-05 00:00:00.000000,13.82,0.00891062608920769
2022-12-06 00:00:00.000000,14.29,0.030485421799118152
2022-12-07 00:00:00.000000,13.5,-0.033551534703235485
2022-12-08 00:00:00.000000,13.689222,0.013711709269328807
2022-12-09 00:00:00.000000,13.580188,-0.007142428578032427
2022-12-10 00:00:00.000000,13.576996,-0.0027109435706245675
2022-12-11 00:00:00.000000,13.43,-0.012146078277472898
2022-12-12 00:00:00.000000,13.32,-0.007740590622939205
2022-12-13 00:00:00.000000,13.89,0.03382204003977217
2022-12-14 00:00:00.000000,14.12,0.01254694450937247
2022-12-15 00:00:00.000000,14.04,-0.01712640356431574
2022-12-16 00:00:00.000000,12.24,-0.10257711070640035
2022-12-17 00:00:00.000000,12.51,0.015349914789171441
2022-12-18 00:00:00.000000,12.41312,-0.002887408999092376
2022-12-19 00:00:00.000000,11.932655,-0.02961455454896409
2022-12-20 00:00:00.000000,12.26,0.017765067981226373
2022-12-21 00:00:00.000000,12.14,-0.015471222746299808
2022-12-22 00:00:00.000000,11.81,-0.018674818115874726
2022-12-23 00:00:00.000000,11.786166,-0.00391016968029796
2022-12-24 00:00:00.000000,11.45,-0.0024180963948356917
2022-12-25 00:00:00.000000,11.39,-0.008591503288696626
2022-12-26 00:00:00.000000,11.33,-0.004670714013629388
2022-12-27 00:00:00.000000,11.08543,-0.0018073733217897992
2022-12-28 00:00:00.000000,9.759,-0.05647959879357327
2022-12-29 00:00:00.000000,9.651783,0.016475960317818446
2022-12-30 00:00:00.000000,9.909,0.022515296112291017
2022-12-31 00:00:00.000000,9.952,0.0014300790585856516
2023-01-01 00:00:00.000000,9.982173,0.0010711720445347906
2023-01-02 00:00:00.000000,11.272967,0.08482239349601808
2023-01-03 00:00:00.000000,13.39,0.13579660113472689
2023-01-04 00:00:00.000000,13.435113,0.02088927250587934
2023-01-05 00:00:00.000000,13.41933,0.015134347966625055
2023-01-06 00:00:00.000000,13.525842,0.012244928903810553
2023-01-07 00:00:00.000000,13.092268,-0.02011383511354624
2023-01-08 00:00:00.000000,14.319933,0.09208014719162363
2023-01-09 00:00:00.000000,16.302464,0.11699055380273007
2023-01-10 00:00:00.000000,16.196724,0.032450841697645345
2023-01-11 00:00:00.000000,16.37,0.015931482023118296
2023-01-12 00:00:00.000000,16.619043,0.03971523342746397
2023-01-13 00:00:00.000000,18.29,0.07311565617816951
2023-01-14 00:00:00.000000,24.24,0.2528929678581184
2023-01-15 00:00:00.000000,22.88,-0.05396360887824791
2023-01-16 00:00:00.000000,23.577564,0.037474442220895264
2023-01-17 00:00:00.000000,22.89,-0.02584199165459071
2023-01-18 00:00:00.000000,20.850634,-0.04084578080487221
2023-01-19 00:00:00.000000,21.4,0.02600923185329703
2023-01-20 00:00:00.000000,25.548271,0.16761387520996704
2023-01-21 00:00:00.000000,24.627838,-0.009959780420550896
2023-01-22 00:00:00.000000,24.23279,-0.008604900740928869
2023-01-23 00:00:00.000000,24.357807,0.002815416801592412
2023-01-24 00:00:00.000000,22.77,-0.061101809442793656
2023-01-25 00:00:00.000000,24.571445,0.06482434612253964
2023-01-26 00:00:00.000000,24.350697,-0.006017014561895747
2023-01-27 00:00:00.000000,24.44,0.0019071188601353184
2023-01-28 00:00:00.000000,23.981802,-0.017976469393865963
2023-01-29 00:00:00.000000,26.08,0.07148285033520924
2023-01-30 00:00:00.000000,23.97,-0.06581123404032155
2023-01-31 00:00:00.000000,23.952547,0.0007328652581030049
2023-02-01 00:00:00.000000,24.993359,0.03654887983750544
2023-02-02 00:00:00.000000,24.32,-0.026573913636813
2023-02-03 00:00:00.000000,24.68,0.010925160534249499
2023-02-04 00:00:00.000000,24.317745,-0.014470532077973055
2023-02-05 00:00:00.000000,23.49,-0.030432499763015722
2023-02-06 00:00:00.000000,22.706388,-0.02766796821845472
2023-02-07 00:00:00.000000,23.84,0.044200974018601694
2023-02-08 00:00:00.000000,23.22,-0.02439659628560401
2023-02-09 00:00:00.000000,20.47,-0.059609033465414275
2023-02-10 00:00:00.000000,20.13,-0.013506743776932818
2023-02-11 00:00:00.000000,20.82,0.029690454141006496
2023-02-12 00:00:00.000000,21.51,0.026997765905206812
2023-02-13 00:00:00.000000,20.78,-0.03063678053774377
2023-02-14 00:00:00.000000,21.85,0.04558944407130985
2023-02-15 00:00:00.000000,23.883902,0.07661863304767555
2023-02-16 00:00:00.000000,22.26,-0.05621263168123139
2023-02-17 00:00:00.000000,23.166758,0.02888935310852963
2023-02-18 00:00:00.000000,23.478592,0.010833451891589477
2023-02-19 00:00:00.000000,24.840752,0.04959152277248066
2023-02-20 00:00:00.000000,26.181387,0.0386201243677815
2023-02-21 00:00:00.000000,24.98,-0.03502159651854628
2023-02-22 00:00:00.000000,24.181349,-0.02158697112123714
2023-02-23 00:00:00.000000,23.92,-0.0056251048848552955
2023-02-24 00:00:00.000000,23.053036,-0.034050793007893224
2023-02-25 00:00:00.000000,22.4,-0.024485001695237627
2023-02-26 00:00:00.000000,23.28,0.032376609689116084
2023-02-27 00:00:00.000000,22.67,-0.02539291662115914
2023-02-28 00:00:00.000000,21.88,-0.030854895687546305
2023-03-01 00:00:00.000000,22.506432,0.02194257501367826
2023-03-02 00:00:00.000000,21.984879,-0.02139337247663634
2023-03-03 00:00:00.000000,21.399353,-0.02293601550659111
2023-03-04 00:00:00.000000,20.966839,-0.01600490291246987
2023-03-05 00:00:00.000000,20.97,-0.001689057136107588
2023-03-06 00:00:00.000000,20.62,-0.017420982996849493
2023-03-07 00:00:00.000000,20.24,-0.01593023553006398
2023-03-08 00:00:00.000000,18.421194,-0.06829701253481565
2023-03-09 00:00:00.000000,17.308147,-0.02937241337555947
2023-03-10 00:00:00.000000,18.243643,0.04421491103526181
2023-03-11 00:00:00.000000,18.225843,0.009574293070960149
2023-03-12 00:00:00.000000,20.310532,0.07832402634468934
2023-03-13 00:00:00.000000,20.47,-0.001876616111682833
2023-03-14 00:00:00.000000,20.928034,0.02792848036931205
2023-03-15 00:00:00.000000,19.290981,-0.02819817768500071
2023-03-16 00:00:00.000000,19.730543,0.015308945840321293
2023-03-17 00:00:00.000000,21.629103,0.07727956476632139
2023-03-18 00:00:00.000000,21.195902,-0.008047352823336457
2023-03-19 00:00:00.000000,21.91,0.03093723033989253
2023-03-20 00:00:00.000000,22.2,0.021928400176126538
2023-03-21 00:00:00.000000,22.61,0.010803048723586672
2023-03-22 00:00:00.000000,21.46,-0.04466530034989539
2023-03-23 00:00:00.000000,22.21,0.03083126608912144
2023-03-24 00:00:00.000000,20.68,-0.05827819140086097
2023-03-25 00:00:00.000000,20.446646,-0.008922276103638946
2023-03-26 00:00:00.000000,20.96,0.02160333721604275
2023-03-27 00:00:00.000000,19.9,-0.04396238207202151
2023-03-28 00:00:00.000000,20.45,0.026633086534056362
2023-03-29 00:00:00.000000,21.1,0.029367371551455898
2023-03-30 00:00:00.000000,20.55,-0.02625458810363974
2023-03-31 00:00:00.000000,21.170496,0.027678786100955755
2023-04-01 00:00:00.000000,20.975641,-0.005388629580616238
2023-04-02 00:00:00.000000,20.53,-0.02222473995280458
2023-04-03 00:00:00.000000,20.46,-0.00280331345545645
2023-04-04 00:00:00.000000,20.92,0.021621191085160668
2023-04-05 00:00:00.000000,20.97,0.0010897701617865385
2023-04-06 00:00:00.000000,20.62,-0.01796793083236206
2023-04-07 00:00:00.000000,20.46994,-0.0057071206127871695
2023-04-08 00:00:00.000000,20.04,-0.016513069281048388
2023-04-09 00:00:00.000000,20.3,0.014909157673337831
2023-04-10 00:00:00.000000,20.92,0.02612064828565013
2023-04-11 00:00:00.000000,23.01,0.07789471246854006
2023-04-12 00:00:00.000000,23.985306,0.04058971842144818
2023-04-13 00:00:00.000000,24.432308,0.017608079117601566
2023-04-14 00:00:00.000000,24.772722,0.0067593180087411305
2023-04-15 00:00:00.000000,24.07,-0.02528525252333183
2023-04-16 00:00:00.000000,25.361927,0.03269478693861485
2023-04-17 00:00:00.000000,24.59,-0.025069056474273238
2023-04-18 00:00:00.000000,24.85269,0.010401313536503112
2023-04-19 00:00:00.000000,22.712835,-0.07110627594671612
2023-04-20 00:00:00.000000,22.2,-0.019338202600972167
2023-04-21 00:00:00.000000,21.26,-0.035304594341649995
2023-04-22 00:00:00.000000,21.816288,0.026533544047202498
2023-04-23 00:00:00.000000,21.480139,-0.016133950279245503
2023-04-24 00:00:00.000000,21.391069,-0.0010670896871662972
2023-04-25 00:00:00.000000,21.94,0.02581215261055438
2023-04-26 00:00:00.000000,21.283012,-0.02273462831193992
2023-04-27 00:00:00.000000,22.340115,0.044419056243647795
2023-04-28 00:00:00.000000,23.366287,0.037595875702356576
2023-04-29 00:00:00.000000,23.2,-0.005468922299417697
2023-04-30 00:00:00.000000,22.73,-0.01468104480118914
2023-05-01 00:00:00.000000,21.986633,-0.02761199400016004
2023-05-02 00:00:00.000000,22.264978,0.012351946429669669
2023-05-03 00:00:00.000000,22.24,0.005227362687224687
2023-05-04 00:00:00.000000,21.74,-0.018458789959611466
2023-05-05 00:00:00.000000,22.826111,0.0397807576597009
2023-05-06 00:00:00.000000,21.97,-0.03447190286140189
2023-05-07 00:00:00.000000,21.7,-0.012114293098718263
2023-05-08 00:00:00.000000,20.69,-0.04205382878533686
2023-05-09 00:00:00.000000,20.69,0.0023384016006156995
2023-05-10 00:00:00.000000,20.94,0.012600323471782793
2023-05-11 00:00:00.000000,20.2,-0.029234320835166815
2023-05-12 00:00:00.000000,20.92,0.03290065268573252
2023-05-13 00:00:00.000000,20.868761,-0.0015800758126049885
2023-05-14 00:00:00.000000,20.953398,0.003032132108162012
2023-05-15 00:00:00.000000,21.007189,-0.0029813927624980376
2023-05-16 00:00:00.000000,20.67942,-0.015680931787148692
2023-05-17 00:00:00.000000,21.06,0.015445169232541916
2023-05-18 00:00:00.000000,20.34,-0.030835444621257313
2023-05-19 00:00:00.000000,20.35,0.0011398315389562984
2023-05-20 00:00:00.000000,20.28,-0.002047310845687094
2023-05-21 00:00:00.000000,19.609438,-0.0294453797751487
2023-05-22 00:00:00.000000,19.53,-0.0021963757624749334
2023-05-23 00:00:00.000000,20.043182,0.019654196123099602
2023-05-24 00:00:00.000000,19.223663,-0.03193319645244754
2023-05-25 00:00:00.000000,19.260662,-0.00021957252228311353
2023-05-26 00:00:00.000000,19.36,0.004389096161226272
2023-05-27 00:00:00.000000,20.44,0.044118424735463166
2023-05-28 00:00:00.000000,20.798578,0.01399607803575432
2023-05-29 00:00:00.000000,20.59,-0.010545147181547492
2023-05-30 00:00:00.000000,21.27,0.032288408703519414
2023-05-31 00:00:00.000000,20.82,-0.019006757301292605
2023-06-01 00:00:00.000000,20.51,-0.012872793520362889
2023-06-02 00:00:00.000000,21.26,0.03435404053375035
2023-06-03 00:00:00.000000,21.155565,-0.00201454149397998
2023-06-04 00:00:00.000000,21.818975,0.02592634132371427
2023-06-05 00:00:00.000000,20.02,-0.07101149254388298
2023-06-06 00:00:00.000000,20.4,0.020703888364735044
2023-06-07 00:00:00.000000,18.634283,-0.071549678073029
2023-06-08 00:00:00.000000,18.909475,0.010244228112223936
2023-06-09 00:00:00.000000,17.3797,-0.060612865815198355
2023-06-10 00:00:00.000000,15.656101,0.04369798626022583
2023-06-11 00:00:00.000000,15.558776,-0.012760696185418516
2023-06-12 00:00:00.000000,15.196708,-0.019881656569344736
2023-06-13 00:00:00.000000,15.018193,-0.007033392632614183
2023-06-14 00:00:00.000000,14.486572,-0.03248042447523194
2023-06-15 00:00:00.000000,14.77,0.020084941963654828
2023-06-16 00:00:00.000000,15.32,0.027392058324399594
2023-06-17 00:00:00.000000,15.650521,0.010622041291476205
2023-06-18 00:00:00.000000,15.438235,-0.0033929381828050765
2023-06-19 00:00:00.000000,16.1,0.03669342553023806
2023-06-20 00:00:00.000000,16.635231,0.021038113213141266
2023-06-21 00:00:00.000000,17.257046,0.02671327065862017
2023-06-22 00:00:00.000000,16.64,0.0018046117139707218
2023-06-23 00:00:00.000000,17.149534,0.016947364945277384
2023-06-24 00:00:00.000000,16.652863,-0.015137502356866122
2023-06-25 00:00:00.000000,16.97138,0.013705428372213602
2023-06-26 00:00:00.000000,16.270027,-0.03133198663412041
2023-06-27 00:00:00.000000,16.61965,0.017733621813661244
2023-06-28 00:00:00.000000,15.986843,-0.02656776288627673
2023-06-29 00:00:00.000000,17.970457,0.08705067960707182
2023-06-30 00:00:00.000000,18.897322,0.049665161654230044
2023-07-01 00:00:00.000000,18.71,-0.0035980380521604505
2023-07-02 00:00:00.000000,19.46,0.032403046496667705
2023-07-03 00:00:00.000000,19.240538,-0.015172362656004173
2023-07-04 00:00:00.000000,19.15,-0.001965125605428022
2023-07-05 00:00:00.000000,19.0,-0.004927952258607981
2023-07-06 00:00:00.000000,19.729385,0.035120302799786084
2023-07-07 00:00:00.000000,21.51,0.07771246302644128
2023-07-08 00:00:00.000000,21.859268,0.020010323859331703
2023-07-09 00:00:00.000000,21.349005,-0.019944611952770756
2023-07-10 00:00:00.000000,21.313776,0.0035775334297530616
2023-07-11 00:00:00.000000,22.07,0.03219097022400799
2023-07-12 00:00:00.000000,21.977602,0.0014020393563348344
2023-07-13 00:00:00.000000,26.025696,0.17001519037183813
2023-07-14 00:00:00.000000,26.735718,0.023592210248188757
2023-07-15 00:00:00.000000,27.391356,0.018933327289324314
2023-07-16 00:00:00.000000,27.384083,0.00236548837019368
2023-07-17 00:00:00.000000,26.83,-0.015611930332447264
2023-07-18 00:00:00.000000,25.56,-0.03503112307850682
2023-07-19 00:00:00.000000,26.31,0.018888716745066373
2023-07-20 00:00:00.000000,25.36,-0.026642729813430032
2023-07-21 00:00:00.000000,25.51,0.002526713666226269
2023-07-22 00:00:00.000000,24.52,-0.030889763907351275
2023-07-23 00:00:00.000000,24.766815,0.006812803554709371
2023-07-24 00:00:00.000000,23.381491,-0.04849350308394658
2023-07-25 00:00:00.000000,23.279322,-0.004082264100304478
2023-07-26 00:00:00.000000,25.177053,0.06667967173754338
2023-07-27 00:00:00.000000,25.1,-0.0013985994349938501
2023-07-28 00:00:00.000000,24.81,-0.00423744665585201
2023-07-29 00:00:00.000000,25.168974,0.01240982942867509
2023-07-30 00:00:00.000000,24.25,-0.03608125163581431
2023-07-31 00:00:00.000000,23.720957,-0.020662240194179
2023-08-01 00:00:00.000000,24.05,0.004748879920100152
2023-08-02 00:00:00.000000,23.145721,-0.03328208379121975
2023-08-03 00:00:00.000000,22.62,-0.021389743347767432
2023-08-04 00:00:00.000000,22.77,0.00013709981438416507
2023-08-05 00:00:00.000000,22.63,-0.01299466253446584
2023-08-06 00:00:00.000000,23.185696,0.01529016924727289
2023-08-07 00:00:00.000000,23.068756,-0.014867146678676049
2023-08-08 00:00:00.000000,24.211763,0.05152369426389361
2023-08-09 00:00:00.000000,24.37,0.005706603667017985
2023-08-10 00:00:00.000000,24.59,-0.0016425843350147962
2023-08-11 00:00:00.000000,24.61,-0.0023318881796507364
2023-08-12 00:00:00.000000,24.906731,0.010081678269497654
2023-08-13 00:00:00.000000,24.242886,-0.022278586626896725
2023-08-14 00:00:00.000000,25.17,0.027984006860490213
2023-08-15 00:00:00.000000,23.896585,-0.039260993200543874
2023-08-16 00:00:00.000000,22.811975,-0.04337056220335693
2023-08-17 00:00:00.000000,21.69,-0.04633466353554337
2023-08-18 00:00:00.000000,21.33,-0.015191397064562216
2023-08-19 00:00:00.000000,21.89,0.02627723497225449
2023-08-20 00:00:00.000000,21.773275,-0.004446947314377614
2023-08-21 00:00:00.000000,21.2,-0.026730013502826402
2023-08-22 00:00:00.000000,20.56,-0.030595940309264096
2023-08-23 00:00:00.000000,21.73,0.05186611918187403
2023-08-24 00:00:00.000000,21.05,-0.027361197104155965
2023-08-25 00:00:00.000000,20.42,-0.02878548747881264
2023-08-26 00:00:00.000000,20.28,-0.006687826854562321
2023-08-27 00:00:00.000000,20.786839,0.020397574072279233
2023-08-28 00:00:00.000000,20.5571,-0.010680406707087427
2023-08-29 00:00:00.000000,21.780764,0.05433401970600053
2023-08-30 00:00:00.000000,20.82,-0.037393832010281035
2023-08-31 00:00:00.000000,19.73,-0.031652140762287166
2023-09-01 00:00:00.000000,19.327845,-0.01548603758225802
2023-09-02 00:00:00.000000,19.49,0.005373853279953837
2023-09-03 00:00:00.000000,19.57,-0.005103614595825661
2023-09-04 00:00:00.000000,19.51,-0.0020699016658657886
2023-09-05 00:00:00.000000,20.26,0.025119428620859505
2023-09-06 00:00:00.000000,19.620029,-0.02874752524284319
2023-09-07 00:00:00.000000,19.890499,0.015381711767047081
2023-09-08 00:00:00.000000,19.599045,-0.005113472798412277
2023-09-09 00:00:00.000000,19.44,-0.005852149702150684
2023-09-10 00:00:00.000000,18.248831,-0.04886338952318345
2023-09-11 00:00:00.000000,17.72,-0.009598870022880696
2023-09-12 00:00:00.000000,17.929827,0.007812078780391385
2023-09-13 00:00:00.000000,18.403,0.018146369392830704
2023-09-14 00:00:00.000000,18.86,0.01800771847976766
2023-09-15 00:00:00.000000,19.14,0.01287423658616262
2023-09-16 00:00:00.000000,19.13,-0.006985816814394872
2023-09-17 00:00:00.000000,18.82,-0.010737572172512646
2023-09-18 00:00:00.000000,19.66,0.04007069723628506
2023-09-19 00:00:00.000000,20.04,0.01910334065648578
2023-09-20 00:00:00.000000,20.304937,0.01082912761124427
2023-09-21 00:00:00.000000,19.479071,-0.03462457741680395
2023-09-22 00:00:00.000000,19.42,-0.003247127236872219
2023-09-23 00:00:00.000000,19.473904,0.00448083704791765
2023-09-24 00:00:00.000000,19.36,-0.004967807329958627
2023-09-25 00:00:00.000000,19.39,0.0008908542641061567
2023-09-26 00:00:00.000000,19.02,-0.015901890667682737
2023-09-27 00:00:00.000000,19.12,0.004744654622478874
2023-09-28 00:00:00.000000,19.98,0.037693636212443316
2023-09-29 00:00:00.000000,20.27,0.014460460539072208
2023-09-30 00:00:00.000000,21.36,0.048469654156160204
2023-10-01 00:00:00.000000,23.86,0.08396572441345357
2023-10-02 00:00:00.000000,23.36,-0.019063657277856652
2023-10-03 00:00:00.000000,23.61,0.00827537318022181
2023-10-04 00:00:00.000000,23.14,-0.02405711225782305
2023-10-05 00:00:00.000000,22.694141,-0.017092525990385226
2023-10-06 00:00:00.000000,23.424454,0.02616533338160651
2023-10-07 00:00:00.000000,23.287302,-0.00274892049372394
2023-10-08 00:00:00.000000,23.24,-0.004259395773386853
2023-10-09 00:00:00.000000,22.118397,-0.03712891351054424
2023-10-10 00:00:00.000000,22.11,0.002096345580566339
2023-10-11 00:00:00.000000,22.01,-0.0006376618906494513
2023-10-12 00:00:00.000000,21.300268,-0.017790868759733083
2023-10-13 00:00:00.000000,21.834917,0.02319381538106577
2023-10-14 00:00:00.000000,22.011719,0.005599008601406283
2023-10-15 00:00:00.000000,21.922028,-0.0006692531055343531
2023-10-16 00:00:00.000000,23.97,0.06136714239189575
2023-10-17 00:00:00.000000,23.95,-0.0012080891578395714
2023-10-18 00:00:00.000000,23.42,-0.01627370067165721
2023-10-19 00:00:00.000000,24.94,0.06015904815863673
2023-10-20 00:00:00.000000,27.04,0.06551405025851179
2023-10-21 00:00:00.000000,29.386229,0.02359050455576552
2023-10-22 00:00:00.000000,29.036682,-0.011481944341708999
2023-10-23 00:00:00.000000,31.92,0.10061629030616207
2023-10-24 00:00:00.000000,30.151537,-0.04775508456396341
2023-10-25 00:00:00.000000,32.44,0.08643367829144129
2023-10-26 00:00:00.000000,32.77,0.011864488640208925
2023-10-27 00:00:00.000000,31.74,-0.027990102078025405
2023-10-28 00:00:00.000000,31.65,-0.00336994461316818
2023-10-29 00:00:00.000000,32.84,0.034848506419187075
2023-10-30 00:00:00.000000,34.95,0.05715986788419871
2023-10-31 00:00:00.000000,38.519516,0.08057352709579563
2023-11-01 00:00:00.000000,41.461544,0.08184436413812773
2023-11-02 00:00:00.000000,40.207569,-0.025175664024802903
2023-11-03 00:00:00.000000,39.48,-0.01906886678459422
2023-11-04 00:00:00.000000,42.44,0.066929878128375
2023-11-05 00:00:00.000000,41.2,-0.023545164989235444
2023-11-06 00:00:00.000000,42.12859,0.020206976522392592
2023-11-07 00:00:00.000000,42.95,0.014988806644692645
2023-11-08 00:00:00.000000,43.189888,0.006673312291330589
2023-11-09 00:00:00.000000,45.31,0.060270569011787456
2023-11-10 00:00:00.000000,56.72,0.18831573225661566
2023-11-11 00:00:00.000000,56.34,0.0018434163079510757
2023-11-12 00:00:00.000000,56.3,0.0026172091610618064
2023-11-13 00:00:00.000000,51.61,-0.0466762874860355
2023-11-14 00:00:00.000000,56.83,0.06780740548558002
2023-11-15 00:00:00.000000,65.5,0.10875450933272926
2023-11-16 00:00:00.000000,57.78,-0.08600498950632832
2023-11-17 00:00:00.000000,58.415936,0.008232186213263777
2023-11-18 00:00:00.000000,58.58,0.007690307684763543
2023-11-19 00:00:00.000000,61.13,0.02554902196841323
2023-11-20 00:00:00.000000,56.6,-0.05399903973662848
2023-11-21 00:00:00.000000,52.000473,-0.04044463648059443
2023-11-22 00:00:00.000000,57.588558,0.06040874303488417
2023-11-23 00:00:00.000000,56.599369,-0.0536387365814467
2023-11-24 00:00:00.000000,56.86,0.014155165460689859
2023-11-25 00:00:00.000000,58.846489,0.04088102253340817
2023-11-26 00:00:00.000000,57.57,-0.026299389505794125
2023-11-27 00:00:00.000000,55.07,-0.03861693112705347
2023-11-28 00:00:00.000000,58.21,0.05708811764270164
2023-11-29 00:00:00.000000,59.25013,0.01866580645773124
2023-11-30 00:00:00.000000,59.28,0.002588493663486152
2023-12-01 00:00:00.000000,59.78,0.005301700574409167
2023-12-02 00:00:00.000000,63.71,0.0394959775651973
2023-12-03 00:00:00.000000,63.039967,-0.005751857761429051
2023-12-04 00:00:00.000000,61.58,-0.009296422593231797
2023-12-05 00:00:00.000000,61.01,0.00196085555735938
2023-12-06 00:00:00.000000,61.902958,0.012059758029212345
2023-12-07 00:00:00.000000,67.78,0.06025420738389339
2023-12-08 00:00:00.000000,75.002434,0.0892794094730499
2023-12-09 00:00:00.000000,72.257607,-0.03382209812508263
2023-12-10 00:00:00.000000,74.705887,0.037038678342386396
2023-12-11 00:00:00.000000,70.367172,0.0346116729098543
2023-12-12 00:00:00.000000,68.54068,-0.0003679474089033996
2023-12-13 00:00:00.000000,70.767784,0.024636019731188438
2023-12-14 00:00:00.000000,75.68,0.04214829766720957
2023-12-15 00:00:00.000000,72.368988,-0.03911529283093624
2023-12-16 00:00:00.000000,73.67,0.028452507704160662
2023-12-17 00:00:00.000000,71.000519,-0.026757367163148523
2023-12-18 00:00:00.000000,74.41,0.039223341815913935
2023-12-19 00:00:00.000000,73.02,-0.019105966966537994
2023-12-20 00:00:00.000000,82.191231,0.07928116382674372
2023-12-21 00:00:00.000000,93.89,0.11524780136856354
2023-12-22 00:00:00.000000,98.003693,0.0639704389252865
2023-12-23 00:00:00.000000,107.594231,0.05734244921468767
2023-12-24 00:00:00.000000,112.485214,0.04488516301680341
2023-12-25 00:00:00.000000,120.95,0.06252451142501907
2023-12-26 00:00:00.000000,112.48,-0.055087589429351616
2023-12-27 00:00:00.000000,107.023796,-0.03325870988895654
2023-12-28 00:00:00.000000,102.104568,-0.037420372795297835
2023-12-29 00:00:00.000000,106.19,0.03466003658841947
2023-12-30 00:00:00.000000,101.845085,-0.03864910080730978
2023-12-31 00:00:00.000000,101.73,-0.0004376706657383378
2024-01-01 00:00:00.000000,109.508682,0.06499502670638979
2024-01-02 00:00:00.000000,106.611221,-0.01532971441423239
2024-01-03 00:00:00.000000,98.594437,-0.04455058625497024
2024-01-04 00:00:00.000000,105.077538,0.05747783542537421
2024-01-05 00:00:00.000000,99.97879,-0.043512824128314566
2024-01-06 00:00:00.000000,93.857719,-0.058243943360865386
2024-01-07 00:00:00.000000,89.276344,-0.044014600061400844
2024-01-08 00:00:00.000000,97.790443,0.100897195299376
2024-01-09 00:00:00.000000,99.409187,0.019752957890355125
2024-01-10 00:00:00.000000,102.03302,0.025830479296408616
2024-01-11 00:00:00.000000,99.909439,-0.018470810790838822
2024-01-12 00:00:00.000000,91.720909,-0.07179309326088947
2024-01-13 00:00:00.000000,95.730049,0.03855735507418139
2024-01-14 00:00:00.000000,94.133141,-0.014828011686869442
2024-01-15 00:00:00.000000,94.490227,-0.0055710972434793345
2024-01-16 00:00:00.000000,97.626915,0.03445422241750626
2024-01-17 00:00:00.000000,102.063599,0.04226953036434959
2024-01-18 00:00:00.000000,94.250954,-0.06863908739697641
2024-01-19 00:00:00.000000,93.386169,-0.016652551704527733
2024-01-20 00:00:00.000000,92.569839,-0.012250222610486259
2024-01-21 00:00:00.000000,90.848434,-0.0183880383233931
2024-01-22 00:00:00.000000,83.62281,-0.0711987109281285
2024-01-23 00:00:00.000000,84.274506,0.007820706936949877
2024-01-24 00:00:00.000000,88.73201,0.05518476089479499
2024-01-25 00:00:00.000000,86.889214,-0.010991696993019712
2024-01-26 00:00:00.000000,92.442368,0.037143644205111306
2024-01-27 00:00:00.000000,94.163216,0.010585333759116727
2024-01-28 00:00:00.000000,95.937981,0.027715783114869302
2024-01-29 00:00:00.000000,101.566666,0.05192464828422414
2024-01-30 00:00:00.000000,101.472977,-0.00139559647811751
2024-01-31 00:00:00.000000,97.028709,-0.03741092939588086
2024-02-01 00:00:00.000000,97.846695,0.013030847242506931
2024-02-02 00:00:00.000000,100.440521,0.026248662401915066
2024-02-03 00:00:00.000000,97.879982,-0.022297487827610752
2024-02-04 00:00:00.000000,95.476959,-0.01725282288036374
2024-02-05 00:00:00.000000,95.54866,-0.00041547309990395465
2024-02-06 00:00:00.000000,96.861076,0.016297971030065254
2024-02-07 00:00:00.000000,100.979279,0.032111541752851615
2024-02-08 00:00:00.000000,102.785637,0.02257632011838374
2024-02-09 00:00:00.000000,106.933334,0.03510575049717241
2024-02-10 00:00:00.000000,109.13147,0.01683756442017481
2024-02-11 00:00:00.000000,107.495285,-0.012318733313026665
2024-02-12 00:00:00.000000,111.992752,0.0341874243567313
2024-02-13 00:00:00.000000,112.579308,0.011652774885257186
2024-02-14 00:00:00.000000,116.976326,0.03418522676672784
2024-02-15 00:00:00.000000,113.699409,-0.017737654561527615
2024-02-16 00:00:00.000000,110.445915,-0.020864179089159097
2024-02-17 00:00:00.000000,108.984016,-0.0069648486939763695
2024-02-18 00:00:00.000000,112.174675,0.023440935211770323
2024-02-19 00:00:00.000000,111.485329,-0.0011023852802411738
2024-02-20 00:00:00.000000,108.459641,-0.01383071855420628
2024-02-21 00:00:00.000000,105.125221,-0.022570543036970658
2024-02-22 00:00:00.000000,101.669792,-0.030230869483557906
2024-02-23 00:00:00.000000,99.954697,-0.016839802575443485
2024-02-24 00:00:00.000000,104.133522,0.03433181843049982
2024-02-25 00:00:00.000000,103.453491,0.0013102010149593256
2024-02-26 00:00:00.000000,109.918533,0.05361628013612324
2024-02-27 00:00:00.000000,108.388084,-0.008167959465505676
2024-02-28 00:00:00.000000,118.0522,0.07275910376964319
2024-02-29 00:00:00.000000,125.711517,0.050392498003104184
2024-03-01 00:00:00.000000,129.990402,0.016035183839614518
2024-03-02 00:00:00.000000,129.70018,0.005816525558948115
2024-03-03 00:00:00.000000,130.450867,0.008592382696899062
2024-03-04 00:00:00.000000,133.19458,0.017149195819346565
2024-03-05 00:00:00.000000,125.706711,-0.02918275153209193
2024-03-06 00:00:00.000000,130.74202,0.03236236773234721
2024-03-07 00:00:00.000000,143.977859,0.0846844586763283
2024-03-08 00:00:00.000000,145.240036,0.010181801068688587
2024-03-09 00:00:00.000000,144.607254,-0.0026756317886903525
2024-03-10 00:00:00.000000,144.515182,0.0011553843217624049
2024-03-11 00:00:00.000000,148.750961,0.026060100671964914
2024-03-12 00:00:00.000000,151.015442,0.014903836961171599
2024-03-13 00:00:00.000000,163.839813,0.04954191788147694
2024-03-14 00:00:00.000000,176.679749,0.044284438374435006
2024-03-15 00:00:00.000000,182.964691,0.0405664053504789
2024-03-16 00:00:00.000000,181.880341,0.0009907196879338153
2024-03-17 00:00:00.000000,202.123566,0.07731926154410307
2024-03-18 00:00:00.000000,195.992752,-0.029003678641643094
2024-03-19 00:00:00.000000,170.016281,-0.09179342928353793
2024-03-20 00:00:00.000000,191.549622,0.09526286372130094
2024-03-21 00:00:00.000000,179.220749,-0.0334848736657722
2024-03-22 00:00:00.000000,174.363708,-0.0266992559032919
2024-03-23 00:00:00.000000,172.902252,-0.008224868643853458
2024-03-24 00:00:00.000000,183.573456,0.052651099166711714
2024-03-25 00:00:00.000000,189.083542,0.033025587485847344
2024-03-26 00:00:00.000000,190.69986,0.010103925315389416
2024-03-27 00:00:00.000000,186.361465,-0.013199932973688287
2024-03-28 00:00:00.000000,189.621628,0.016955350943786
2024-03-29 00:00:00.000000,192.227951,0.01204961952484284
2024-03-30 00:00:00.000000,194.385544,0.009834127874875169
2024-03-31 00:00:00.000000,202.87413,0.04094103463837065
2024-04-01 00:00:00.000000,192.567825,-0.04646862609480623
2024-04-02 00:00:00.000000,181.172256,-0.04719446991268796
2024-04-03 00:00:00.000000,185.248611,0.017446204957684973
2024-04-04 00:00:00.000000,183.958115,0.008541132836576131
2024-04-05 00:00:00.000000,174.501511,-0.035127902963217515
2024-04-06 00:00:00.000000,178.915344,0.012357569710831615
2024-04-07 00:00:00.000000,179.649857,0.0030355123400794106
2024-04-08 00:00:00.000000,180.784775,0.0026278929776285933
2024-04-09 00:00:00.000000,172.41362,-0.04106385287828311
2024-04-10 00:00:00.000000,173.437363,-1.0766253087625134e-05
2024-04-11 00:00:00.000000,172.57637,-0.007608009654373454
2024-04-12 00:00:00.000000,153.635468,-0.09574903498903721
2024-04-13 00:00:00.000000,139.34169,-0.06641728779770195
2024-04-14 00:00:00.000000,151.284943,0.06861674122135467
2024-04-15 00:00:00.000000,138.508621,-0.0700692819497482
2024-04-16 00:00:00.000000,136.279327,-0.011427866500415006
2024-04-17 00:00:00.000000,131.86618,-0.025909449708716385
2024-04-18 00:00:00.000000,142.082397,0.06216925509858326
2024-04-19 00:00:00.000000,142.680496,0.009199921319803192
2024-04-20 00:00:00.000000,151.13356,0.047974606328454836
2024-04-21 00:00:00.000000,148.609314,-0.021598716163550035
2024-04-22 00:00:00.000000,157.031219,0.04531080592266963
2024-04-23 00:00:00.000000,154.701309,-0.014572799026611443
2024-04-24 00:00:00.000000,147.745148,-0.04771660766293403
2024-04-25 00:00:00.000000,144.89212,-0.007465292384790865
2024-04-26 00:00:00.000000,139.10434,-0.02863392844062428
2024-04-27 00:00:00.000000,141.289169,0.014654701403052276
2024-04-28 00:00:00.000000,137.856415,-0.025513745617636974
2024-04-29 00:00:00.000000,137.776657,-0.0019625552985992477
2024-04-30 00:00:00.000000,126.962708,-0.05587824062128874
2024-05-01 00:00:00.000000,134.627975,0.04838103756886438
2024-05-02 00:00:00.000000,137.814484,0.016983992872168764
2024-05-03 00:00:00.000000,143.772552,0.03371624705719224
2024-05-04 00:00:00.000000,146.135056,0.009647718166166396
2024-05-05 00:00:00.000000,145.713028,-0.0026712208197015607
2024-05-06 00:00:00.000000,152.802399,0.052655465556006156
2024-05-07 00:00:00.000000,148.134323,-0.029175322214713015
2024-05-08 00:00:00.000000,142.294739,-0.03319342453034037
2024-05-09 00:00:00.000000,152.849945,0.06051556741787186
2024-05-10 00:00:00.000000,146.216904,-0.04294574089684623
2024-05-11 00:00:00.000000,145.314377,-0.002788559017615336
2024-05-12 00:00:00.000000,143.520813,0.002977188856481092
2024-05-13 00:00:00.000000,147.282333,0.024017923195316336
2024-05-14 00:00:00.000000,142.030396,-0.02833355176640042
2024-05-15 00:00:00.000000,158.186829,0.08862232683247598
2024-05-16 00:00:00.000000,159.116455,0.0037268741160641694
2024-05-17 00:00:00.000000,169.530548,0.05391708537208645
2024-05-18 00:00:00.000000,172.539139,0.014359090620273247
2024-05-19 00:00:00.000000,170.091354,-0.009474088165240372
2024-05-20 00:00:00.000000,186.520493,0.035645480623582596
2024-05-21 00:00:00.000000,178.11615,-0.038930760496716704
2024-05-22 00:00:00.000000,176.860779,-0.00733243122476539
2024-05-23 00:00:00.000000,175.985779,-0.007308163358567214
2024-05-24 00:00:00.000000,167.796921,-0.04099908700303571
2024-05-25 00:00:00.000000,168.437637,0.001287688848939653
2024-05-26 00:00:00.000000,163.350906,-0.019230841068479033
2024-05-27 00:00:00.000000,169.99614,0.03388911038928208
2024-05-28 00:00:00.000000,168.650848,-0.008933551827853081
2024-05-29 00:00:00.000000,168.072678,-0.006615735811858054
2024-05-30 00:00:00.000000,166.976532,-0.007635053593306784
2024-05-31 00:00:00.000000,165.637711,-0.005663773893186912
2024-06-01 00:00:00.000000,166.03067,-0.0017197263297358256
2024-06-02 00:00:00.000000,163.249908,-0.011878699045522682
2024-06-03 00:00:00.000000,164.923462,0.005094274277406551
2024-06-04 00:00:00.000000,171.801926,0.03587164530980196
2024-06-05 00:00:00.000000,173.48291,0.007500720664216016
2024-06-06 00:00:00.000000,170.01622,-0.02122548866130601
2024-06-07 00:00:00.000000,162.50705,-0.032435072712213985
2024-06-08 00:00:00.000000,157.968903,-0.027097803418694943
2024-06-09 00:00:00.000000,162.083603,-0.001581270018989993
2024-06-10 00:00:00.000000,158.928024,-0.01546225147760873
2024-06-11 00:00:00.000000,149.428986,-0.04994441463962576
2024-06-12 00:00:00.000000,155.177567,0.029669349820961585
2024-06-13 00:00:00.000000,147.314423,-0.044130163122799486
2024-06-14 00:00:00.000000,143.094437,-0.026723314028684334
2024-06-15 00:00:00.000000,145.412216,0.010483174228071393
2024-06-16 00:00:00.000000,151.125504,0.037532577561737133
2024-06-17 00:00:00.000000,143.334274,-0.04862144388380967
2024-06-18 00:00:00.000000,137.503998,-0.03392680432203627
2024-06-19 00:00:00.000000,135.609604,-0.010292975302463283
2024-06-20 00:00:00.000000,133.472961,-0.01175174496094824
2024-06-21 00:00:00.000000,134.588303,0.009211034082692695
2024-06-22 00:00:00.000000,133.670242,-0.0021884545863546066
2024-06-23 00:00:00.000000,128.590424,-0.02535657509807618
2024-06-24 00:00:00.000000,132.241394,0.027202406560574276
2024-06-25 00:00:00.000000,136.559204,0.026059892778145372
2024-06-26 00:00:00.000000,136.609146,0.0012748155812992723
2024-06-27 00:00:00.000000,149.44838,0.04923916640040359
2024-06-28 00:00:00.000000,139.7034,-0.057713676618333425
2024-06-29 00:00:00.000000,140.010147,-0.002560679894633011
2024-06-30 00:00:00.000000,146.492493,0.0372823524652956
2024-07-13 21:12:58.213525,139.485,-0.03269061608255272
